ward_code,ward_name,total_ward_pop,imd_score,income_score,employment_score,education_score,health_score,crime_score,housing_services_score,living_env_score,wider_det_score
E05000932,Ainsdale,8,20134.75,20852.75,15490.25,18796.625,14433.5,17785.125,23935.875,26618.375,25277.12
E05000933,Birkdale,9,19097.56,18727.88888888889,16202.555555555555,20087.666666666668,14230.222222222223,21629.222222222223,25567.222222222223,12491.888888888889,19029.56
E05000934,Blundellsands,8,26212.38,26796.625,23372.125,27686.125,18717.125,25557.375,30703.5,13091.375,21897.44
E05000935,Cambridge,8,12395.25,14368.625,8959.5,14095.375,6703.375,18149.75,22831.875,15881.5,19356.69
E05000936,Church,8,8812.62,11146.125,6964.875,13332.25,6056.875,9392.875,31239.375,5977.25,18608.31
E05000937,Derby,9,3469,5182.444444444444,3417.3333333333335,4797.444444444444,1622.2222222222222,6343,31675.11111111111,4695.777777777777,18185.44
E05000938,Duke's,10,11354.6,14294.8,9813,12299.4,6970.6,12720.3,23763.5,8112.5,15938
E05000939,Ford,10,7593.9,7936.6,5894.6,7938.8,4341.5,10250.5,30304.3,17310.1,23807.2
E05000940,Harington,9,29341.78,29974.777777777777,24440.333333333332,28188.444444444445,21006,25434.88888888889,27086.333333333332,27754.444444444445,27420.39
E05000941,Kew,8,12464.5,11626.625,11350,15314.125,8137.125,16192.875,24272.25,11443.25,17857.75
E05000942,Linacre,9,511.56,1056.2222222222222,465.1111111111111,1064.3333333333333,320.3333333333333,2405.222222222222,27283.222222222223,7322.222222222223,17302.72
E05000943,Litherland,7,8665.29,9076.42857142857,6731,9014,5237.142857142857,12034.42857142857,30690.571428571428,9938.285714285714,20314.43
E05000944,Manor,9,16780.44,17644.11111111111,13235.333333333334,17290.222222222223,11672.666666666666,20291.666666666668,24391.88888888889,20591.88888888889,22491.89
E05000945,Meols,9,22122.67,22172.333333333332,18273.444444444445,21209.222222222223,13425,26253.777777777777,21520,20760.444444444445,21140.22
E05000946,Molyneux,8,19472.38,21688.625,15403,17092.625,12313.125,22304.125,25051.25,15543.875,20297.56
E05000947,Netherton and Orrell,8,9057.25,9433.625,6968,8095.875,4966.75,13851.125,30442.375,16354,23398.19
E05000948,Norwood,10,13347.2,13118.8,11975.5,15692.4,9827.4,18845.3,26309.9,7671.6,16990.75
E05000949,Park,9,26124.22,26214.11111111111,22002,23233.222222222223,16225.555555555555,27318.777777777777,26707.444444444445,22035.222222222223,24371.33
E05000950,Ravenmeols,8,23654,21330,17792.125,22131.875,16847.375,25309.75,27515.125,22874.875,25195
E05000951,St Oswald,9,6372.78,6835.888888888889,4391.222222222223,5895,3856.4444444444443,9596.222222222223,26541.444444444445,21339.88888888889,23940.67
E05000952,Sudell,9,22198,22201.444444444445,17960.11111111111,19356.555555555555,14728.777777777777,22811.444444444445,29714.222222222223,19503.555555555555,24608.89
E05000953,Victoria,9,21806.44,22680.11111111111,20863,26215.444444444445,15846.222222222223,21326.11111111111,32923,6621.888888888889,19772.44
E05000954,Bebington,10,21471.6,22036.3,18333.2,25778.9,12729.7,19990.4,33388.3,12913.5,23150.9
E05000955,Bidston and St James,10,3584.7,3938.4,2836,4250.2,1661.3,5657.7,30443.4,16617.4,23530.4
E05000956,Birkenhead and Tranmere,11,1089.45,1752.4545454545455,1062.1818181818182,2719.7272727272725,737,2803.6363636363635,33217.27272727273,4016.3636363636365,18616.82
E05000957,Bromborough,10,13620.7,14083.7,12179.5,14344.3,7452.5,14170,32417,12428.1,22422.55
E05000958,Clatterbridge,10,26472.3,27545.3,23389.5,29234.7,15552.9,30664,26675.5,21727.7,24201.6
E05000959,Claughton,9,9993.89,11606,8085.222222222223,13012.111111111111,5044.777777777777,11017.777777777777,32349.777777777777,10535.111111111111,21442.44
E05000960,Eastham,9,21721.44,20927.555555555555,17691.777777777777,22546.11111111111,12177.222222222223,22785.444444444445,29489.11111111111,21912.222222222223,25700.67
E05000961,"Greasby, Frankby and Irby",10,28855.9,28380.4,23439.7,30114.9,18018.6,29319.5,27425.2,24214.4,25819.8
E05000962,Heswall,9,30749.78,30276,28263,31550.11111111111,23707.11111111111,29656.555555555555,22327.777777777777,26099.777777777777,24213.78
E05000963,Hoylake and Meols,8,23275.25,25493.875,20159.75,28931.5,15336.25,21907.875,27720.75,12103.125,19911.94
E05000964,Leasowe and Moreton East,9,8556,8388,6315.888888888889,8116.888888888889,4443.777777777777,12739.444444444445,29627.555555555555,21684.444444444445,25656
E05000965,Liscard,10,7469.1,10397.1,6770.9,9793.4,4035.4,11484.8,33509.2,3286.4,18397.8
E05000966,Moreton West and Saughall Massie,9,16860.56,16547.444444444445,13073.666666666666,15503.222222222223,9150.666666666666,21980,27768.222222222223,22510.666666666668,25139.44
E05000967,New Brighton,10,9216,12867.6,8651.3,15000,4974.1,13460.7,33234.1,2295.4,17764.75
E05000968,Oxton,9,19422,20260.333333333332,15329.222222222223,23737.444444444445,9718.888888888889,19221.333333333332,33341.444444444445,14828.888888888889,24085.17
E05000969,Pensby and Thingwall,8,23141.5,21803.375,17386.875,25697.625,13225.875,26278.875,24491.875,24242.625,24367.25
E05000970,Prenton,9,16224.33,17138.11111111111,13207.777777777777,19263.222222222223,7814.444444444444,20429.11111111111,33053.22222222222,13182.888888888889,23118.06
E05000971,Rock Ferry,9,3302,4450.111111111111,3111.8888888888887,5473.333333333333,1060,6322,33252.666666666664,7403.222222222223,20327.94
E05000972,Seacombe,10,1714.1,2963.6,1573.2,2877.8,1057,5283.8,32915.8,4553.9,18734.85
E05000973,Upton,11,12433.45,11958.727272727272,9477.545454545454,13736.272727272728,6164.636363636364,15026,30529.272727272728,23109.636363636364,26819.45
E05000974,Wallasey,10,20316.8,22481.9,18026.5,24238,13173.8,22787.6,33528.3,5647.6,19587.95
E05000975,West Kirby and Thurstaston,9,27065.33,26647.11111111111,24114.666666666668,28564,18668,27650.444444444445,27084.444444444445,21968.11111111111,24526.28
E05000976,Central,7,8643,11598.714285714286,8503.285714285714,8584.714285714286,4595.285714285715,5501.714285714285,31119.85714285714,10748.142857142857,20934
E05000977,Cudworth,7,8888.29,11155.142857142857,8958.42857142857,6686.571428571428,4856.285714285715,10606.42857142857,15035.42857142857,17914.285714285714,16474.86
E05000978,Darfield,7,8883.57,11079.142857142857,7762.285714285715,7761.142857142857,4697,9400.42857142857,21636.85714285714,17443.285714285714,19540.07
E05000979,Darton East,7,18634.86,20403.428571428572,16658.85714285714,18468.428571428572,9423,17734.14285714286,22113.285714285714,21971.285714285714,22042.29
E05000980,Darton West,6,20240.67,19609.833333333332,17492.5,19072.666666666668,10764.833333333334,21555.333333333332,21786.833333333332,25217,23501.92
E05000981,Dearne North,8,3343.38,5940.75,3237.625,1787.375,1916,3481.625,21531,21287.75,21409.38
E05000982,Dearne South,7,6471,8064.428571428572,5432.714285714285,4505.142857142857,3503.5714285714284,8695.714285714286,21470.714285714286,21996.85714285714,21733.79
E05000983,Dodworth,7,19636.71,19875.85714285714,16855.85714285714,18283.14285714286,11351.142857142857,19649.714285714286,21183.285714285714,24352.14285714286,22767.71
E05000984,Hoyland Milton,7,12564.86,13742.285714285714,10708.714285714286,12525.857142857143,6292.714285714285,12389.57142857143,24972.571428571428,19757.714285714286,22365.14
E05000985,Kingstone,6,6194.5,8230.5,6921.333333333333,8428,4060.5,3956.1666666666665,30324.833333333332,7186.833333333333,18755.83
E05000986,Monk Bretton,7,8408.29,10204,6879.285714285715,6412,4062.1428571428573,7848.714285714285,21716,26913.14285714286,24314.57
E05000987,North East,8,6646,10008.875,6983.625,5315.125,3140.625,7915.875,9249.75,22338.25,15794
E05000988,Old Town,7,12001.14,13995.57142857143,10904.42857142857,14970.714285714286,5758.428571428572,10915,31424.428571428572,14383,22903.71
E05000990,Penistone West,7,21846.14,20901.85714285714,20642.14285714286,23475.428571428572,14522.714285714286,24152,15800.57142857143,22407.285714285714,19103.93
E05000991,Rockingham,7,10576.14,12013,9694.42857142857,10888.857142857143,6032.285714285715,8540.857142857143,26818.714285714286,16133.285714285714,21476
E05000992,Royston,7,11775,12635.285714285714,10041,10580.285714285714,6431.142857142857,9655.857142857143,23793.571428571428,23408.285714285714,23600.93
E05000993,St Helens,7,3994.86,4646.714285714285,3411,3010.4285714285716,1489.2857142857142,6157.857142857143,25483.285714285714,28128.85714285714,26806.07
E05000994,Stairfoot,8,8506.75,10092.25,7248.25,7765,4901.25,7033.375,25856.375,24502.875,25179.62
E05000995,Wombwell,7,8706.57,10159.142857142857,7527.714285714285,6731.428571428572,5283.571428571428,9625.57142857143,24614.285714285714,20363.428571428572,22488.86
E05000996,Worsbrough,6,6706.17,8595.5,5382.333333333333,7307.166666666667,2819.5,6354.833333333333,28942.666666666668,17885,23413.83
E05001067,Birtley,5,11635.2,12111.2,9490.6,11053,6492.6,14370.8,28653.8,16795.2,22724.5
E05001068,Blaydon,7,12099.86,11741.142857142857,10003.57142857143,13651.285714285714,8457.857142857143,9701.42857142857,26554.14285714286,18200,22377.07
E05001069,Bridges,7,6642.43,9843.142857142857,9356.57142857143,10360.142857142857,2212.285714285714,3024.285714285714,23895,8566.857142857143,16230.93
E05001071,Chowdene,6,14707.33,15941.666666666666,12587.833333333334,15771.333333333334,7534.666666666667,12192.5,30316.833333333332,19373,24844.92
E05001072,Crawcrook and Greenside,5,19030,21018.4,17252.8,22676.8,14970,19503.6,10016.8,16839.8,13428.3
E05001073,Deckham,6,6818.83,6768.666666666667,6188,7829.666666666667,4446.166666666667,7482.666666666667,26283.5,15422.833333333334,20853.17
E05001074,Dunston and Teams,5,8201.2,8982.2,6331.4,9688.2,5020.2,11650.8,28104.2,14905.8,21505
E05001075,Dunston Hill and Whickham East,6,20173.17,19603.333333333332,15508,20620.166666666668,13604.333333333334,19212.166666666668,31119.166666666668,21029.833333333332,26074.5
E05001076,Felling,5,3626.2,3416.2,2435.6,5010.6,2860.8,5789,21478.4,12743.8,17111.1
E05001077,High Fell,6,4351,4761.166666666667,3639.8333333333335,4209.166666666667,2986.1666666666665,4857.5,29810.333333333332,19786.166666666668,24798.25
E05001078,Lamesley,5,11932.6,11904,10248.8,11894.8,8337.6,11052.2,24765.8,18609.4,21687.6
E05001079,Lobley Hill and Bensham,5,11115.6,11822.4,10263.8,9923.8,7054.8,11968.2,25949.2,14109.4,20029.3
E05001080,Low Fell,6,25122.5,27737.666666666668,25337,30472.166666666668,17105,19207.5,33361.833333333336,8442.333333333334,20902.08
E05001081,Pelaw and Heworth,5,12278.2,12023.4,10240.8,14272.4,7379,11035.8,31864.2,15029,23446.6
E05001082,"Ryton, Crookhill and Stella",6,19436.33,19301.666666666668,15940.833333333334,21870.666666666668,14937.333333333334,18730.666666666668,18021.833333333332,20071.833333333332,19046.83
E05001083,Saltwell,6,5991.5,6258.333333333333,6718.833333333333,7844.5,5109,4574.666666666667,27647,5127.5,16387.25
E05001084,Wardley and Leam Lane,6,14595.33,14056.833333333334,11229.333333333334,14878.5,9181.333333333334,14387.5,29243.833333333332,20473.5,24858.67
E05001085,Whickham North,4,14517.5,15026.75,11327.75,16370.5,7412.5,15800.75,29118,17380.75,23249.38
E05001086,Whickham South and Sunniside,7,26726.71,26327.85714285714,24437.14285714286,28219.571428571428,18785.428571428572,25900.428571428572,20519.85714285714,26698.285714285714,23609.07
E05001087,Windy Nook and Whitehills,7,8853.57,9524,7143,7876.285714285715,4203.285714285715,10241.42857142857,29004.85714285714,20169,24586.93
E05001088,Winlaton and High Spen,5,17929.8,19487,14116.2,19406.2,11790.6,22679.6,16615,19313.4,17964.2
E05001135,Beacon and Bents,5,4098.2,5410.8,3550,10743.2,3213,3000.8,25369.8,8037.4,16703.6
E05001136,Bede,4,3953.75,3918.5,2256.5,7576.5,1513.25,6808.75,28067,21831,24949
E05001137,Biddick and All Saints,6,3649.83,3694.8333333333335,2005.3333333333333,7882.833333333333,2279.6666666666665,4032,22935.833333333332,21509.5,22222.67
E05001138,Boldon Colliery,6,15167.5,14507.166666666666,11455.833333333334,17132.166666666668,9008.833333333334,16075.833333333334,26898.666666666668,19818.833333333332,23358.75
E05001139,Cleadon and East Boldon,6,31168.67,31949.833333333332,29090.5,31870.666666666668,24535.833333333332,27652.666666666668,24141.666666666668,20030.166666666668,22085.92
E05001140,Cleadon Park,5,8341.6,7957,5460.2,11217.6,4110.4,10410.6,28259.4,23436.6,25848
E05001141,Fellgate and Hedworth,6,10465.83,11536.166666666666,8377.166666666666,12457.5,5144.5,10359,26374,18427.166666666668,22400.58
E05001142,Harton,6,11285.33,11666.5,8326.333333333334,14029.333333333334,6434.666666666667,12488.333333333334,31065.5,18836.333333333332,24950.92
E05001143,Hebburn North,5,10809.2,10763.4,8303.8,14859.2,4971.4,10586,30289.4,19756.4,25022.9
E05001144,Hebburn South,6,14942.17,13918.333333333334,12390.5,16644.166666666668,7985,12378.166666666666,31608.166666666668,22559.166666666668,27083.67
E05001145,Horsley Hill,6,14162.83,15566.833333333334,9986.5,18664.5,8218.5,13615,28977.166666666668,18479,23728.08
E05001146,Monkton,5,9730.6,10066.6,8812.2,14404.4,3521.6,11430,31111.2,16105,23608.1
E05001147,Primrose,7,5791.43,6977.142857142857,4369.142857142857,9667.714285714286,2804.5714285714284,7021.714285714285,30793,13467.714285714286,22130.36
E05001148,Simonside and Rekendyke,7,3325.57,3975.5714285714284,2037.142857142857,7981,1778.7142857142858,3564.8571428571427,23602.14285714286,14500.42857142857,19051.29
E05001149,Westoe,6,17035.33,18974.333333333332,14615.166666666666,22990.666666666668,10616.333333333334,16558.166666666668,31752.666666666668,8306.166666666666,20029.42
E05001150,West Park,6,9743.5,12737.5,8141.833333333333,15419.333333333334,5746,7731.333333333333,31093.833333333332,5720.5,18407.17
E05001151,Whitburn and Marsden,5,12489,12069.2,8850.4,15969.8,8038,17142.6,17575.2,22686.2,20130.7
E05001152,Whiteleas,6,8754.83,9173.166666666666,6562.833333333333,10315,4341,8874.333333333334,26808.666666666668,22419,24613.83
E05001153,Barnes,7,13968.71,15874.57142857143,13689,17305.428571428572,9701,15307,29656.285714285714,8144.428571428572,18900.36
E05001154,Castle,8,6026.5,6688.125,4801.75,5953,2687.625,8854.625,22680.125,19364.25,21022.19
E05001155,Copt Hill,8,10212.62,11378.125,8020.75,12963.625,4997.25,8824.25,25124.75,20065.125,22594.94
E05001156,Doxford,7,16680.14,16895,13246.142857142857,16481.571428571428,8938.42857142857,18121,20166.285714285714,26719,23442.64
E05001157,Fulwell,7,25777.71,29050.714285714286,24508.85714285714,26582.428571428572,17528.285714285714,21297.14285714286,30664.85714285714,11814.42857142857,21239.64
E05001158,Hendon,8,1573.5,3175.875,1466.75,3894,1211.25,1292.625,17350.5,7572.125,12461.31
E05001159,Hetton,7,8002.86,9342.857142857143,5492,10810.857142857143,4752.428571428572,8707.42857142857,20396.428571428572,19660.14285714286,20028.29
E05001160,Houghton,9,14019.56,15022.555555555555,11798.666666666666,15270.444444444445,6778.444444444444,13625.555555555555,23320.11111111111,22197.666666666668,22758.89
E05001161,Millfield,7,5896.43,8972.42857142857,7319.714285714285,10340.142857142857,3953.714285714286,4811.857142857143,23294.428571428572,1727,12510.71
E05001162,Pallion,8,5340.5,7299.375,4809.5,6534.5,2900.375,7575.125,28565.75,12936.5,20751.12
E05001163,Redhill,8,2992.75,3641.375,2306.625,3021.25,1125.875,5098.75,21487.875,24639.75,23063.81
E05001164,Ryhope,7,10144,11711.285714285714,7945.857142857143,11380.42857142857,5572.571428571428,10114.857142857143,25182.85714285714,19007.714285714286,22095.29
E05001165,St Anne's,6,5131.5,5761,3496.1666666666665,5477.166666666667,2918.6666666666665,7201.833333333333,27023.333333333332,20414.666666666668,23719
E05001166,St Chad's,7,12939.43,14007.857142857143,10409,13135.714285714286,7402,14796.42857142857,25079.714285714286,20512.85714285714,22796.29
E05001167,St Michael's,6,18931.17,21616.166666666668,16066.5,23916.333333333332,11180,16088,29155.666666666668,15112.833333333334,22134.25
E05001168,St Peter's,8,14356.25,19447.25,13416.5,19516.125,7823.25,12401.5,31011,5916.5,18463.75
E05001169,Sandhill,7,5361.14,6553.857142857143,3704.1428571428573,5747.714285714285,2899.714285714286,6634.142857142857,24368.714285714286,21421.571428571428,22895.14
E05001170,Shiney Row,7,12399,13665.57142857143,11064.857142857143,11605.142857142857,6612.285714285715,12771.42857142857,20520.571428571428,19798,20159.29
E05001171,Silksworth,7,8917.29,10084.714285714286,7359.428571428572,8264.285714285714,4953.285714285715,9921.285714285714,23341.428571428572,16926.428571428572,20133.93
E05001172,Southwick,6,3498.5,4925.833333333333,3078.3333333333335,5141.333333333333,1691.3333333333333,6339.333333333333,26358.833333333332,12329.333333333334,19344.08
E05001173,Washington Central,8,13457.25,14962.75,11082.875,12843.875,6092.75,14433.375,27395.75,20841.625,24118.69
E05001174,Washington East,9,17473.44,17851.444444444445,15744.333333333334,16447.777777777777,9630.888888888889,19490.333333333332,18204.666666666668,24788.444444444445,21496.56
E05001175,Washington North,8,5934.75,6770,3923.75,5996,2766,12267,22995.875,20492,21743.94
E05001176,Washington South,7,18406,18388.571428571428,15684.857142857143,17990.428571428572,8850,20665.285714285714,20605.428571428572,27936.285714285714,24270.86
E05001177,Washington West,8,14845,15337,12072.625,13516.875,7076.75,17707.875,28088.5,21565.625,24827.06
E05001218,Bablake,11,18833.64,18496.81818181818,18455.81818181818,17956.636363636364,13965.818181818182,18158.727272727272,21609.363636363636,16138.727272727272,18874.05
E05001219,Binley and Willenhall,11,9819.82,9549,8513,9211.181818181818,6615.454545454545,12049.363636363636,18123.272727272728,20727.545454545456,19425.41
E05001220,Cheylesmore,10,15737.5,15659.4,14799.5,18781.8,11587,17084.9,16385.5,13555.8,14970.65
E05001221,Earlsdon,10,26649.2,27762.9,26984,29418.3,21579.2,23389.9,23115.7,13435.9,18275.8
E05001222,Foleshill,13,3096.46,2288.6923076923076,4681,4026.4615384615386,4901.153846153846,6094.615384615385,8433.076923076924,5445.692307692308,6939.38
E05001223,Henley,13,8224.54,8255.538461538461,7408.7692307692305,9010.76923076923,5614.076923076923,9224.076923076924,14053.384615384615,19818.30769230769,16935.85
E05001224,Holbrook,10,9944.9,8344.8,10110.5,8991.9,8614.4,11911.3,12941.4,17331.5,15136.45
E05001225,Longford,11,6351.55,6213.727272727273,6552.363636363636,6468,5273.909090909091,7788.090909090909,11824.454545454546,13705.727272727272,12765.09
E05001226,Lower Stoke,14,13305.5,12655.785714285714,13429.57142857143,13385.714285714286,8946.57142857143,13929.07142857143,21235.5,14615.714285714286,17925.61
E05001227,Radford,12,7193.33,6201.5,7747.5,7062.166666666667,7133.333333333333,8169,17063.333333333332,11156.166666666666,14109.75
E05001228,St Michael's,14,6695.5,9630.57142857143,13634.142857142857,6674.5,4811.5,5410.642857142857,10604.285714285714,6246.357142857143,8425.32
E05001229,Sherbourne,10,18416.1,17877.5,19318.6,17263,14052.7,16808.5,23170,9188.9,16179.45
E05001230,Upper Stoke,11,9199.45,7707.454545454545,9949.727272727272,8167.363636363636,8014.181818181818,11110.636363636364,19105,11473.272727272728,15289.14
E05001231,Wainbody,8,28905,27981.25,28664.625,27485.625,22057.25,27192,19677.375,22469.125,21073.25
E05001232,Westwood,11,14810.27,13860.272727272728,14479.272727272728,12836.454545454546,10686.90909090909,14980.818181818182,18772.636363636364,22877.545454545456,20825.09
E05001233,Whoberley,11,17329.55,17268.545454545456,18591.454545454544,17616.545454545456,11713.545454545454,17470.727272727272,20600.727272727272,10187.545454545454,15394.14
E05001234,Woodlands,12,20855.67,20439.25,18581.416666666668,19788.666666666668,15594.416666666666,20466.166666666668,18630,22866.75,20748.38
E05001235,Wyken,11,17838.36,17568.727272727272,17282.81818181818,17162.545454545456,12926.272727272728,14715,20504.909090909092,16650.454545454544,18577.68
E05001260,Abbey,8,13670.75,12083.625,14372.25,19576,14952.75,13114.75,22949.25,5092.25,14020.75
E05001261,Blackheath,7,10238.71,9415.714285714286,8819.857142857143,8436.57142857143,8802.285714285714,10010.857142857143,27244.428571428572,14167.42857142857,20705.93
E05001262,Bristnall,8,9338.25,8179.625,8263.875,10538.125,8591.5,11080.25,19892.5,12156.875,16024.69
E05001263,Charlemont with Grove Vale,7,15119.71,15777.857142857143,14862.857142857143,14559.714285714286,14369.857142857143,14817.285714285714,12703.285714285714,12089.714285714286,12396.5
E05001264,Cradley Heath and Old Hill,8,10867,9697.375,9487.375,9671.375,9961.625,12571.375,23345.625,14415.75,18880.69
E05001265,Friar Park,9,5749.78,5718.777777777777,5120.222222222223,3799.1111111111113,5726.111111111111,9781.333333333334,24073.333333333332,14055.888888888889,19064.61
E05001266,Great Barr with Yew Tree,7,14119.43,13221.714285714286,13336.714285714286,15889,13959.57142857143,13867.285714285714,11531.857142857143,14693.42857142857,13112.64
E05001267,Great Bridge,7,7022.14,6401.857142857143,6820,5176.714285714285,6729,10149.857142857143,14624.857142857143,17180.428571428572,15902.64
E05001268,Greets Green and Lyng,8,4375.12,3566.25,5856,3220.75,5721.75,8820.875,9018.5,12887.125,10952.81
E05001269,Hateley Heath,8,5482.12,4921.625,5223.375,4535.25,5755.375,7702.125,14128,17343.625,15735.81
E05001270,Langley,8,7480,6870.125,7656.625,7505,7972.25,8188.625,16894,11129.25,14011.62
E05001271,Newton,8,14578,13191.75,13657.5,14056,14100.5,15713.125,14102.125,15092.375,14597.25
E05001272,Old Warley,7,15723.14,12589.142857142857,13105.714285714286,16695.14285714286,14648.857142857143,16335.142857142857,29872.714285714286,13421.857142857143,21647.29
E05001273,Oldbury,7,9465.29,8392.57142857143,9882.142857142857,7670.571428571428,10028.285714285714,13550.42857142857,11690.285714285714,15192.142857142857,13441.21
E05001274,Princes End,9,6396.56,7292.333333333333,6432.666666666667,3400.8888888888887,5512,8314.666666666666,15662.777777777777,17712.88888888889,16687.83
E05001275,Rowley,8,10240.38,8979.5,8424.875,7693.875,8748.875,13581.375,24089.625,18874.5,21482.06
E05001276,St Pauls,9,5241.56,4298.666666666667,8035.888888888889,4125.222222222223,9153.555555555555,14228.333333333334,5887.888888888889,7452.444444444444,6670.17
E05001277,Smethwick,8,4810.75,3850.375,6225.625,4119.5,7039.75,9894.375,11705.5,7922.125,9813.81
E05001278,Soho and Victoria,10,4688.7,2809.2,6982.3,4630,8105.2,8966.7,8943.2,9777.6,9360.4
E05001279,Tipton Green,9,6323.78,5619.666666666667,6328,4990.222222222223,6204.444444444444,9231.444444444445,15563.777777777777,14473.888888888889,15018.83
E05001280,Tividale,7,11760.43,10920.57142857143,10453,9627.714285714286,10277.285714285714,12463.857142857143,15830.42857142857,19313.571428571428,17572
E05001281,Wednesbury North,7,5929.14,5799.714285714285,5340.428571428572,5887.142857142857,5667.571428571428,9389,22557.85714285714,9027.42857142857,15792.64
E05001282,Wednesbury South,8,7663.88,7619.25,7086.25,5360.625,6400.375,11681.125,17085.5,18912.625,17999.06
E05001283,West Bromwich Central,8,5739.62,6903.375,6565.375,5641.375,6932.75,5510.5,9045.625,7577.625,8311.62
E05001284,Bickenhill,8,16901.5,17071,15289.625,17035.5,15272.5,15673.625,21166.75,16602.625,18884.69
E05001285,Blythe,9,29151.56,25820.777777777777,26848.222222222223,28910.555555555555,26342.222222222223,25502.11111111111,17251.11111111111,28968.333333333332,23109.72
E05001286,Castle Bromwich,8,20464.62,19757.125,17857.5,15509,18978.5,16867,28011.5,16116.125,22063.81
E05001287,Chelmsley Wood,9,2967.56,3672.1111111111113,2254.222222222222,2630.8888888888887,2477.3333333333335,3270.8888888888887,22428.88888888889,20306.444444444445,21367.67
E05001288,Dorridge and Hockley Heath,7,30921.29,29988.85714285714,29661.714285714286,31586.714285714286,29028.285714285714,28049.14285714286,20982,26739,23860.5
E05001289,Elmdon,9,21578.22,18488.222222222223,17749.666666666668,18754.222222222223,19326.666666666668,21467.777777777777,27142.88888888889,20420.88888888889,23781.89
E05001290,Kingshurst and Fordbridge,8,5545.25,5904.875,4357,3983.625,5932.625,4976.75,25064.375,20321.5,22692.94
E05001291,Knowle,6,31333.83,29776.166666666668,28981.666666666668,31902.5,28347.666666666668,28867.666666666668,24570.5,25546.833333333332,25058.67
E05001292,Lyndon,9,18456.22,15236.777777777777,16325,16385.11111111111,15193,17227.666666666668,30834.444444444445,16958,23896.22
E05001293,Meriden,8,25303.62,25561,24264.875,25567.625,24711.875,23749.625,12894.75,18869.25,15882
E05001294,Olton,8,25185.88,23655.125,22943.125,25343,22055.625,23724.75,29262.5,16131.875,22697.19
E05001295,St Alphege,8,32155.5,30556.25,30709.375,32537.875,30581.25,27768.875,29913.25,23409.5,26661.38
E05001296,Shirley East,7,25955,23809.714285714286,23073.428571428572,26350.14285714286,22205.285714285714,22542.85714285714,31094,20923.14285714286,26008.57
E05001297,Shirley South,8,24587.38,22161,22134.25,24192.625,20072.875,23916.25,30789.5,18964.5,24877
E05001298,Shirley West,8,21806.25,18766.25,19421.25,20917.25,18490.125,17607.25,26787.625,20144.25,23465.94
E05001299,Silhill,6,27085,24430.166666666668,23817.166666666668,26063,23450,25717.166666666668,31536,19867.666666666668,25701.83
E05001300,Smith's Wood,8,3531.25,3962.625,2683.5,2391,3963,5352.125,22642.125,17015.875,19829
E05001301,Aldridge Central and South,9,22711.22,21560.666666666668,19249.88888888889,21311.88888888889,17153.333333333332,21350.777777777777,28560.11111111111,19407.11111111111,23983.61
E05001302,Aldridge North and Walsall Wood,9,17380,17040.777777777777,14650.888888888889,14356.888888888889,11851.888888888889,18394.777777777777,26048.11111111111,21587.11111111111,23817.61
E05001303,Bentley and Darlaston North,8,4770.62,4025.375,4217.5,3704.875,5514.75,7135.125,23308.875,13681.5,18495.19
E05001304,Birchills Leamore,10,3220.9,2360.3,2979.8,2892.7,4288,7164.7,23211.1,11047.5,17129.3
E05001305,Blakenall,8,3348.88,1940,3225.875,3164.25,4482,5030.625,25612.125,19351.125,22481.62
E05001306,Bloxwich East,7,5231.43,5572.428571428572,4164.285714285715,4225.714285714285,5064.428571428572,8111.285714285715,23150.14285714286,15527.857142857143,19339
E05001307,Bloxwich West,9,9811.56,9400.222222222223,8779.666666666666,7130.888888888889,8298.222222222223,12607.777777777777,18921,19494.88888888889,19207.94
E05001308,Brownhills,8,10609.5,10646,9226.75,7676,9024.25,11519.75,19832.25,20146.125,19989.19
E05001309,Darlaston South,9,5295.33,4156.333333333333,4435.555555555556,4626.555555555556,5564.777777777777,9405.666666666666,21592.222222222223,15098.666666666666,18345.44
E05001310,Paddock,8,21847.38,18934.25,19833.25,20849.5,21715.875,21333,23455.25,15761.375,19608.31
E05001311,Palfrey,10,5163.1,2990,5679.5,5311.2,8758.5,11473.1,18834.1,6684.8,12759.45
E05001312,Pelsall,8,18355.25,18434.125,15290.625,15600.75,13599.5,18699.75,19112.5,20530.875,19821.69
E05001313,Pheasey Park Farm,7,22985.14,20444,20632.14285714286,19685,18227,20339.14285714286,29746.428571428572,17943.714285714286,23845.07
E05001314,Pleck,9,3691.89,2475.1111111111113,4494.888888888889,3489,6935,6318.888888888889,20905.555555555555,6592,13748.78
E05001315,Rushall-Shelfield,8,12422.75,12130.625,10180.125,10033,8919.625,15176.5,23998.125,17849,20923.56
E05001316,St Matthew's,9,8732.67,7573.333333333333,7288.666666666667,10855,9534.333333333334,8145,23325.88888888889,9270.555555555555,16298.22
E05001317,Short Heath,8,13928.25,14458,12357.875,8984.75,11502.875,13082.875,25949,17963.625,21956.31
E05001318,Streetly,8,30831.62,29866.25,28833.875,27080,24721.5,29454.375,24511.75,23427.375,23969.56
E05001319,Willenhall North,8,16011.5,15015.125,13455.875,11738.75,13713.75,16410.75,23480,20864.625,22172.31
E05001320,Willenhall South,9,6239,6097.777777777777,5394.777777777777,4734.333333333333,6895,7532.777777777777,24067,13145.666666666666,18606.33
E05001341,Baildon,10,23744.9,23845.7,22497.2,22477.8,19813.9,17538,27599.1,16779.7,22189.4
E05001342,Bingley,10,23025.8,23307.9,22545.7,24750,19243.6,18207.3,27160.1,15998.1,21579.1
E05001343,Bingley Rural,11,18856.27,20084.545454545456,19638.272727272728,19980.272727272728,15217.454545454546,16273.545454545454,12582,14998,13790
E05001344,Bolton and Undercliffe,11,6490,6240.454545454545,7345,4983.272727272727,8255.818181818182,4858.363636363636,22548.18181818182,9630.272727272728,16089.23
E05001345,Bowling and Barkerend,12,1509.92,2151,2681.8333333333335,956.0833333333334,3930.1666666666665,3053.5,16197.416666666666,2815.25,9506.33
E05001346,Bradford Moor,10,1462,1409.7,3430.1,1162.2,4576.5,5923.8,9820.8,3065.9,6443.35
E05001347,City,13,1641,2669.3846153846152,3463.5384615384614,2869.4615384615386,5167.307692307692,4777.153846153846,10673.153846153846,1632.3076923076924,6152.73
E05001348,Clayton and Fairweather Green,11,8243.91,9235.545454545454,8356.181818181818,7362.909090909091,8279.636363636364,6329.363636363636,18516,13844.09090909091,16180.05
E05001349,Craven,11,24016.18,25659.454545454544,24384.272727272728,23974.363636363636,18805,23917.727272727272,13897.181818181818,15890.636363636364,14893.91
E05001350,Eccleshill,11,5354.91,6158.545454545455,5887.818181818182,3739.181818181818,6103.181818181818,2765.181818181818,24634.454545454544,17709.909090909092,21172.18
E05001351,Great Horton,10,3868.3,3516.2,3900.4,3396.5,5577.4,4679.2,18852.8,6858.4,12855.6
E05001352,Heaton,10,5176.3,4812.1,5908.7,4769.5,8273,6256.9,17187.2,10352.5,13769.85
E05001353,Idle and Thackley,11,20345.55,21267.272727272728,20403.909090909092,19505.090909090908,15613.90909090909,11472.545454545454,29075.363636363636,17406.81818181818,23241.09
E05001354,Ilkley,9,29090.67,29686.666666666668,29143.777777777777,30819,26247,22870.11111111111,29465.666666666668,16300.555555555555,22883.11
E05001355,Keighley Central,10,3625.8,4091.1,5228.4,3261,4392,5283.6,18497,3206.6,10851.8
E05001356,Keighley East,10,12584.3,13794.5,13502.4,11284.6,11819.2,12911.8,16997.8,9324.2,13161
E05001357,Keighley West,11,6721.18,7178.727272727273,7420.363636363636,5537.181818181818,5413.545454545455,5976.727272727273,19964.272727272728,14104.818181818182,17034.55
E05001358,Little Horton,12,1162.92,972.4166666666666,2107.3333333333335,1005.4166666666666,4156.583333333333,3897.5833333333335,13690.333333333334,3165,8427.67
E05001359,Manningham,10,900.8,1354.5,2339.7,732.3,3806.8,5609.2,7431.8,1326.8,4379.3
E05001360,Queensbury,9,17290,18807.88888888889,17106.666666666668,18547,12428.444444444445,14203.888888888889,16563.555555555555,14267,15415.28
E05001361,Royds,11,6323.73,7171.909090909091,7004.545454545455,4962.909090909091,6916.818181818182,3152.181818181818,20924.727272727272,17268.454545454544,19096.59
E05001362,Shipley,10,14031.2,17509,15070.9,18677.2,9993.5,10284.7,31707.3,6887.5,19297.4
E05001363,Thornton and Allerton,11,9079.91,10137,9474.636363636364,10498.09090909091,8860.363636363636,7041.545454545455,13548.181818181818,13609.181818181818,13578.68
E05001364,Toller,10,2900.9,3340.3,4118.3,2241.5,5235.4,7806.4,14588.7,2618.6,8603.65
E05001365,Tong,11,4503.82,4821.454545454545,4503.818181818182,3475.090909090909,4673,3354.4545454545455,18290.636363636364,17701.545454545456,17996.09
E05001366,Wharfedale,8,29794,29153.75,29222.625,31806.25,26175.625,25895.125,21068.625,20254.125,20661.38
E05001367,Wibsey,10,6672.9,7518.1,7707.5,5958.9,8670.2,4433.6,23426.7,6829.1,15127.9
E05001368,Windhill and Wrose,10,10492.7,11448.6,10221.2,7702.7,9193.2,6014.7,29373.9,13690.4,21532.15
E05001369,Worth Valley,9,18092.11,22641.777777777777,21110.555555555555,21578.444444444445,16205.333333333334,17411.555555555555,9170.777777777777,6954.555555555556,8062.67
E05001370,Wyke,10,11259.7,13174.1,11712,9344.8,9436.2,7973.9,20994.9,11763.5,16379.2
E05001371,Brighouse,7,14956.14,17243.428571428572,14875.42857142857,17073.14285714286,12923.42857142857,11407,28008.571428571428,7213.428571428572,17611
E05001372,Calder,8,14734.5,19090.5,16635.625,26198.25,15531.25,17839,14475,2439.75,8457.38
E05001373,Elland,7,13988.57,14409.142857142857,13394.714285714286,14101,13212.857142857143,11845.857142857143,25082.85714285714,7935.285714285715,16509.07
E05001374,Greetland and Stainland,7,20026.71,22705.571428571428,21269.428571428572,24225.285714285714,17690.428571428572,17797.85714285714,15505.42857142857,8237.142857142857,11871.29
E05001375,Hipperholme and Lightcliffe,7,23078.86,22101.285714285714,21661.285714285714,24407.428571428572,20748.571428571428,18181.285714285714,26320.571428571428,12682,19501.29
E05001376,Illingworth and Mixenden,8,9578.25,10327.375,8193.875,10980.25,7863.375,5643.875,13934.375,23082,18508.19
E05001377,Luddendenfoot,6,14915.33,19429.666666666668,17193.166666666668,22456.5,17693.333333333332,12425.333333333334,11461.5,4507.833333333333,7984.67
E05001378,Northowram and Shelf,7,22557.57,24410.571428571428,22862.428571428572,22595.571428571428,21131.85714285714,16233.142857142857,17248.714285714286,11236.42857142857,14242.57
E05001379,Ovenden,9,4906.89,6245.777777777777,4730.888888888889,7407.888888888889,4982.888888888889,2378.1111111111113,14886.777777777777,13242.444444444445,14064.61
E05001380,Park,10,1477.6,1543.2,2264.6,2105.7,4209.8,4945.1,23268.5,733.8,12001.15
E05001381,Rastrick,8,17502.75,18552.875,15486.625,18222.25,13349,14074.75,27942.25,14695.875,21319.06
E05001382,Ryburn,7,16733.43,19647.714285714286,19971.428571428572,21880.85714285714,18849.428571428572,16607.85714285714,11033.714285714286,8041.285714285715,9537.5
E05001383,Skircoat,8,15567,17048.875,14960,22822.125,14195.375,12171.625,29742.125,4177.25,16959.69
E05001384,Sowerby Bridge,7,15007.43,16056.714285714286,14071,16314,13300.57142857143,13484,29976.571428571428,5968,17972.29
E05001385,Todmorden,8,9553.75,13242.625,11012.125,18394.25,10721.75,9972.5,8962.5,2503.375,5732.94
E05001386,Town,8,7750.38,9487,7696.75,10317.5,6446.125,7797.375,18808.25,6060.875,12434.56
E05001387,Warley,7,10614.29,9059.714285714286,10375.714285714286,11647.142857142857,13059.142857142857,8527,19918.85714285714,10550.285714285714,15234.57
E05001389,Ashbrow,13,10663.92,10735.461538461539,9948.538461538461,12061.076923076924,9938.538461538461,9594.692307692309,11853.153846153846,15021.461538461539,13437.31
E05001390,Batley East,10,7316,6184.2,8772.3,6388.9,9695.7,11305.4,16698.2,6973.1,11835.65
E05001391,Batley West,13,9300,8392.461538461539,9887.692307692309,7431.538461538462,10281.692307692309,7717.461538461538,20545.615384615383,11583.76923076923,16064.69
E05001392,Birstall and Birkenshaw,11,19360.55,19597.454545454544,18315.727272727272,20369.090909090908,16255.727272727272,12694.818181818182,24527.727272727272,15002.454545454546,19765.09
E05001393,Cleckheaton,10,16629.7,17407.7,15909.8,17445.7,14563,12200,19679.8,12506.7,16093.25
E05001396,Dalton,12,12182.83,12876.916666666666,11716.416666666666,10952.083333333334,11100,10087.916666666666,20770.25,13577.166666666666,17173.71
E05001397,Denby Dale,10,23394.6,23826.9,22469,26782.4,20129.1,23622.4,9147.4,18251.4,13699.4
E05001398,Dewsbury East,12,9811.67,9520.916666666666,10682.75,9216.333333333334,9935.083333333334,8466.75,13061.916666666666,13713.583333333334,13387.75
E05001399,Dewsbury South,12,8274.33,8509.333333333334,9541.333333333334,7470.75,9770.916666666666,11218,12174.333333333334,12922,12548.17
E05001400,Dewsbury West,13,3487.46,3401,4711.384615384615,3071.5384615384614,5832.2307692307695,4011.769230769231,14334.384615384615,9077.384615384615,11705.88
E05001401,Golcar,11,16053.64,17018.363636363636,16522.454545454544,17988.909090909092,14580,13094.636363636364,16409.909090909092,10392.636363636364,13401.27
E05001402,Greenhead,12,9260.5,9121.75,9841.166666666666,14370.416666666666,9716.25,8983.416666666666,20385.083333333332,4214.25,12299.67
E05001403,Heckmondwike,11,12130.91,11657.818181818182,12539.181818181818,9324.363636363636,11553.818181818182,9670.454545454546,26362.454545454544,13735.181818181818,20048.82
E05001405,Holme Valley South,11,23934.82,25252.909090909092,24219.727272727272,27372.909090909092,24738.272727272728,19515.81818181818,11220.454545454546,12865.90909090909,12043.18
E05001407,Lindley,12,22011.75,20468.833333333332,18492,24173.416666666668,17602.833333333332,18222,28041.25,16298.416666666666,22169.83
E05001408,Liversedge and Gomersal,12,14198.83,14933.916666666666,13355.833333333334,14353.083333333334,12613.166666666666,9627.75,18974.833333333332,14795.5,16885.17
E05001409,Mirfield,12,22157.83,21953.583333333332,19979.166666666668,22642.5,18401.75,15891,25532.166666666668,17796.916666666668,21664.54
E05001410,Newsome,11,8370.82,9837.272727272728,7998.727272727273,12605.272727272728,7604.272727272727,4498.272727272727,23568.545454545456,8640.90909090909,16104.73
E05001444,"Ackworth, North Elmsall and Upton",11,16982.82,19561.727272727272,16703.363636363636,15815.636363636364,13941.363636363636,13877.363636363636,10441.818181818182,22010.090909090908,16225.95
E05001445,Airedale and Ferry Fryston,10,8079.2,9608.4,7585.2,5079.7,5820.8,8349,15050.6,24914,19982.3
E05001446,Altofts and Whitwood,10,17143.9,17916.2,16735.1,15195.4,10334.6,16002,22290.5,18151.1,20220.8
E05001447,Castleford Central and Glasshoughton,12,10864,14341.416666666666,11074.083333333334,10086.166666666666,7243.083333333333,5967.916666666667,30457.833333333332,10447.25,20452.54
E05001448,"Crofton, Ryhill and Walton",10,16485.9,18548.5,15412.8,15696.1,11469.8,14348,12349.6,22600.3,17474.95
E05001449,Featherstone,11,9061.91,11069.363636363636,8386.818181818182,7743.636363636364,5289.545454545455,10827.454545454546,19510.727272727272,16857.363636363636,18184.05
E05001450,Hemsworth,10,5773,8570.8,4985.1,4006.8,3842.5,6346.3,15105.6,22001.5,18553.55
E05001451,Horbury and South Ossett,10,17527,18339.6,16316.7,16734.7,13273.8,14018.5,26928,14899.8,20913.9
E05001452,Knottingley,9,5706,8657.777777777777,6158.777777777777,4667.222222222223,4369.777777777777,4511.666666666667,9273,19282,14277.5
E05001453,Normanton,10,10521.2,12383,10785.9,7356.4,7957.6,7683.3,23292.1,18669.5,20980.8
E05001454,Ossett,11,18124.91,18764.18181818182,16578.545454545456,17360.454545454544,11867.454545454546,13329.545454545454,27966.81818181818,15709.636363636364,21838.23
E05001455,Pontefract North,10,13467,14366.7,12523.2,12487.6,8064.1,9053.7,24501,22925.1,23713.05
E05001456,Pontefract South,10,15742.5,16926.2,14179.8,15910.9,12071,12784.2,22437.5,20999.9,21718.7
E05001457,South Elmsall and South Kirkby,11,7181.82,9616.09090909091,6887.545454545455,3868.4545454545455,5005.181818181818,7543.545454545455,16290.90909090909,22509.545454545456,19400.23
E05001458,Stanley and Outwood East,11,20696.55,22843.636363636364,20679.18181818182,19101.454545454544,13936.545454545454,16665.18181818182,17387.272727272728,19175.81818181818,18281.55
E05001459,Wakefield East,10,4426.5,5085.9,5204.7,3115.9,4873.4,3624.3,22728.4,12556.3,17642.35
E05001460,Wakefield North,10,9587.4,10228.7,10502.9,8306.3,7550.1,6538.4,28860.8,12467.8,20664.3
E05001461,Wakefield Rural,11,20657,23308.636363636364,21587.727272727272,20204.272727272728,16646.909090909092,16391.363636363636,12177.181818181818,16406.727272727272,14291.95
E05001462,Wakefield South,9,16692.22,18307.333333333332,16382.111111111111,16657.88888888889,12900,11524.111111111111,22163.11111111111,18777.88888888889,20470.5
E05001463,Wakefield West,9,7872.56,9425.111111111111,7675.777777777777,7649.888888888889,6482.555555555556,4056.4444444444443,31488.222222222223,16879.666666666668,24183.94
E05001464,Wrenthorpe and Outwood West,10,21046.9,21449,19428.7,18044,14338.3,17288.2,25540.2,21705.6,23622.9
E05001687,Beverley Rural,8,26148.25,28935.125,29368,26618.125,28894.875,30988.375,5558.25,16094.5,10826.38
E05001688,Bridlington Central and Old Town,7,9658,9501.42857142857,7752.857142857143,6348.285714285715,10903,11965.857142857143,23948.428571428572,19038.14285714286,21493.29
E05001689,Bridlington North,9,17752.67,18941.555555555555,12438.444444444445,12838.222222222223,16535.88888888889,23374.88888888889,19222.11111111111,23517,21369.56
E05001690,Bridlington South,10,5335.3,6239.8,4117.6,5637.5,5776.7,5787.2,29392.1,8197.7,18794.9
E05001691,Cottingham North,6,26084.67,24275.5,21617.166666666668,26162.666666666668,22152.333333333332,23262.333333333332,26449.5,19771,23110.25
E05001692,Cottingham South,6,22179.83,20841.833333333332,18497.333333333332,21599.166666666668,19016.833333333332,16534.666666666668,30027.666666666668,21489,25758.33
E05001693,Dale,12,28870.58,28751.416666666668,28869.583333333332,26287.5,27706.166666666668,29668.166666666668,13667.083333333334,24548.833333333332,19107.96
E05001694,Driffield and Rural,10,20786.8,19356.2,19149.4,17163.6,19629.4,22542,22936.2,20075,21505.6
E05001695,East Wolds and Coastal,9,17681.56,20312.333333333332,19228.777777777777,17701.666666666668,22498.444444444445,25991.222222222223,3508.5555555555557,11744.333333333334,7626.44
E05001696,Goole North,6,17464,18411.833333333332,16376.833333333334,10612.833333333334,17811,19418.166666666668,20150.166666666668,19586,19868.08
E05001697,Goole South,6,9202.5,10320.666666666666,10139.5,4433.666666666667,12340.833333333334,11337,16774.333333333332,11722.166666666666,14248.25
E05001698,Hessle,10,22931.4,20215.3,20764.2,20186.7,21945.7,17189.3,30037.6,16433.7,23235.65
E05001699,Howden,3,24929.67,24335,25121,20604.333333333332,25487.666666666668,21528,15129,20390,17759.5
E05001700,Howdenshire,9,21097.56,24956.333333333332,24903.666666666668,17758.88888888889,23529.222222222223,27051.555555555555,4670.777777777777,15218.555555555555,9944.67
E05001701,Mid Holderness,9,20088.78,22341,20796.666666666668,17460.333333333332,24708,25265.555555555555,4972.222222222223,15838.333333333334,10405.28
E05001702,Minster and Woodmansey,10,21634.7,19091.8,20343.4,20111.3,20903.1,16966.7,29273.3,22768.9,26021.1
E05001703,North Holderness,6,15179.33,16845.5,12132,14308,13900.666666666666,17224.666666666668,18044,14180.666666666666,16112.33
E05001705,St Mary's,10,26996.7,25533.7,23598.8,25008.6,24176.7,24317.2,30917.2,21543.6,26230.4
E05001706,"Snaith, Airmyn, Rawcliffe and Marshland",6,20153.5,23889.833333333332,22008.166666666668,17173.333333333332,22341.166666666668,24678.333333333332,6259,14448.166666666666,10353.58
E05001707,South East Holderness,10,9913.1,12839.6,9638.3,7975.3,12763.9,18083.8,10319.7,10118.3,10219
E05001708,South Hunsley,6,31366,30274,30440.5,29234.833333333332,30946.5,30484.333333333332,12990,27764.166666666668,20377.08
E05001709,South West Holderness,9,22063.44,20765.222222222223,18555.88888888889,18610.222222222223,19458,26821.777777777777,14700.555555555555,22703.11111111111,18701.83
E05001710,Tranby,7,22696.14,21062.428571428572,19537.428571428572,17693.428571428572,20923.714285714286,19039.714285714286,29743.14285714286,22637.85714285714,26190.5
E05001711,Willerby and Kirk Ella,9,31608.67,30143.333333333332,29289.11111111111,28076,29996.333333333332,27275.88888888889,28152.333333333332,23207.333333333332,25679.83
E05001713,Croft Baker,8,7712.5,7790.875,6681.5,7285.75,7980.125,8113.375,25935,11734.875,18834.94
E05001714,East Marsh,7,1148.43,1346,1372.857142857143,942.2857142857143,2820,1433.4285714285713,18728.571428571428,4241.571428571428,11485.07
E05001715,Freshney,7,18680.71,18867.85714285714,16598.85714285714,14321.42857142857,14927.57142857143,17076.428571428572,16297,25873.85714285714,21085.43
E05001716,Haverstoe,7,25651,26272.285714285714,22427.571428571428,20458.14285714286,22248.14285714286,19649.428571428572,23758,28377.14285714286,26067.57
E05001717,Heneage,8,8432,9024,8326.125,6908.5,9157.25,4708.875,27916,8777.25,18346.62
E05001718,Humberston and New Waltham,7,25217,23867.14285714286,22362,21723.571428571428,21681.14285714286,22181.14285714286,15726.142857142857,26320.85714285714,21023.5
E05001719,Immingham,8,14159.5,13865.75,12789.875,9415,11110.375,17756.375,18173.5,27691.125,22932.31
E05001720,Park,8,14998.62,15666.5,14578.125,13639.625,14004.75,9037.625,30717.625,8970.375,19844
E05001721,Scartho,7,25566,23081.428571428572,22350.571428571428,20451.714285714286,22073.85714285714,25202.714285714286,20350.428571428572,27348.571428571428,23849.5
E05001722,Sidney Sussex,9,6035.11,7383.111111111111,6582.555555555556,4603.555555555556,7876.888888888889,3936.4444444444443,27460.444444444445,2947.1111111111113,15203.78
E05001723,South,9,4180.11,4205.111111111111,3832,3062,4852.222222222223,3864.4444444444443,19223.333333333332,20398.444444444445,19810.89
E05001724,Waltham,5,24988.4,24700,22658.4,23483.8,21510,25529.6,12031.6,28170.2,20100.9
E05001725,West Marsh,5,1758.8,2543.6,1703.6,2294.8,3848.4,1257.8,21110.2,4057.8,12584
E05001726,Wolds,5,22765.4,24841,24473.2,23000.8,19631.4,21434.2,6160.8,24155.8,15158.3
E05001727,Yarborough,7,13200.57,12643.142857142857,12006.285714285714,9470.857142857143,13750,9890.285714285714,25898.428571428572,16816.714285714286,21357.57
E05002078,Budshead,8,13071.75,12517.5,10158.875,11308.75,10381,15230.625,15835.125,29768.5,22801.81
E05002079,Compton,8,22955.38,23771.625,21105.375,23140.75,17263.25,21294.625,25246,13997.25,19621.62
E05002080,Devonport,10,5308.2,6359.7,4951.9,5955.4,4204.3,10881.6,18573.9,12609.5,15591.7
E05002081,Drake,6,12184.17,18075.833333333332,17217.166666666668,12076,6161.666666666667,7601.666666666667,23347.5,4954.666666666667,14151.08
E05002082,Efford and Lipson,9,8674.78,9631.333333333334,7929,7794.111111111111,8259.666666666666,10304.888888888889,17469.666666666668,17016.555555555555,17243.11
E05002083,Eggbuckland,8,21989.12,20887,17213.25,18870.875,15900.875,26360.5,22252.625,24734.5,23493.56
E05002084,Ham,9,8866.33,7797.111111111111,7343.777777777777,6622.666666666667,7441.222222222223,12770.555555555555,22637.444444444445,22234.222222222223,22435.83
E05002085,Honicknowle,9,6614.78,7076.444444444444,5177.444444444444,4265.777777777777,6416.111111111111,10346.444444444445,15448.444444444445,24863.222222222223,20155.83
E05002086,Moor View,8,18138.75,17200.875,14608.25,13054.75,12188.375,24522.625,21740.125,28541,25140.56
E05002087,Peverell,9,24514.11,25007.88888888889,23554,25651.222222222223,20127.333333333332,23664.88888888889,32270.777777777777,8647.111111111111,20458.94
E05002088,Plympton Chaddlewood,5,25422.4,22789,22794,20723,22005.6,27256.6,14390.6,30046,22218.3
E05002089,Plympton Erle,6,21128.5,20287.666666666668,17433,18179.833333333332,16332.5,25800,17187.833333333332,23349,20268.42
E05002090,Plympton St Mary,8,28417.12,26985,23782,23992.375,21058.125,29634.375,24535.375,27852.375,26193.88
E05002091,Plymstock Dunstone,8,25276.38,24320.125,21162,20589.25,19442.875,29187.875,18993.75,29213.25,24103.5
E05002092,Plymstock Radford,9,24440.89,23854.333333333332,21019.333333333332,20237.666666666668,18867,24925.444444444445,21883.444444444445,24150.11111111111,23016.78
E05002093,St Budeaux,9,7288.78,8429.111111111111,6278,6295.666666666667,5905.333333333333,8828,12408.333333333334,19620.222222222223,16014.28
E05002094,St Peter and the Waterfront,11,5878.27,7981.636363636364,6365.727272727273,7678.727272727273,3793.7272727272725,3035.4545454545455,21508,10881.727272727272,16194.86
E05002095,Southway,8,13932.25,13510.375,12882.375,10084.75,11556.5,20473.125,12379,28697.625,20538.31
E05002096,Stoke,8,11368.5,13448.375,9611.625,15298.875,8458.125,10591.125,25456.625,5858.25,15657.44
E05002097,Sutton and Mount Gould,8,8917.12,10182.25,9073.25,10977.625,9259.25,8059.875,20263.375,5197.75,12730.56
E05002212,Belfairs,6,20522.17,19980,18596.166666666668,17598.833333333332,16651.333333333332,19932.666666666668,19244.5,17535.166666666668,18389.83
E05002213,Blenheim Park,7,16215.57,15719,14215,16330.285714285714,13773.57142857143,14346.57142857143,24561,14851.142857142857,19706.07
E05002214,Chalkwell,6,17628,19263.666666666668,16842.166666666668,21541.5,15644.5,11712,27500.5,6038,16769.25
E05002215,Eastwood Park,6,24939.5,24618.333333333332,23189.833333333332,17380.166666666668,23550.666666666668,24306.166666666668,18696.166666666668,20238.833333333332,19467.5
E05002216,Kursaal,6,3891.33,4304.5,3936,5277.833333333333,4911.833333333333,2145.8333333333335,18399.833333333332,6411.5,12405.67
E05002217,Leigh,6,24932.33,24672.333333333332,26922.5,26084,24068,17738.333333333332,28901.666666666668,6463.833333333333,17682.75
E05002218,Milton,6,6615.5,8543.666666666666,7766.833333333333,12403,7882.333333333333,2799.8333333333335,18072.833333333332,2163.3333333333335,10118.08
E05002219,Prittlewell,6,18170.5,17157.333333333332,16518.5,19004.166666666668,15702,14895.333333333334,28369.166666666668,10687.166666666666,19528.17
E05002220,St Laurence,6,15988.83,15646.833333333334,14233.166666666666,12017.833333333334,14043.166666666666,15592.166666666666,22621,16683.666666666668,19652.33
E05002221,St. Luke's,7,12836.71,11049.57142857143,11372.142857142857,10634.42857142857,11144,13937.57142857143,27682,15056.714285714286,21369.36
E05002222,Shoeburyness,7,11471.29,10286,9877.142857142857,10389.714285714286,11435.285714285714,11660.57142857143,10376.57142857143,25044.571428571428,17710.57
E05002223,Southchurch,6,15390.33,15404,13871.166666666666,13053.166666666666,14199.833333333334,14022.333333333334,23832.5,18867,21349.75
E05002224,Thorpe,6,26485.17,27133,25691,22776.666666666668,24080.166666666668,19937.666666666668,24543.166666666668,15325,19934.08
E05002225,Victoria,7,4890.29,5305.285714285715,5157,7986.285714285715,5630.285714285715,2263.714285714286,20592.571428571428,9560.714285714286,15076.64
E05002226,Westborough,7,11286.57,10371.857142857143,10953.714285714286,14030.42857142857,11511.57142857143,11244.57142857143,26811.14285714286,5020.428571428572,15915.79
E05002227,West Leigh,6,30936.83,29957.333333333332,30531.833333333332,30460.833333333332,29511,27396.833333333332,27363.166666666668,15886,21624.58
E05002228,West Shoebury,7,17119.29,16191.857142857143,16144.285714285714,14071.42857142857,15569,16523.428571428572,17108,21097.285714285714,19102.64
E05002229,Aveley and Uplands,6,13142.83,13589.166666666666,14741.333333333334,11274.166666666666,15654.833333333334,9759.5,6788.333333333333,19456.833333333332,13122.58
E05002230,Belhus,6,9909.83,9256.666666666666,9479.666666666666,9042.666666666666,11382.5,8926,9912.5,19170.5,14541.5
E05002231,Chadwell St Mary,6,9419.83,8993.333333333334,9274.5,6816.833333333333,13172.666666666666,7980.166666666667,8602.5,23608.833333333332,16105.67
E05002232,Chafford and North Stifford,5,24551.6,22066.4,25070.8,21649.2,25258.4,19972,10322.4,24080,17201.2
E05002233,Corringham and Fobbing,4,21606.75,23614.75,22852.5,11729.5,24851.5,23867.5,8805,20582.25,14693.62
E05002234,East Tilbury,4,11907.25,14703.75,16711,10868.25,18282,12720.75,702,18782.75,9742.38
E05002235,Grays Riverside,6,12822.83,11010.666666666666,14314.666666666666,12932,17751.333333333332,11546.666666666666,7681.333333333333,16474.833333333332,12078.08
E05002236,Grays Thurrock,6,14693.5,12149,15450,12031.333333333334,17647.166666666668,12283.166666666666,19149.166666666668,13106.833333333334,16128
E05002237,Little Thurrock Blackshots,4,21870.75,22022,20212,15237,22196,15965.25,21599.5,20225.25,20912.38
E05002238,Little Thurrock Rectory,4,21589.5,21259.25,22930.5,15611.5,22532.75,15818,20451.75,11752.75,16102.25
E05002239,Ockendon,7,15337.29,12905.42857142857,14873.285714285714,14755.285714285714,16506.428571428572,11981,12494.57142857143,21272,16883.29
E05002240,Orsett,4,22096,26035.5,25602.5,15513.75,27147.25,20362,4567.5,22938,13752.75
E05002241,South Chafford,4,27368.5,22882,28982.25,26002.75,26661.5,19652.75,14359.5,26841.75,20600.62
E05002242,Stanford East and Corringham Town,6,15064.5,15413.166666666666,13928.166666666666,9257.5,14865.5,16761.5,16360.333333333334,17840.833333333332,17100.58
E05002243,Stanford-le-Hope West,4,17740.75,16958,17591,13459,17436.75,11339.5,18728.5,18348.75,18538.62
E05002244,Stifford Clays,4,17718.75,16303.75,16400.5,11904.5,14926.25,17126.25,20996.75,23942.75,22469.75
E05002245,The Homesteads,6,25202.67,27029.333333333332,24903.833333333332,14954.833333333334,24670,28911,14566.5,16897.5,15732
E05002246,Tilbury Riverside and Thurrock Park,4,6328.25,4993,7333.5,6095.5,9299.75,6739.25,5197.75,21653,13425.38
E05002247,Tilbury St Chads,4,6174.25,5562,7504.75,5011.25,10027.5,5888.25,6255,21471.75,13863.38
E05002248,West Thurrock and South Stifford,6,13679.17,12337.833333333334,17924.5,14927.5,18783.833333333332,10688,5696.333333333333,16611.5,11153.92
E05002441,Baffins,9,16931,16899,17842.444444444445,13479.222222222223,17541.555555555555,13116.666666666666,18661.88888888889,12578.777777777777,15620.33
E05002442,Central Southsea,9,16752.89,17041.88888888889,20095.88888888889,18172.88888888889,16041.111111111111,11005.666666666666,19032.333333333332,6479.777777777777,12756.06
E05002443,Charles Dickens,11,2650.36,4087.5454545454545,5505.363636363636,1680.1818181818182,2421.090909090909,2904.090909090909,7646.818181818182,13969.181818181818,10808
E05002444,Copnor,9,18849.44,18930.222222222223,19575,13014.222222222223,19131.222222222223,18593.222222222223,22204.11111111111,10170.222222222223,16187.17
E05002445,Cosham,9,14680.44,15327.444444444445,14756.777777777777,12219.111111111111,12792.777777777777,11593.777777777777,19333.777777777777,14651.111111111111,16992.44
E05002446,Drayton and Farlington,8,29001.38,27038.5,27746.5,24198.625,26073.5,27171.625,25552.625,20473.75,23013.19
E05002447,Eastney and Craneswater,8,17722.62,19601,18314.875,22163,16855.25,12163.75,18590,8525.625,13557.81
E05002448,Fratton,9,9095.89,9421.111111111111,11571.666666666666,8991.666666666666,10908.444444444445,6247.111111111111,15450.222222222223,5611.333333333333,10530.78
E05002449,Hilsea,9,15646.78,16388.222222222223,17177.666666666668,11875.333333333334,16179.777777777777,11577.777777777777,20578,10508,15543
E05002450,Milton,9,16503.44,16941.444444444445,17310.444444444445,16171.555555555555,14874.444444444445,14105.111111111111,19443.666666666668,10298.666666666666,14871.17
E05002451,Nelson,10,6879.9,8247.5,9339.5,4846.8,9535.7,6082,12360.4,6698.6,9529.5
E05002452,Paulsgrove,9,8287.67,9643.111111111111,9415.666666666666,4259,9068.555555555555,8452.333333333334,12313.333333333334,18993.11111111111,15653.22
E05002453,St Jude,7,13140.71,17232.14285714286,16791,21954.285714285714,14463.42857142857,4289.857142857143,13009.57142857143,4127.714285714285,8568.64
E05002454,St Thomas,9,13227.33,14668.666666666666,16318.222222222223,14986.888888888889,13397,6340,12884.333333333334,10769.777777777777,11827.06
E05004096,Bicknacre and East and West Hanningfield,3,18260,26138,26224.333333333332,19198,25919,21641.333333333332,2078.3333333333335,9872.666666666666,5975.5
E05004097,Boreham and The Leighs,3,18739,19587.333333333332,20298.333333333332,17527,24153.666666666668,16759.333333333332,4786.666666666667,17844.666666666668,11315.67
E05004098,Broomfield and The Walthams,6,19984.83,19469.333333333332,20615.666666666668,21658.5,24281.666666666668,14571,9362.666666666666,18776.833333333332,14069.75
E05004099,Chelmer Village and Beaulieu Park,7,27531.14,24592.285714285714,24765.428571428572,26846.428571428572,25579.85714285714,22081,16744.285714285714,27789.571428571428,22266.93
E05004100,Chelmsford Rural West,2,17246,25224,24415,20085.5,29375.5,20179.5,2205.5,2530,2367.75
E05004101,Galleywood,4,20783,18563.75,17919.75,21279.75,22519.5,13879,17152.25,23969.25,20560.75
E05004105,"Little Baddow, Danbury and Sandon",5,24024,28064.4,26639.6,24853.4,27817.4,23789.2,4858.4,16130.8,10494.6
E05004106,Marconi,5,15910.2,16216.8,16430.4,17816.8,12426.4,6246,25646.2,18067,21856.6
E05004108,Moulsham Lodge,4,30992.25,27756.5,28060.5,25768.25,28560.25,26516,30388.75,27368,28878.38
E05004109,Patching Hall,6,22007.67,20817.666666666668,20073.5,21096.833333333332,22105.166666666668,15266,24628.833333333332,24148.166666666668,24388.5
E05004110,Rettendon and Runwell,4,18557.5,23022.75,19653.5,14394.75,25920,20828.25,6602.25,18850.5,12726.38
E05004111,St Andrews,6,16202,14224.5,13799.5,14481.5,17023.833333333332,10754,23530.166666666668,29859,26694.58
E05004112,"South Hanningfield, Stock and Margaretting",3,21966.33,27407,27916.666666666668,20644.666666666668,29960,18237.333333333332,3297,14420.333333333334,8858.67
E05004113,South Woodham-Chetwood and Collingwood,6,23462.33,24048,25268,18384.5,26462.5,25352.333333333332,4117.166666666667,31070.333333333332,17593.75
E05004114,South Woodham-Elmwood and Woodville,5,25845.8,26298.4,28408,16881.4,30487.2,26001.8,6463.4,27539.2,17001.3
E05004115,Springfield North,7,25078.43,23642.285714285714,25080.571428571428,22686.285714285714,23592.285714285714,21318.428571428572,15644.285714285714,21856.714285714286,18750.5
E05004116,The Lawns,4,31260,28504,28389.5,28618.75,29156,25720.75,28334.5,24010.5,26172.5
E05004117,Trinity,4,22907.5,21472.5,22001.75,21931,20138.25,15932.25,29991.25,19214.5,24602.88
E05004118,Waterhouse Farm,4,19687.75,16437.75,15980.25,19124.25,18869.75,13506.75,29671.25,23053.5,26362.38
E05004119,Writtle,4,21572.25,22100.25,21988.75,20227.75,24790.5,17577,12540,16786,14663
E05004190,Althorne,3,17127.67,22460.666666666668,21108.666666666668,8724.666666666666,19856.666666666668,21427,3737,20603.666666666668,12170.33
E05004191,Burnham-on-Crouch North,3,21830.67,18945.333333333332,18997,16311.333333333334,24887.666666666668,18747.666666666668,14764.333333333334,27698.666666666668,21231.5
E05004192,Burnham-on-Crouch South,3,18443.67,17688.333333333332,16056,14160.333333333334,20223,17413.666666666668,18431,14344,16387.5
E05004193,Great Totham,2,24460.5,26822.5,28969,21725.5,29068.5,30357,5936,10635,8285.5
E05004194,Heybridge East,3,23520.33,23516.333333333332,23570,16072,22623.333333333332,25595.333333333332,10046,25870.666666666668,17958.33
E05004195,Heybridge West,2,18444,16751,17273,10984.5,18527.5,18622.5,14119.5,28375,21247.25
E05004196,Maldon East,1,12211,11419,10146,6770,11960,12446,19153,25919,22536
E05004197,Maldon North,3,15392.67,14981.666666666666,15317,9595.333333333334,18207,12805.333333333334,26487.333333333332,11341.333333333334,18914.33
E05004198,Maldon South,3,21911.67,21411.666666666668,20212,13900.333333333334,19843.666666666668,21647,22308,22993.666666666668,22650.83
E05004199,Maldon West,3,25441,22291.666666666668,21040.666666666668,19457.666666666668,22055.333333333332,23819.666666666668,21832,30616.333333333332,26224.17
E05004200,Mayland,3,16694.67,21537.333333333332,22338.666666666668,10085.333333333334,20366.666666666668,24204,2104,18291.333333333332,10197.67
E05004201,Purleigh,2,21889.5,26968.5,28190.5,16683.5,31283.5,26634,2926.5,9982.5,6454.5
E05004202,Southminster,3,14459.67,15996.666666666666,15383,6062,19283,16109,7994.333333333333,21762.666666666668,14878.5
E05004203,Tillingham,1,10117,18560,15382,6409,19782,21227,1173,2226,1699.5
E05004204,Tollesbury,1,17023,24782,25973,16660,29613,29551,1763,1969,1866
E05004205,Tolleshunt D'Arcy,3,17209.67,23304,22604.666666666668,14262.333333333334,26607,28956,1884.6666666666667,7538.333333333333,4711.5
E05004206,Wickham Bishops and Woodham,2,23041.5,26324.5,25024.5,19748.5,28995.5,25906,7125,9737,8431
E05004691,Adeyfield East,4,15493.25,12263,11766.75,10381.25,15686.25,18298.75,25312.25,25182,25247.12
E05004692,Adeyfield West,3,16619,11768,14171,12301,17331.666666666668,15884.666666666666,27680.666666666668,23237,25458.83
E05004693,Aldbury and Wigginton,1,24776,29162,28513,26500,31290,24881,5774,6896,6335
E05004694,Apsley and Corner Hall,6,19213.5,16773.166666666668,17562.333333333332,18318.5,19870.5,15599.333333333334,18805.333333333332,21274.833333333332,20040.08
E05004695,Ashridge,2,23640,28829,30114.5,31422,32338,28156,4064.5,12203,8133.75
E05004696,Bennetts End,3,21402.67,17088,19625.666666666668,15177.333333333334,19629.666666666668,22173.666666666668,26860,23964.333333333332,25412.17
E05004697,Berkhamsted Castle,4,32140.25,31044.25,32224.5,32556.25,32372.5,29208.5,23688.5,23576.5,23632.5
E05004698,Berkhamsted East,4,27434.5,24554.5,27324.75,23761.5,27938.25,27135.5,24948.75,21327,23137.88
E05004699,Berkhamsted West,4,26591.5,23117,25118.75,25858.5,27103.25,25364.25,18402.75,27400,22901.38
E05004700,"Bovingdon, Flaunden and Chipperfield",6,26910.67,28201.666666666668,28724.5,24722,29953.833333333332,27244.666666666668,6725.666666666667,19958.5,13342.08
E05004701,Boxmoor,6,26444,23864.666666666668,25453.166666666668,25987,29429.333333333332,19446.833333333332,26691.5,18243.666666666668,22467.58
E05004702,Chaulden and Warners End,6,18835.83,15006.333333333334,16663.833333333332,12519.833333333334,20028,18725.166666666668,20064.5,27250.166666666668,23657.33
E05004703,Gadebridge,3,16571,13027,15337.333333333334,11433.333333333334,18124,16859.666666666668,15276,27733,21504.5
E05004704,Grovehill,5,12361.8,9396.2,11899.8,8153.4,14740.8,14251.6,13742.2,25993.4,19867.8
E05004705,Hemel Hempstead Town,4,11058.75,10223.75,10930,12201.75,12682.25,6263.5,19919.5,18188.25,19053.88
E05004706,Highfield,4,10341.25,9260.75,9650.5,5379.5,10453.5,10277,21540,24506.5,23023.25
E05004707,Kings Langley,3,28984.33,26686.666666666668,30215.666666666668,27873.666666666668,30365.333333333332,25774.333333333332,16544.666666666668,16814,16679.33
E05004708,Leverstock Green,7,21266.43,18023.428571428572,18446,16470,21744,21287.85714285714,25821.571428571428,27839.85714285714,26830.71
E05004709,Nash Mills,2,24969,18901.5,21292,22844.5,25094.5,23506,16532.5,29463,22997.75
E05004710,Northchurch,2,27718.5,26521.5,28249,27582,30753.5,29053,9774,16382.5,13078.25
E05004711,Tring Central,3,23388.33,21506,22234.666666666668,18571.333333333332,25854.666666666668,20131.333333333332,17035.666666666668,25963,21499.33
E05004712,Tring East,2,33121,32576.5,32997.5,32348,33489,30540,18723,27248.5,22985.75
E05004713,Tring West and Rural,4,28272,26006.5,28622.5,26763.75,30209.75,28077.25,18735.25,19429,19082.12
E05004714,Watling,4,21340,24543,25371.25,23411.5,26953.25,22793.5,4463.75,11168.25,7816
E05004715,Woodhall Farm,4,16925.25,15122,18133.25,14311.25,19895.75,16290.5,9200.25,19541.75,14371
E05005010,Cowden and Hever,1,15967,25807,26394,26900,30902,21734,724,1046,885
E05005011,Crockenhill and Well Hill,1,13804,18175,18360,8404,27522,14431,2814,6979,4896.5
E05005012,Dunton Green and Riverhead,4,26391.5,24439.75,27750.25,24392.75,28010.5,22088.5,15104.75,20138.5,17621.62
E05005013,Edenbridge North and East,3,19281.67,18947.333333333332,21576.333333333332,15462.666666666666,22061.333333333332,16712.333333333332,7901,22788,15344.5
E05005014,Edenbridge South and West,3,13596,14972,14926.666666666666,11060.666666666666,19006.333333333332,9784.666666666666,7976.333333333333,18698.666666666668,13337.5
E05005016,"Farningham, Horton Kirby and South Darenth",3,15486,19980,19719.666666666668,14682.333333333334,22826.333333333332,13752.666666666666,1788,16342.666666666666,9065.33
E05005017,Fawkham and West Kingsdown,4,16472,21669.75,19882.25,12031,24743.75,16730.5,2196.75,16071.25,9134
E05005018,"Halstead, Knockholt and Badgers Mount",2,23176,28827,28334.5,19642,30388,24288,2023,16834,9428.5
E05005021,Kemsing,3,25110,24388.666666666668,26631,23356.666666666668,28575.666666666668,22980.666666666668,7170.666666666667,24177,15673.83
E05005026,Sevenoaks Eastern,2,24349.5,22301,22182.5,24753.5,25191.5,18607.5,19203,22192.5,20697.75
E05005027,Sevenoaks Kippington,3,31150.67,30524.666666666668,29193.666666666668,31470.333333333332,32221.666666666668,24257.333333333332,16621,30951.333333333332,23786.17
E05005028,Sevenoaks Northern,3,21074,19751,22290.666666666668,18256,21281.333333333332,14291,16743.333333333332,25174,20958.67
E05005029,Sevenoaks Town and St John's,4,30942.75,29626.75,30158,30804.25,29542,22340.5,24634.25,18075.5,21354.88
E05005031,Swanley St Mary's,3,8570.33,8692.333333333334,7492,5893.333333333333,11625,5529.666666666667,12644.333333333334,24534,18589.17
E05005032,Swanley White Oak,4,11506.75,12268,10217.5,8543.75,14220.25,7752,11987.25,22736.75,17362
E05005081,Beacon Road,3,11557,10334,8888,13495,10306.666666666666,11762.333333333334,13087.333333333334,22405.666666666668,17746.5
E05005082,Birchington North,2,21057,25410,17993,18788.5,18957,27623.5,4511,26055,15283
E05005083,Birchington South,4,11221.5,13783.25,9077.5,9748,12645.5,15410.25,5090.75,20011,12550.88
E05005084,Bradstowe,3,22076.67,23971,17774.333333333332,21642.333333333332,21026,19952,16374.333333333334,20496.333333333332,18435.33
E05005085,Central Harbour,5,6927.2,7913.8,6649.8,11791.8,9269,3282.6,14496.4,6249.8,10373.1
E05005086,Cliffsend and Pegwell,3,18848.67,18978.333333333332,17462,17639,18628,13950.333333333334,12456.333333333334,25180.666666666668,18818.5
E05005087,Cliftonville East,4,18825,19606.75,14592,17845,18186.25,17152.75,12152.5,26190.25,19171.38
E05005088,Cliftonville West,5,1889,3358.4,1852.2,1842.4,4453.8,1440.8,6299.2,6597.8,6448.5
E05005089,Dane Valley,5,3768,4596.2,2952.6,4688.6,5369,3498.6,6751.8,19823.6,13287.7
E05005090,Eastcliff,5,5226.8,5997,5264.8,5808.4,6106.4,4790.6,12662.8,6495,9578.9
E05005091,Garlinge,3,11379,12366.333333333334,8575.666666666666,10684.666666666666,10590,10095.333333333334,11908.333333333334,22403.333333333332,17155.83
E05005092,Kingsgate,1,23556,26840,22692,21211,26263,18903,4184,29149,16666.5
E05005093,Margate Central,4,1632.5,2914.5,1721.5,2302.25,3607,1029,4412,5965.25,5188.62
E05005094,Nethercourt,3,16087,16105.333333333334,14750,12427,16203.333333333334,14919.333333333334,13342,22290.333333333332,17816.17
E05005095,Newington,3,1975.67,1883,1951,2309,2975.6666666666665,2688.3333333333335,7316.666666666667,25588.666666666668,16452.67
E05005096,Northwood,4,5595.75,7068.5,4119.5,4419,7601,4083,12319.25,20312,16315.62
E05005097,St Peters,5,16494.2,14900.2,13911.2,19140.8,15585.8,13846.6,15930.4,18032.6,16981.5
E05005098,Salmestone,4,7586.25,7773.75,6862.5,7672,7130.5,9706.25,11025.75,14010,12517.88
E05005099,Sir Moses Montefiore,3,11093,10887.666666666666,9233,10853,12428.333333333334,9366.666666666666,18798,15281.333333333334,17039.67
E05005100,Thanet Villages,5,12467.2,13623.8,13826.8,13242.2,15094.2,12400,3703,18347,11025
E05005101,Viking,5,19912,20335.6,16697.8,20281.2,19051,15163.8,19473.8,15873.2,17673.5
E05005102,Westbrook,3,15017.33,18251.666666666668,13384,14609.333333333334,11995.333333333334,12312.666666666666,11455.666666666666,14070,12762.83
E05005103,Westgate-on-Sea,4,12229.25,12321.5,9947.5,13012.5,12709.5,11821.75,11737.25,19429.5,15583.38
E05005150,Bank Hall,4,1148.25,2399,2788.5,1899.5,1528.75,2055.75,16828,744.75,8786.38
E05005151,Briercliffe,4,18607.75,19824.75,19630.25,18961.75,12951.75,21888.5,13604.25,13832,13718.12
E05005152,Brunshaw,4,4958,6800.75,4846.25,4890.5,3001,6586.25,23725,14588.25,19156.62
E05005153,Cliviger with Worsthorne,4,22821.25,28282,23250.5,26932.25,16287.25,29259,7062.25,14229.25,10645.75
E05005154,Coal Clough with Deerplay,4,13087.25,17222.5,13051.75,13917.5,8006.5,10808.5,16251.25,11918.5,14084.88
E05005155,Daneshouse with Stoneyholme,4,1500.5,1320.5,4380,1647.5,4841.5,8197.75,4738.5,584.5,2661.5
E05005156,Gannow,4,6866.5,9625.5,6943.5,8504.75,4148,5753,22698.25,6523.75,14611
E05005157,Gawthorpe,4,4645.5,6287.25,4486.25,6430.5,3381,5247.5,17164,7617,12390.5
E05005158,Hapton with Park,4,9630,11728.5,9560.75,12418.25,6493.25,11797.75,13824.5,10365.5,12095
E05005159,Lanehead,4,7283.75,6289,6675.5,6547.75,7606.75,13660.5,18119.25,12583.5,15351.38
E05005160,Queensgate,4,5178.5,6439.25,7380.5,5220.5,5598.5,7150.75,13411,2323.5,7867.25
E05005161,Rosegrove with Lowerhouse,4,8164.5,9346,8952.5,7471.5,4608,8709,18651.5,11053.25,14852.38
E05005162,Rosehill with Burnley Wood,4,8250.75,11113.25,10112.25,9452.25,5182.25,7843,22856.25,7362.75,15109.5
E05005163,Trinity,4,1168.75,3533,1646.25,2298.5,1418.75,774.75,22023.5,1601,11812.25
E05005164,Whittlefield with Ightenhill,4,23690,25954.75,20053.25,23329.75,13535,21756.5,19196.25,27347.5,23271.88
E05005206,Altham,3,10947.67,12138.333333333334,10848,14898.333333333334,6327.666666666667,12980.333333333334,19230,9937.666666666666,14583.83
E05005207,Barnfield,3,5984,6983.333333333333,4782.666666666667,12332.333333333334,4661,4824,19663,5447.333333333333,12555.17
E05005208,Baxenden,3,26083.33,27160.333333333332,28466,26682,19219,22250.666666666668,15177.666666666666,13741.333333333334,14459.5
E05005209,Central,3,992.33,1745,2741.3333333333335,732.3333333333334,3238.3333333333335,5621.333333333333,7032,396,3714
E05005210,Church,4,2619.75,2742.25,3288.25,3813.5,2826.75,4421.5,16338.25,8221.75,12280
E05005211,Clayton-le-Moors,3,13020.33,15297,11117,13407.333333333334,9101.666666666666,12293.666666666666,15893.666666666666,13006.333333333334,14450
E05005212,Huncoat,3,14742.33,15440.666666666666,13808.333333333334,19660.666666666668,11635.333333333334,12810.666666666666,11687,16386.666666666668,14036.83
E05005213,Immanuel,3,13171.33,16343.333333333334,10837,17511.666666666668,8438,12496.666666666666,16338.666666666666,9987.333333333334,13163
E05005214,Milnshaw,3,7046.33,7999.666666666667,6561.333333333333,9554,5575.333333333333,7373,24862,7978.666666666667,16420.33
E05005215,Netherton,3,6666.33,8126.333333333333,7109,7888,5548,9767.666666666666,17305,3061.3333333333335,10183.17
E05005216,Overton,4,14504.75,17850.75,14709.75,16429.25,8763.25,12412.75,22919,9930.75,16424.88
E05005217,Peel,3,2445.67,4118.666666666667,3172.6666666666665,7505.333333333333,1881.6666666666667,3181.6666666666665,20549,383,10466
E05005218,Rishton,5,10720,13096,10706.2,13489.2,6502,9616.8,23050.2,5873.2,14461.7
E05005219,St Andrew's,3,6107.67,7575,6603.333333333333,10654,3481.3333333333335,4658.333333333333,23281.333333333332,5799,14540.17
E05005220,St Oswald's,4,18683.5,21903.25,20179.25,17863.25,13072.5,21068,15004.75,11092.75,13048.75
E05005221,Spring Hill,3,1179,1278.6666666666667,1618.3333333333333,2247,2511.3333333333335,3346.3333333333335,9759,6986.666666666667,8372.83
E05005479,Ambien,2,26190.5,25712,27469.5,26374.5,27386,27820.5,6760.5,20717,13738.75
E05005480,"Barlestone, Nailstone and Osbaston",2,18110,19181,19582.5,16448,23551.5,21103.5,2855,19929.5,11392.25
E05005481,Barwell,6,16405.83,16116.5,14653.833333333334,9956.833333333334,14385.666666666666,13735.5,25861.833333333332,22808.5,24335.17
E05005482,Burbage St Catherines and Lash Hill,4,19343,18323,15377.25,17874.25,16156.25,14894,27328.75,22386.5,24857.62
E05005483,Burbage Sketchley and Stretton,6,31031.5,28958.333333333332,28571.166666666668,27365,27150.166666666668,25279.833333333332,26848.666666666668,27336.166666666668,27092.42
E05005484,"Cadeby, Carlton and Market Bosworth with Shackerstone",2,24243,27892,24913.5,30254.5,26030.5,25739.5,3679,16813,10246
E05005485,Earl Shilton,6,16645.33,16013.833333333334,13546,12502.833333333334,15825.333333333334,12756.166666666666,23574.333333333332,22843.666666666668,23209
E05005486,Groby,4,28358.75,26727.75,26257.75,24906,28879.75,25148,17270.5,25273.75,21272.12
E05005487,Hinckley Castle,4,17393.75,16479.25,16313.75,15631.25,17230.25,12989.75,30728.5,11281.5,21005
E05005488,Hinckley Clarendon,6,21776.67,18692,18545.666666666668,16856.833333333332,18475.833333333332,19653.833333333332,26291,25028,25659.5
E05005489,Hinckley De Montfort,6,24927.17,23603.666666666668,21763.333333333332,19350.333333333332,20873.833333333332,22161.333333333332,28265.333333333332,23119.666666666668,25692.5
E05005490,Hinckley Trinity,4,17341,16114.5,14555,12846.25,13462.5,15081,27728,23587.75,25657.88
E05005491,"Markfield, Stanton and Fieldhead",4,23171.5,23252,22202.25,23418.75,22807.75,21962.75,7313.5,22610.75,14962.12
E05005492,Newbold Verdon with Desford and Peckleton,5,21320.4,23387,21241,19527.6,20442.2,25282.8,5561.8,23794.8,14678.3
E05005493,"Ratby, Bagworth and Thornton",5,18327.6,16952.4,18727.2,16400.4,19417.2,15654.4,11276.2,23357.6,17316.9
E05005494,Twycross and Witherley with Sheepy,2,22993,28773,24181,27500.5,25365.5,26624.5,3530,13094.5,8312.25
E05005495,Asfordby,2,18794.5,17271.5,19389.5,19899.5,20510,17832,5637.5,20844.5,13241
E05005496,Bottesford,2,26686.5,24010.5,24842,28527.5,24744,24554.5,10220,26351.5,18285.75
E05005497,Croxton Kerrial,1,13586,22426,23171,24897,27603,21296,100,1594,847
E05005498,Frisby-on-the-Wreake,1,25462,28879,31919,30688,30820,30505,3519,7604,5561.5
E05005499,Gaddesby,1,23454,29212,27094,30631,28544,26666,1246,15264,8255
E05005500,Long Clawson and Stathern,3,22857.33,26038.333333333332,26213,27680,27997.666666666668,26068.666666666668,2492.3333333333335,14353,8422.67
E05005501,Melton Craven,2,18949,17361.5,15764.5,17886,18127.5,16591.5,28172.5,19923,24047.75
E05005502,Melton Dorian,3,21453,16586,19314.666666666668,13854.666666666666,20027.666666666668,22799,24259,27006,25632.5
E05005503,Melton Egerton,3,12851.67,11777.666666666666,11693.333333333334,8348.333333333334,13954.333333333334,11871,25908.666666666668,18490.666666666668,22199.67
E05005504,Melton Newport,3,23740.33,21475.666666666668,22306,20518.333333333332,22869.333333333332,17512,22568.333333333332,21487,22027.67
E05005505,Melton Sysonby,3,23034.67,20980.666666666668,21364.666666666668,18516.333333333332,22459.333333333332,20006.333333333332,20427.333333333332,30676.666666666668,25552
E05005506,Melton Warwick,2,18463,18015.5,17418,14491,22050.5,10971.5,23623.5,19626,21624.75
E05005507,Old Dalby,1,20614,23757,22916,26111,19716,27413,2101,15482,8791.5
E05005508,Somerby,1,17327,27451,27791,26028,30038,28380,114,3600,1857
E05005509,Waltham-on-the-Wolds,1,18414,22749,22887,22585,20284,30166,3975,3845,3910
E05005510,Wymondham,1,13798,21353,26061,19097,28713,24803,57,2076,1066.5
E05005531,Oadby Brocks Hill,3,27679,23859.333333333332,23728.666666666668,27153,25558.333333333332,20415.666666666668,20258.666666666668,29331.333333333332,24795
E05005532,Oadby Grange,3,30127,25966.333333333332,29854.666666666668,28194.333333333332,30210.666666666668,25950.666666666668,21030.333333333332,22551.666666666668,21791
E05005533,Oadby St Peter's,3,16262.33,13571.333333333334,13255.666666666666,18858.333333333332,16226,11908,26877.333333333332,15382.666666666666,21130
E05005534,Oadby Uplands,3,27302,22139,25229.666666666668,25550.666666666668,26805.666666666668,26158,15779,25612.333333333332,20695.67
E05005535,Oadby Woodlands,3,26967.33,25393,26617.333333333332,27489.333333333332,28112,26469,6025.666666666667,30554.666666666668,18290.17
E05005536,South Wigston,5,14160,14113.6,12030.2,10216,11105.2,13144.6,26376.4,17215.8,21796.1
E05005537,Wigston All Saints,4,22189.75,21116.5,20017,16302.25,18013.5,17429.25,29755.75,21264.5,25510.12
E05005538,Wigston Fields,4,16595,14559.75,15127.75,11077.75,15816.75,18374.5,25623,18417.5,22020.25
E05005539,Wigston Meadowcourt,4,25213.5,22380.5,21580.75,19968.25,23262.25,22779.75,25155,25650.25,25402.62
E05005540,Wigston St Wolstan's,4,23142,20102.75,21545.5,21579.25,20329,18650.5,23378.25,21763.75,22571
E05005644,Crowland and Deeping St Nicholas,3,14349.33,16389,18679,12169,22513,19509,1469,17767.666666666668,9618.33
E05005645,"Donington, Quadring and Gosberton",4,14449.75,15482.75,14642,11615,15538.25,21569.75,5820.25,17631.75,11726
E05005646,Fleet,1,13257,17672,13264,7740,13040,22467,4750,15614,10182
E05005647,Gedney,1,8453,14576,12676,3889,14339,20638,473,9539,5006
E05005648,Holbeach Hurn,1,11649,15733,14298,5199,21084,30815,1659,9051,5355
E05005649,Holbeach Town,4,14758.75,14713,13178.25,7858.5,15536.5,17400,13325.5,25684.75,19505.12
E05005650,Long Sutton,4,12171,14980.25,12620.75,6634.75,13066.75,20990.25,4863.75,19807,12335.38
E05005651,"Moulton, Weston and Cowbit",4,17139,20403.5,18292.5,13343,19982.25,27875.25,2287.75,20838.75,11563.25
E05005652,Pinchbeck and Surfleet,4,15304.75,17449.75,16342.5,11974.5,21260.25,20885.75,4745.5,18041,11393.25
E05005653,Spalding Castle,2,15983,17639.5,16524.5,7699,19053.5,15932.5,22029.5,15481,18755.25
E05005654,Spalding Monks House,4,20278,17501.25,20970,9219.25,22485.5,22174.25,18829.5,23939.75,21384.62
E05005655,Spalding St John's,3,15662.33,15360,18939.666666666668,5219,20895.333333333332,14448.333333333334,22789.333333333332,16361.666666666666,19575.5
E05005656,Spalding St Mary's,3,15759,16577,16653.666666666668,8047,16685.333333333332,16713.666666666668,12745.666666666666,22781.666666666668,17763.67
E05005657,Spalding St Paul's,3,9844,10013,11308.666666666666,3909.3333333333335,14604,10889,16077.333333333334,15377.333333333334,15727.33
E05005658,Spalding Wygate,3,26730.67,23601,24015.333333333332,16417,24433.666666666668,27756.666666666668,19067.333333333332,32269,25668.17
E05005659,Sutton Bridge,3,8063,11951.666666666666,9146,3639.6666666666665,9644,17319,3166.3333333333335,17648,10407.17
E05005660,The Saints,1,9768,15331,15508,5912,18341,19736,125,11477,5801
E05005661,Whaplode and Holbeach St John's,3,12674.33,18466.666666666668,16185,8638.333333333334,17460,17643.333333333332,2364,13256.333333333334,7810.17
E05005757,Acle,2,20055,17370.5,17829,13666,22409,21792,12084.5,26799,19441.75
E05005758,Aylsham,5,21062,18760.4,18134.6,15530,25381.2,24915.6,13594.4,24332.4,18963.4
E05005759,Blofield with South Walsham,4,22270.5,25355,24008,19554.75,26386.75,28380.25,3821.75,20595.5,12208.62
E05005760,Brundall,4,21762.75,21841.25,22653.75,16270.25,24361,27418.75,6703.5,21548.25,14125.88
E05005761,Burlingham,2,18291.5,20505.5,17199,15611.5,22576.5,27472,2889.5,23007.5,12948.5
E05005762,Buxton,2,21125.5,24856,23621.5,20004.5,25392,26930,4290.5,9609.5,6950
E05005764,Drayton North,2,25589,21829.5,24118.5,18571.5,23659.5,26303,13193,32647.5,22920.25
E05005765,Drayton South,2,26294.5,23866.5,20722,19821.5,23908.5,28848.5,21602.5,27453.5,24528
E05005766,Eynesford,2,11696.5,17421.5,16438,9009,21742,18388.5,1634.5,4114.5,2874.5
E05005767,Great Witchingham,2,15203,24390,23455.5,13361,26357,30152,2154,1898.5,2026.25
E05005768,Hellesdon North West,4,21254.5,21214.75,17083.25,9906,19390.5,23236,28553.75,28070,28311.88
E05005769,Hellesdon South East,3,26183.67,23074.666666666668,23182,17088.333333333332,25141.666666666668,20451.666666666668,32274.666666666668,22365.666666666668,27320.17
E05005770,Hevingham,2,17707,22558.5,20983.5,13493,26995.5,26874,3797,7986,5891.5
E05005771,Horsford and Felthorpe,3,20733.67,19878.666666666668,21227.666666666668,12733.333333333334,22843.333333333332,23197.666666666668,7787.666666666667,28970.333333333332,18379
E05005772,Marshes,2,13694.5,17922.5,15728,14292,22115.5,26765.5,925,8747.5,4836.25
E05005773,Old Catton and Sprowston West,5,27470,24778.2,24010.4,18185.4,28764.2,26804,23719.8,26186,24952.9
E05005774,Plumstead,2,25778.5,27043.5,26027,22692,29229.5,27789.5,4791.5,28816,16803.75
E05005775,Reepham,2,19819,22963,24054,16988,27371.5,27725,5737,5637,5687
E05005777,Sprowston Central,4,22032.5,20807.5,18109.5,14027.75,21227,22947.25,22737,24252.75,23494.88
E05005778,Sprowston East,6,26537.67,24997.166666666668,24018,14598,26551.166666666668,26954,23129.666666666668,26837.5,24983.58
E05005779,Taverham North,4,26920.25,24964,24330,18725.25,24620.75,27094.25,16608.5,32764.25,24686.38
E05005780,Taverham South,3,29162,27339.666666666668,25844.333333333332,21305.666666666668,27537,29707,20183,33001.666666666664,26592.33
E05005781,Thorpe St Andrew North West,5,26212.4,24941.4,22504.8,18408.6,24555,25954,23548.2,27483.4,25515.8
E05005782,Thorpe St Andrew South East,4,25332.75,24076.5,23323.25,23377.75,24580.5,20205.25,18695.25,24039.75,21367.5
E05005783,Wroxham,3,19671,18966.333333333332,17111.666666666668,17214,22003.333333333332,24377.333333333332,6992.333333333333,24748.333333333332,15870.33
E05005784,Bradwell North,4,20354,20533.5,16844.75,11164.25,17547,27553.5,15651.25,28414,22032.62
E05005785,Bradwell South and Hopton,3,16437.67,16247.333333333334,15127,11205,16774.666666666668,19776.333333333332,9699.666666666666,28431.333333333332,19065.5
E05005786,Caister North,3,17363,18893.666666666668,13033.333333333334,10396.666666666666,12868.333333333334,25939.333333333332,15093,29181,22137
E05005787,Caister South,3,13342.67,14245.333333333334,10610,9379.333333333334,11221.666666666666,16986,19157.333333333332,17755,18456.17
E05005788,Central and Northgate,5,1763.6,2603.8,2110,1827.2,3137.8,1862.6,20772.6,2888.4,11830.5
E05005789,Claydon,5,4650,5316.2,3714.8,2779.4,6196,8542.4,16595.6,18899,17747.3
E05005790,East Flegg,3,11482.33,17648,13389.333333333334,8321.666666666666,12107.666666666666,22480,3820.6666666666665,7166.666666666667,5493.67
E05005791,Fleggburgh,2,14980,21768,19115.5,11438,19138,24141.5,2054,9036.5,5545.25
E05005792,Gorleston,3,18790.33,19724,16642,15662.666666666666,17845.333333333332,19504.333333333332,16687.333333333332,17313,17000.17
E05005793,Lothingland,4,12379.5,18362.5,15545.75,8419,14481.75,17756,1829,14980.25,8404.62
E05005794,Magdalen,5,7467.2,6999.6,5064.8,6520,6875,12762.2,16014.2,25627.2,20820.7
E05005795,Nelson,5,245.4,928.2,637.6,109.6,1686.6,1103.6,15389.4,9050.6,12220
E05005796,Ormesby,3,13101,20772.666666666668,15805.666666666666,10078,17268.666666666668,23071,4007,3357,3682
E05005797,St Andrews,3,7364,8880.666666666666,7458.333333333333,5780.333333333333,10330.333333333334,5477.666666666667,23937.666666666668,4669.666666666667,14303.67
E05005798,Southtown and Cobholm,3,3191.67,4326.333333333333,3504.3333333333335,1147.3333333333333,4664,8102.333333333333,19716.333333333332,6789.333333333333,13252.83
E05005799,West Flegg,3,13435.67,17717,14667.666666666666,9932,15486.666666666666,24172,3380.3333333333335,10112.333333333334,6746.33
E05005800,Yarmouth North,3,6705,7671.666666666667,6080,5425.333333333333,6681.666666666667,7142,20619.333333333332,13604.333333333334,17111.83
E05006377,Beckingham,1,18788,20220,15813,21443,17088,26075,5093,19771,12432
E05006378,Blyth,1,23284,26250,25302,23065,23126,20532,8297,10824,9560.5
E05006380,Clayworth,1,17404,23488,18761,14614,23242,24175,4008,6948,5478
E05006381,East Markham,2,18639.5,23981.5,24560,21537.5,23631,23254,4455.5,3712.5,4084
E05006382,East Retford East,5,15731.8,16329.2,12558,13188.4,13345.4,17591,25524.6,20144.2,22834.4
E05006383,East Retford North,4,17093.75,14906.75,13457.75,9070.25,14789.25,20690.75,28070.75,29190,28630.38
E05006384,East Retford South,3,14805.67,14004.666666666666,12920.666666666666,8401.666666666666,14134,16134.333333333334,16617.666666666668,27971.666666666668,22294.67
E05006385,East Retford West,3,15455,14690.333333333334,13156.666666666666,12766.333333333334,14014.333333333334,12458.333333333334,30505.666666666668,14125.666666666666,22315.67
E05006386,Everton,1,17946,23276,21569,22503,25316,28684,1948,4929,3438.5
E05006387,Harworth,5,10204.4,10658.4,8781.8,7017.2,9666.8,9177.8,14024.6,26682.8,20353.7
E05006388,Langold,2,7351.5,9409,6983,2536.5,6979.5,10007.5,12325.5,27337,19831.25
E05006389,Misterton,2,17520.5,22248.5,16453.5,18337.5,17178.5,21829.5,3711,15945.5,9828.25
E05006390,Rampton,1,8848,20973,8342,10836,14194,20907,654,2928,1791
E05006391,Ranskill,1,17385,19338,15249,17867,20545,17822,4904,18561,11732.5
E05006392,Sturton,1,18497,23563,23525,13407,25238,31570,2214,8861,5537.5
E05006393,Sutton,1,16943,27734,26557,9266,21643,8921,4172,8700,6436
E05006394,Tuxford and Trent,3,11893,17011.333333333332,16800.666666666668,13835.666666666666,16561.666666666668,21177.333333333332,6671.666666666667,1897.3333333333333,4284.5
E05006395,Welbeck,1,11146,17051,16370,9467,16789,13663,3272,2584,2928
E05006396,Worksop East,4,13356.25,12771.75,10711.25,7305.75,11665,16213,26104.25,22850,24477.12
E05006397,Worksop North,5,20741.4,19283.8,19807.4,16686,17133.6,17447,23124.2,23708,23416.1
E05006399,Worksop North West,5,14986.2,14751.2,14652.4,12459.6,13362.6,14473.4,20772,18723.2,19747.6
E05006400,Worksop South,4,22649.5,23053.75,20242,18229.25,20032.75,15586.25,25170.25,22564.5,23867.38
E05006401,Worksop South East,5,3448.4,4298,4045.6,597.4,5328.2,8487.4,19024.2,19135.2,19079.7
E05006627,Alvescot and Filkins,1,18938,27624,27345,24084,30586,26928,1813,2030,1921.5
E05006628,Ascott and Shipton,1,27035,28450,29407,27112,32902,32166,3684,17292,10488
E05006629,Bampton and Clanfield,2,22548,23875,25205,18413,30539.5,27753,3789,16963.5,10376.25
E05006632,Carterton North East,3,27887.67,22508,26258,19041.333333333332,27517,25338.666666666668,19206.666666666668,32710.333333333332,25958.5
E05006634,Carterton South,3,28025.33,25688.666666666668,25587.666666666668,16488,26389.666666666668,28692.666666666668,21845.333333333332,32029,26937.17
E05006637,Chipping Norton,4,22756.5,21362.5,21461.25,19351,22143.25,19220.75,16003.5,23818.75,19911.12
E05006638,Ducklington,1,24706,20756,23519,16184,31008,24208,14226,22056,18141
E05006639,Eynsham and Cassington,4,26589.25,23988.25,22595.25,23542,27354.25,24860.5,19378,24658.5,22018.25
E05006640,Freeland and Hanborough,3,29192,27392.666666666668,28376.333333333332,27075,30179,30622.333333333332,8819,30649,19734
E05006642,"Kingham, Rollright and Enstone",3,19174.67,24974.333333333332,25842.666666666668,24981.666666666668,29884.666666666668,28918,2972.3333333333335,2177,2574.67
E05006643,Milton-under-Wychwood,1,26276,28217,29390,25682,33385,28757,4124,14241,9182.5
E05006644,North Leigh,1,25667,23401,22918,20802,32187,27219,7932,26631,17281.5
E05006645,"Standlake, Aston and Stanton Harcourt",3,24434.33,25915.666666666668,25921.333333333332,25098,30171,31453,4939.666666666667,13407,9173.33
E05006646,Stonesfield and Tackley,3,23906.67,25517.666666666668,26741,27725,29038.333333333332,29540.333333333332,3256,12437.666666666666,7846.83
E05006647,The Bartons,1,23983,30163,29904,26673,30069,28227,1774,11083,6428.5
E05006648,Witney Central,3,16389.67,13266,14244.333333333334,6961,21883,16351.666666666666,29179.666666666668,29774,29476.83
E05006649,Witney East,5,27716,24210,25041.2,20845,26164,27333,27597,30918.8,29257.9
E05006650,Witney North,3,27646,25928.666666666668,26205,20122.333333333332,27971.666666666668,27504.666666666668,29014.333333333332,23958.666666666668,26486.5
E05006651,Witney South,4,22589,20251,20416.25,12521.5,22623.5,18777.25,30668,24722.25,27695.12
E05006652,Witney West,3,30006,25138.666666666668,28068,21128,30111.333333333332,28702.666666666668,21655.333333333332,31447.333333333332,26551.33
E05006653,Woodstock and Bladon,3,30194.67,28874.666666666668,31218.333333333332,29944,32583.333333333332,28387,10373.333333333334,23059,16716.17
E05007039,Alton,1,24390,30548,29940,22901,29010,25324,4130,8734,6432
E05007040,Bagnall and Stanley,1,24375,29548,25533,25761,28437,22893,8425,6693,7559
E05007041,Biddulph East,4,10986.25,9302.75,8563,9372.75,8589.5,10943.25,30622.75,22206.5,26414.62
E05007042,Biddulph Moor,1,22302,29799,24485,26715,26095,31973,10201,1759,5980
E05007043,Biddulph North,3,28909,28369.666666666668,25486.666666666668,26064,25874.666666666668,30383,19188.666666666668,22398.666666666668,20793.67
E05007044,Biddulph South,1,25773,28308,23382,24690,19951,19829,21256,13390,17323
E05007045,Biddulph West,3,22626.67,21753.333333333332,19915.333333333332,19138.333333333332,21028.333333333332,21541.666666666668,24589,15325.333333333334,19957.17
E05007046,Brown Edge and Endon,3,26879.33,28840,25376.333333333332,23264.666666666668,25131.666666666668,29778.666666666668,12218.666666666666,16390.666666666668,14304.67
E05007047,Caverswall,1,17346,23307,22821,19564,21987,14714,6005,3244,4624.5
E05007048,Cellarhead,2,27533,27850.5,23279,22913,22598.5,26309,17279.5,27709.5,22494.5
E05007049,Cheadle North East,2,15991,15070.5,13441,11150.5,12439,18621.5,20193,22500,21346.5
E05007050,Cheadle South East,2,19308,19631.5,16647,15643.5,16433.5,19866.5,23777,16950,20363.5
E05007051,Cheadle West,3,23370.33,23308,20801.333333333332,18934.333333333332,20070.333333333332,25549,23049.333333333332,16906,19977.67
E05007052,Checkley,4,22726.25,25831.75,23899,21827,22410.75,28576.75,7848,11976.75,9912.38
E05007053,Cheddleton,3,25510,27481.333333333332,27690.333333333332,21785.666666666668,27051.666666666668,30872.666666666668,7544,12892,10218
E05007054,Churnet,2,16806.5,22772.5,20339.5,18380.5,20690.5,28351,2462,5875,4168.5
E05007055,Dane,1,11848,25906,27815,15323,29300,16982,98,230,164
E05007056,Forsbrook,3,25630,26216.333333333332,22026.333333333332,21381,23058,22216.333333333332,18701.666666666668,20391,19546.33
E05007057,Hamps Valley,1,15038,27693,25400,23508,31939,27376,624,379,501.5
E05007058,Horton,1,18224,31687,28244,25046,24413,27368,1726,1173,1449.5
E05007059,Ipstones,1,19728,30195,23918,23114,26845,30852,2379,2979,2679
E05007060,Leek East,3,20661.67,22124.333333333332,18957.666666666668,17369.666666666668,18098,18217.666666666668,31533.333333333332,10193.666666666666,20863.5
E05007061,Leek North,4,9193,9405,6973.5,6115.25,7739.25,13982,28596.25,17119.5,22857.88
E05007062,Leek South,3,16084,17593.333333333332,14327,11481.666666666666,15100.666666666666,19909,27213.333333333332,9593.333333333334,18403.33
E05007063,Leek West,3,25850.33,26129.333333333332,23813,21021,21467,24080.333333333332,27976.333333333332,17459.333333333332,22717.83
E05007064,Manifold,1,12751,25830,26439,14398,27892,30664,433,141,287
E05007065,Werrington,2,29165.5,30644,26108,22247,26343,29138.5,17500.5,21498,19499.25
E05007066,Amington,5,19209,18530.6,17095.6,13264.4,17565.8,21087.6,20328.2,22838.6,21583.4
E05007067,Belgrave,5,14005.8,13846.2,13184.2,6985.6,11792,16980.6,23375,18919.4,21147.2
E05007068,Bolehall,5,14974.8,14461.2,12565.8,10142.6,11842.6,15177,27503.4,18453.2,22978.3
E05007069,Castle,5,16220.8,15128.6,16237.4,13648,13518.2,16073,23006.6,16837.6,19922.1
E05007070,Glascote,6,9311.33,8588.333333333334,8729.833333333334,4943,9053.5,10041.166666666666,21135.666666666668,24086.833333333332,22611.25
E05007071,Mercian,5,18378.6,17029.4,17796.4,12747.4,13244.4,23985.8,19451.4,25350,22400.7
E05007072,Spital,4,18806.5,15803,15592.75,15167.75,16602.5,21481.75,25859.5,21262.75,23561.12
E05007073,Stonydelph,5,16589.2,15158.8,15035,10462.6,14534,19585.2,13307.2,29429.8,21368.5
E05007074,Trinity,5,26113,26229.2,24511.2,17684.2,20902.6,29456.6,18809.4,23604,21206.7
E05007075,Wilnecote,6,20197,20494.5,18315,12165.333333333334,16582.333333333332,21697.833333333332,17990.333333333332,25473.833333333332,21732.08
E05007117,Alexandra,7,10025.43,11178.57142857143,11605.857142857143,10428.285714285714,9334.857142857143,8111.857142857143,21955.285714285714,5021.428571428572,13488.36
E05007118,Bixley,5,28124.4,28365.8,26954,21121.4,24052.8,23945.6,29924.8,19164,24544.4
E05007119,Bridge,6,6741.17,7870,7416.333333333333,4723,6963,6856,11604.666666666666,15475.5,13540.08
E05007120,Castle Hill,5,26049.6,24098,24528.8,18323.8,20684.6,24548,25721,24909,25315
E05007121,Gainsborough,6,11654.17,9943.5,10625,6154.666666666667,11333.333333333334,12471,23724.5,27737,25730.75
E05007122,Gipping,5,6076,6396.4,6000.8,3584.2,6007.8,7503.2,14541.4,21425.8,17983.6
E05007123,Holywells,5,17924.4,17413,18845.8,13224,16518.4,15165.4,24416.6,13105.4,18761
E05007124,Priory Heath,6,10863.83,10016.833333333334,10991.5,6818.833333333333,8622.333333333334,11617.5,23258.166666666668,25047.666666666668,24152.92
E05007125,Rushmere,5,20385.2,17913.2,17675.8,19179.2,16394,21902,25208.6,19388.4,22298.5
E05007126,St John's,5,21925,19244.2,22283.2,17663.8,15664.6,21061.4,27297.4,16290.4,21793.9
E05007127,St Margaret's,5,24697.4,24038.8,24286,24747.2,24501.6,21503,26495,10792,18643.5
E05007128,Sprites,5,11973.8,11926.6,10478,6791.6,10782,12425.8,21911.4,27417.2,24664.3
E05007129,Stoke Park,5,10502,10450.2,9453,5903.2,10370.8,11836.6,12480.6,24799.4,18640
E05007130,Westgate,5,6019.6,7480.6,7833.2,4735.8,9190.6,4760.4,14694.2,3735.6,9214.9
E05007131,Whitehouse,5,9468.4,9558,10290.4,5401.8,9206.8,12900.6,12978,17602,15290
E05007132,Whitton,5,14847.4,15090.2,15030.8,8828.4,13320.8,15489.8,13989,28999.6,21494.3
E05007362,Ashford Common,5,23100.4,21211.8,22706.6,15427.2,24779,22124,14556,21645,18100.5
E05007363,Ashford East,5,22277,21758.6,23383.6,16683,24237.4,16853.6,15816.8,15203.6,15510.2
E05007364,Ashford North and Stanwell South,5,15834,14389.4,16594,11772.6,19934.2,10419,12716,20448.2,16582.1
E05007365,Ashford Town,5,23124,23091.8,22043.2,22316.6,21397.6,17763.2,21117.4,14904.8,18011.1
E05007366,Halliford and Sunbury West,4,22728.75,21016.25,21646.25,20173.25,24276,16790.25,18509.25,16753.75,17631.5
E05007367,Laleham and Shepperton Green,5,20222,20427,20567.4,16231.6,22469.4,19951.4,9602.4,16729,13165.7
E05007368,Riverside and Laleham,4,27779.75,26825.75,26692.75,24681.75,28512.25,22789.25,15509.75,23995.25,19752.5
E05007369,Shepperton Town,4,27418.5,28307.75,28005.25,26712.75,30186,17556.5,18929.5,11585.5,15257.5
E05007370,Staines,6,19633.83,18330.5,20282.166666666668,22224.166666666668,23023.166666666668,10673.833333333334,17877.5,12240.333333333334,15058.92
E05007371,Staines South,4,18647.5,17077.25,15803,16977.25,18579,15235,17703.25,20896.25,19299.75
E05007372,Stanwell North,5,9947.2,11762.6,12204.6,7763.8,16412.6,7078.2,7641.4,11437.4,9539.4
E05007373,Sunbury Common,5,14447.2,13498.2,14683,9720,18497.8,10521.4,14911.4,16980,15945.7
E05007374,Sunbury East,4,27793,23760.5,27460.5,27551,30017.75,19735.75,23315.25,18083,20699.12
E05007457,Arley and Whitacre,4,9776,13481.75,11873.25,7490,10567.25,14002.5,4872.75,10510,7691.38
E05007458,Atherstone Central,2,8167.5,8717,9433,4318.5,8994.5,8616.5,23012.5,8146.5,15579.5
E05007459,Atherstone North,2,16402,16908,13570.5,10994,10806.5,23126,18381,27458.5,22919.75
E05007460,Atherstone South and Mancetter,3,16533.67,19495.333333333332,16411,11591,12967.333333333334,13714,21357.666666666668,15762.666666666666,18560.17
E05007461,Baddesley and Grendon,3,15348.67,15876.333333333334,18558,13082.333333333334,17667.333333333332,23873.333333333332,5897.666666666667,11633,8765.33
E05007462,Coleshill North,2,24172,23251.5,23276.5,16939.5,19417.5,30491,23751.5,12790.5,18271
E05007463,Coleshill South,2,18530.5,19841.5,16789.5,15074,12864.5,17029.5,28780.5,12305,20542.75
E05007464,Curdworth,2,22581.5,28399,27910,18060.5,25944,26324,5313.5,9273.5,7293.5
E05007465,Dordon,2,12382.5,14139.5,13357,5897.5,11435,20968.5,15318,13132,14225
E05007466,Fillongley,2,15399.5,23004.5,24464.5,14629,19919,14018,2579.5,4573,3576.25
E05007467,Hartshill,2,15364.5,15476.5,14756.5,11849,13898,15736,14026,15332.5,14679.25
E05007468,Hurley and Wood End,2,11638,14009.5,13925.5,5281.5,14373,15466,4716,18303.5,11509.75
E05007469,Kingsbury,2,18238,21654.5,19910,9995,19932,18898.5,9354,14779,12066.5
E05007470,Newton Regis and Warton,2,17788,18946,19667,15773.5,18378.5,23758.5,3409.5,20775.5,12092.5
E05007471,Polesworth East,2,17627.5,17806.5,16666.5,9621.5,17197,21077.5,12838.5,21877,17357.75
E05007472,Polesworth West,2,22651,23262.5,22400.5,14177,18976.5,24906.5,19599.5,14980,17289.75
E05007473,Water Orton,2,23457,25729,23495.5,17396.5,23368.5,22031.5,21366.5,8567,14966.75
E05007562,Buckingham,3,31696.67,28842.666666666668,29416,27919,29083.666666666668,30064.666666666668,27818.333333333332,23102.333333333332,25460.33
E05007563,Churchill,3,17676.67,17542.333333333332,15411.333333333334,10274.333333333334,16922.666666666668,19792.666666666668,23340.333333333332,16947.333333333332,20143.83
E05007564,Cokeham,3,19368.67,20003.333333333332,16178.666666666666,8391,19670.333333333332,22173.666666666668,23565,22747.333333333332,23156.17
E05007565,Eastbrook,3,15577.33,13790.666666666666,12022,11545,18304.333333333332,14148,28310.333333333332,17464.666666666668,22887.5
E05007566,Hillside,3,20288.33,17904.666666666668,15317,12198.333333333334,21671.333333333332,18575.333333333332,30723.333333333332,24129.333333333332,27426.33
E05007567,Manor,3,25690,25345.333333333332,24422,14162.333333333334,26070.333333333332,23664.333333333332,24742,23286,24014
E05007568,Marine,2,29202.5,24176.5,24898,27485,30118.5,21836,23149,28515,25832
E05007569,Mash Barn,3,13233.33,10784.333333333334,11762.666666666666,7495,15566.333333333334,14963.333333333334,24730.333333333332,20906.666666666668,22818.5
E05007570,Peverel,3,17044.33,15961,15144.333333333334,8814,16461,20118.666666666668,24700.333333333332,19934.666666666668,22317.5
E05007571,St Mary's,3,16549,13771.666666666666,12666,15776.666666666666,17497.333333333332,14299.333333333334,28604.333333333332,17379.666666666668,22992
E05007572,St Nicolas,3,28854.33,26917.666666666668,25543.333333333332,28208.333333333332,28157.333333333332,25780,31082.666666666668,17019,24050.83
E05007573,Southlands,3,13162,10997.333333333334,9747.666666666666,8668.666666666666,13394,14596.666666666666,25604.333333333332,25588,25596.17
E05007574,Southwick Green,3,22435.33,17620.666666666668,19902,21167.666666666668,25270,19036.333333333332,30169.666666666668,11908.666666666666,21039.17
E05007575,Widewater,4,19552.5,18770.75,17890.75,13001,20227.25,21282,17907,15912.5,16909.75
E05007694,Broadwater,6,21981.33,19260,20450,17773.833333333332,18025.166666666668,21577,25762.166666666668,19729.666666666668,22745.92
E05007695,Castle,6,16375,14265.166666666666,14871.833333333334,13724,15484.5,13659.333333333334,19243.833333333332,22277,20760.42
E05007696,Central,6,10282.5,10960.166666666666,9604,14610,10392.666666666666,4932.666666666667,23798.166666666668,7762.166666666667,15780.17
E05007697,Durrington,4,19426.25,17906,16423.25,16018.25,17233,20642.25,16646.5,25302.75,20974.62
E05007698,Gaisford,6,22354.33,20257,20969.5,22229.5,19483.5,18465,29193.166666666668,14929.5,22061.33
E05007699,Goring,5,27362.4,26700.8,23967.4,24166.4,22433.8,26514.2,24714.8,24089,24401.9
E05007700,Heene,5,13720.4,14166.8,11664,15817.6,9871.4,13310.8,25795.4,10058.8,17927.1
E05007701,Marine,5,27350.8,24535.6,25316.4,27570,22816,23644,28124.8,14345.6,21235.2
E05007702,Northbrook,4,13082.25,10852.75,11487.5,10558.5,11419.25,14589.5,13508.5,31188.25,22348.38
E05007703,Offington,5,30508.4,29718,28864.6,26596.8,27032.8,25841.8,21841.6,25561.6,23701.6
E05007704,Salvington,6,20979.33,20579.833333333332,17987.333333333332,17577.833333333332,17319.5,20838.833333333332,18638,25877.166666666668,22257.58
E05007705,Selden,5,16020.8,15580.2,13202,17838.8,13286.2,17277.2,19856,11722.2,15789.1
E05007706,Tarring,5,21367.4,18389.8,18500.4,21037.6,18156.6,19759.2,27265.8,17072.6,22169.2
E05008558,Almondbury,11,17535.73,18028.090909090908,16442.090909090908,17401.636363636364,15237.727272727272,12783.272727272728,22375.545454545456,14887,18631.27
E05008559,Colne Valley,10,16525.7,20408.5,18426.1,20269.7,16940.6,15492,10845,5215.7,8030.35
E05008560,Crosland Moor and Netherton,11,10002.36,9630.727272727272,9536.363636363636,10839.90909090909,10022.818181818182,11329.818181818182,19879.545454545456,9593.545454545454,14736.55
E05008561,Holme Valley North,10,23555.8,23090.8,21279.7,23708,20492.5,20337.3,19392.5,17687.5,18540
E05008562,Kirkburton,10,25231.2,26099,25232.5,26942.8,23530.1,22775.8,12486,15428.2,13957.1
E05008610,Alderley Edge,3,29676.33,29271.666666666668,29447.666666666668,29441.333333333332,28076,22845.666666666668,26221,15910.333333333334,21065.67
E05008611,Alsager,7,26146.43,24432.14285714286,23156,25424.85714285714,22970.285714285714,20455.571428571428,25269.428571428572,26921.714285714286,26095.57
E05008612,Audlem,2,21191.5,25823.5,25332.5,29971.5,27997,29493,2491.5,5013.5,3752.5
E05008613,Bollington,5,25634.6,24247,24020.4,26350.2,24806.8,22964,19138.6,15985,17561.8
E05008614,Brereton Rural,4,21628.5,24386.5,24132,22688,20156.75,21752.75,6191.75,14856.75,10524.25
E05008615,Broken Cross and Upton,6,25301.33,24118.333333333332,22643.666666666668,24948.666666666668,20810.333333333332,21540.666666666668,27061.5,25700.333333333332,26380.92
E05008616,Bunbury,3,20082.33,24736,25207,24447.333333333332,20146,24086.333333333332,6387.666666666667,9163.333333333334,7775.5
E05008617,Chelford,3,25813,29842.666666666668,25854.333333333332,26232.333333333332,28029.333333333332,31919.666666666668,6865,13593,10229
E05008618,Congleton East,8,22233.62,21405.125,20407.125,20399,19717.625,20046.25,23054.375,26140.5,24597.44
E05008619,Congleton West,8,22914.38,21045,19548.375,21999,18859.75,18746.375,28726.375,22234.375,25480.38
E05008620,Crewe Central,4,3599,4803,5345.75,1365.25,4442.5,1406.75,29751.25,8501.25,19126.25
E05008621,Crewe East,10,14365.6,14426.3,13235,10320.4,11139.4,13780.4,28287.8,18455.8,23371.8
E05008622,Crewe North,4,11102,11795,9650.75,6620.75,9355.25,10102.25,28367,19024.25,23695.62
E05008623,Crewe St Barnabas,2,5494.5,5055.5,5139,2105,7544,6158,26006,20744.5,23375.25
E05008624,Crewe South,7,8618.86,10822.42857142857,12286.142857142857,4479.714285714285,10541.857142857143,4856.142857142857,31210.714285714286,8777.857142857143,19994.29
E05008625,Crewe West,7,11105.29,11385.57142857143,10608.714285714286,9148.857142857143,9925.142857142857,9617,25453.714285714286,15027.285714285714,20240.5
E05008626,Dane Valley,6,28666,28481.666666666668,27622.333333333332,28656.666666666668,28213.5,27611.666666666668,14344.666666666666,23012,18678.33
E05008627,Disley,3,26942.67,28199.333333333332,25604.666666666668,26513.666666666668,24882,21496.333333333332,17506,15241.333333333334,16373.67
E05008628,Gawsworth,3,25035.33,30025.333333333332,30256,27924,26506.666666666668,24893,5981,8328.333333333334,7154.67
E05008629,Handforth,5,17785.4,15592.4,14799,18154.6,15121.2,11858.6,29667.8,21357.4,25512.6
E05008630,Haslington,6,26079.17,25165.166666666668,25256,26357.666666666668,22201.5,27187.666666666668,13481.166666666666,23369.833333333332,18425.5
E05008631,High Legh,3,23277,29136,31274,29346.333333333332,30256.666666666668,24723.666666666668,3253.6666666666665,10597.666666666666,6925.67
E05008632,Knutsford,9,25938.89,24231,24004.88888888889,28027.333333333332,23942.555555555555,23121.555555555555,27645.666666666668,21028.777777777777,24337.22
E05008633,Leighton,4,28484,26792.75,28341.25,24076,22032.25,24543.75,17824.5,27997,22910.75
E05008634,Macclesfield Central,5,16073.2,18946.6,17575.4,22360.2,14180.4,11640.6,33567.4,2125.2,17846.3
E05008635,Macclesfield East,4,18318.75,19464,16594.25,20885.75,14735,12500.5,32138.75,10684,21411.38
E05008636,Macclesfield Hurdsfield,3,10862.67,11416,9434.333333333334,10115.333333333334,7204,12108.333333333334,31036.333333333332,15641,23338.67
E05008637,Macclesfield South,6,15974.83,15869.333333333334,13929,14737.333333333334,12397.833333333334,11209.166666666666,29397,22671.833333333332,26034.42
E05008638,Macclesfield Tytherington,6,29095,29397.166666666668,27541.833333333332,28517,24867,22371.5,27133.666666666668,22060.5,24597.08
E05008639,Macclesfield West and Ivy,5,18176.4,18576.4,15774.6,16581.4,14237.8,15325.8,29348.8,23745,26546.9
E05008640,Middlewich,9,20856.56,21448.333333333332,20796,19687.666666666668,16803.88888888889,16069.222222222223,14695.777777777777,21613.333333333332,18154.56
E05008641,Mobberley,2,24274.5,30116.5,29605.5,31573,28705.5,29687,6835,4947,5891
E05008642,Nantwich North and West,7,19266,18054.285714285714,16162.57142857143,18248.428571428572,15930,14802,29852.714285714286,22216,26034.36
E05008643,Nantwich South and Stapeley,6,28182.17,26169.5,28135.666666666668,27177.166666666668,24618,24091.833333333332,25708.333333333332,21774.333333333332,23741.33
E05008644,Odd Rode,6,21758.5,24624,22838.666666666668,20688.666666666668,21492.666666666668,26412.666666666668,8144.833333333333,13151.5,10648.17
E05008645,Poynton East and Pott Shrigley,4,31756.5,31355.5,30337.5,31157.5,28903.25,28531.75,25713.75,21782.25,23748
E05008646,Poynton West and Adlington,7,28894.86,28067.714285714286,26827.85714285714,29430,26071.285714285714,26447.285714285714,23757.571428571428,23804.428571428572,23781
E05008647,Prestbury,2,30494,32631,31785,31107.5,31954,27558,9199.5,21462.5,15331
E05008648,Sandbach Elworth,4,27835.5,24558,25907.75,27683.75,23928,19694,19459.5,26992,23225.75
E05008649,Sandbach Ettiley Heath and Wheelock,2,28888.5,27682.5,26194.5,29262,23084.5,25953,13271.5,29439,21355.25
E05008650,Sandbach Heath and East,4,20610,19905.75,15916.5,20736,15419,18506.25,25943,21428.75,23685.88
E05008651,Sandbach Town,3,26704.67,26488.333333333332,24238.666666666668,26088.666666666668,22594.333333333332,22795.333333333332,27282.666666666668,22981.333333333332,25132
E05008652,Shavington,3,24827.33,23455.333333333332,23247.666666666668,21818.333333333332,22383.666666666668,20470,12423.333333333334,27896.333333333332,20159.83
E05008653,Sutton,2,24649.5,28398.5,30039,29604,30323,27832.5,5993,5063,5528
E05008654,Willaston and Rope,5,29528.8,29779,27642.2,28386.2,26281.4,23427.8,19928.8,24139,22033.9
E05008655,Wilmslow Dean Row,3,32159,29679.666666666668,31958.666666666668,30974,31575,26577,23319.333333333332,26965,25142.17
E05008656,Wilmslow East,2,33625,33545.5,32886.5,33407.5,33050,31128.5,28807,26095,27451
E05008657,Wilmslow Lacey Green,3,17251,18355.666666666668,14671.666666666666,21516.333333333332,11758,12974.666666666666,22310.333333333332,18444,20377.17
E05008658,Wilmslow West and Chorley,6,32092.33,31518.5,31087.333333333332,32275.833333333332,31089,25282.666666666668,30172.666666666668,18241.833333333332,24207.25
E05008659,Wistaston,6,26057.83,23663.333333333332,23521.666666666668,23781.666666666668,21107.166666666668,22731.5,22373.5,27102.666666666668,24738.08
E05008660,Wrenbury,4,19094.25,23790,23970.25,25416.5,23817,20603.25,4644.5,11484,8064.25
E05008661,Wybunbury,3,27418,31199,29289.333333333332,29222,27557.333333333332,30970.333333333332,3774,24178.666666666668,13976.33
E05008809,Aston,5,24860.6,23384.2,25104.4,24376.2,23522.6,19198.2,14390,22496.4,18443.2
E05008810,Church Gresley,5,19983.2,19370.8,18894.2,16460.8,15672.4,18692.2,23401.4,21835.6,22618.5
E05008811,Etwall,3,27776,25896.333333333332,25018,28725.333333333332,20554.666666666668,27667.333333333332,14466,28615.666666666668,21540.83
E05008812,Hatton,2,20618,19420,17519.5,13214.5,17365.5,28199,14760,26736,20748
E05008813,Hilton,6,27003.33,26132.666666666668,27709,27601.5,22651.833333333332,25480,14092.833333333334,23480.5,18786.67
E05008814,Linton,3,17035,16374,16864.333333333332,15417.666666666666,14531.333333333334,17867.666666666668,10210,20479.333333333332,15344.67
E05008815,Melbourne,3,28220.67,25117.666666666668,26232,28046.333333333332,27613,27341.666666666668,18570.666666666668,16768.666666666668,17669.67
E05008816,Midway,6,18372.67,16847.5,15094.833333333334,13091.5,13657,21140.166666666668,29446.166666666668,26674.666666666668,28060.42
E05008817,Newhall and Stanton,5,11695.8,11839,10266.4,7689,8163.4,10842.6,28163.2,21980.4,25071.8
E05008818,Repton,3,28229,30280.333333333332,30184,27694.666666666668,27404,29218.333333333332,9174.666666666666,14869,12021.83
E05008819,Seales,3,18476.33,19990,19793.333333333332,21075.666666666668,17093.666666666668,20296.333333333332,7535.666666666667,10254,8894.83
E05008820,Stenson,3,25362,22748.666666666668,21074.666666666668,17729.333333333332,21434,22016.333333333332,26332.666666666668,28188.333333333332,27260.5
E05008821,Swadlincote,5,15503.2,15088.8,13088.4,11414.6,11111.2,15418,31785.6,19963.6,25874.6
E05008822,Willington and Findern,4,26131.75,25175,25760.75,25626.25,22062.25,21817.75,12021.25,26363.75,19192.5
E05008823,Woodville,6,17065.83,17240.5,15772.666666666666,15672.166666666666,13988.666666666666,16821.833333333332,19773,19617.5,19695.25
E05008954,Central,8,12349.62,12648.5,16579.125,9435.75,20375.375,9058.25,15292.375,7798.125,11545.25
E05008955,Chiseldon and Lawn,4,26978.25,23690,24787.5,22758,27312.5,22965.75,19954,27969.75,23961.88
E05008956,Covingham and Dorcan,7,25144.29,24212.428571428572,22327.14285714286,14658.857142857143,23914,26990.714285714286,21691.14285714286,26150.428571428572,23920.79
E05008957,Eastcott,6,17675.67,17305.5,20083.333333333332,14943.666666666666,21581.833333333332,13403.833333333334,20331.833333333332,6516.5,13424.17
E05008958,Gorse Hill and Pinehurst,7,11277.86,11475.142857142857,11326.142857142857,6009,12614.57142857143,11815.57142857143,20863.714285714286,14614.285714285714,17739
E05008960,"Liden, Eldene and Park South",9,12768.67,12177,11557.444444444445,7473.666666666667,13891.111111111111,16740.88888888889,18016.555555555555,24167.666666666668,21092.11
E05008961,Lydiard and Freshbrook,8,19027.88,16540.25,17446,13496.25,18362,21233.375,14864.625,30599.625,22732.12
E05008962,Mannington and Western,7,17021.14,15012.42857142857,17269.285714285714,11322.714285714286,17008.285714285714,17729.428571428572,16196.857142857143,19640.571428571428,17918.71
E05008963,Old Town,6,25331.17,23210.333333333332,23251.333333333332,25269.666666666668,25033.5,17924.666666666668,21547.5,23680.166666666668,22613.83
E05008965,Priory Vale,9,27713.78,25045.333333333332,26991.222222222223,22197.777777777777,24415.88888888889,24570.88888888889,16942.666666666668,29853,23397.83
E05008966,Ridgeway,2,28422.5,29204,31371,30725,30547,27838,4979,21290,13134.5
E05008967,Rodbourne Cheney,7,14889.14,13628.57142857143,12685,8800,15126,15929.42857142857,24711.285714285714,22730.714285714286,23721
E05008968,St Andrews,11,26045.45,21635.18181818182,26617.363636363636,20221.636363636364,25038.636363636364,21715.090909090908,16282.545454545454,31947.727272727272,24115.14
E05008969,St Margaret and South Marston,6,22958.17,23422.166666666668,18824.666666666668,14159.166666666666,20098.833333333332,24620.833333333332,26315.833333333332,20245.833333333332,23280.83
E05008970,Shaw,7,26775.71,22771.714285714286,24179.428571428572,20810.14285714286,24285.428571428572,26231.285714285714,18804.714285714286,31885.428571428572,25345.07
E05008971,Walcot and Park North,7,9280.14,7939.285714285715,7954.857142857143,5650.857142857143,12078.142857142857,9364,20843.85714285714,21974.571428571428,21409.21
E05008972,Wroughton and Wichelstowe,5,24198,22387.2,20800.2,20280.8,21061,24091.4,18264.2,26298,22281.1
E05008974,Benn,5,11268.8,12550.4,13329.6,7606.8,11182.6,10082.6,29443.6,5924.2,17683.9
E05008975,Bilton,4,27731.75,25410.25,24559.75,22813.25,23194.5,28156.5,25787.25,24220.5,25003.88
E05008976,"Clifton, Newton and Churchover",2,24478.5,18926,24140.5,23886.5,25159,24970.5,11865,26451,19158
E05008977,Coton and Boughton,5,28875.2,26432.4,28063.6,24836.4,22811,27065.4,17605.8,30583,24094.4
E05008979,Hillmorton,4,21437.25,18090.5,21978.5,20428.25,15870.5,19764,16280.5,25686.25,20983.38
E05008980,Leam Valley,1,23984,29356,31694,27544,31386,26498,1551,10935,6243
E05008981,New Bilton,4,14008.25,14040,14313.25,8616,13937,11208,28606.75,11742.5,20174.62
E05008982,Newbold and Brownsover,6,16398.33,14895.166666666666,15966.5,10327.333333333334,14571.666666666666,14357.333333333334,21660.166666666668,22222.666666666668,21941.42
E05008983,Paddox,4,30169.25,29165,29305,24985.25,24301,26701.5,27402.5,20620.75,24011.62
E05008984,Revel and Binley Woods,5,23313.8,25527.6,24456.8,21299.4,21134.8,26310,9857.8,15177.6,12517.7
E05008985,Rokeby and Overslade,5,18030.8,14700.2,16409,14727,15761.8,19371,24955.4,26914,25934.7
E05008986,Eastlands,5,22266,23188.6,21956.6,17234.2,19410.4,18765.4,29922,12667.8,21294.9
E05008988,Wolvey and Shilton,1,25857,30308,31730,24605,30130,29678,2240,17430,9835
E05008989,Aldershot Park,4,13092,12290.25,12520.25,7770.25,17657,10027.5,13716.75,23924.25,18820.5
E05008990,Cherrywood,6,9776.17,8620.166666666666,11570.5,3751.5,20529.5,8743.5,9188.333333333334,21601.166666666668,15394.75
E05008991,Cove and Southwood,5,23288.2,21277.4,24255,17923.2,25841.2,18241.6,17236.6,24779.6,21008.1
E05008992,Empress,3,27416,26948,28378.666666666668,24945.666666666668,32452.333333333332,14771.666666666666,25765,14321,20043
E05008993,Fernhill,4,23058.25,23311.75,23637.25,14255,25746.75,17997.25,15023,23921.75,19472.38
E05008994,Knellwood,5,29453.2,27189.4,28918.6,25450.6,31074.6,22271.8,19096.8,22041.2,20569
E05008995,Manor Park,5,22588.8,20259.2,23385.4,16378.8,27342.4,17380.8,17182.4,18420.8,17801.6
E05008996,North Town,4,20704.25,17755.5,20325.25,15206.75,26638.5,16890.75,14368.5,21018.5,17693.5
E05008997,Rowhill,5,18920.2,16493,19461.6,14891,25292.8,14576.4,14013.4,18056,16034.7
E05008998,St John's,4,25215.25,23791.75,25990.75,17716.25,30294.25,19936,14226.5,22231.75,18229.12
E05008999,St Mark's,5,21149.8,19698.2,22368.6,19285.8,23512.6,17268.4,11338.2,17418,14378.1
E05009000,Wellington,5,17744.8,15750.8,21592.2,15643.4,21842.8,10353.2,11621,22294.4,16957.7
E05009001,West Heath,5,21520.2,18983,20803.8,13336,27451,14964.2,20823.6,21116.2,20969.9
E05009002,Broxbourne and Hoddesdon South,6,28258.83,26119.5,26097.5,23878.833333333332,30962.5,23608.166666666668,23425,21312.333333333332,22368.67
E05009003,Cheshunt North,6,16012,13926.166666666666,14867.5,11837,20513.833333333332,14333.833333333334,14345,18156.333333333332,16250.67
E05009004,Cheshunt South and Theobalds,6,16252.17,12777.166666666666,16364.666666666666,12837.666666666666,22036.333333333332,15827.833333333334,18067.833333333332,13873.333333333334,15970.58
E05009005,Flamstead End,5,21311.8,19650,20767,14949,25988.6,23166.8,9770.6,25201.6,17486.1
E05009006,Goffs Oak,5,25200.6,22117,25338.2,19130.2,28948.2,27316,8947.8,29170,19058.9
E05009007,Hoddesdon North,6,22080.17,20583.333333333332,21468.833333333332,12833,25926,22098,18864.166666666668,18299,18581.58
E05009008,Hoddesdon Town and Rye Park,5,16945.6,15764.6,16548.6,8769,22042.4,18679.6,15935.8,18582,17258.9
E05009009,Rosedale and Bury Green,6,13408.17,12585.333333333334,12314.166666666666,10937.166666666666,18042.666666666668,13241.833333333334,8850,21719.833333333332,15284.92
E05009010,Waltham Cross,7,11676.86,8653.857142857143,11764.285714285714,9155.714285714286,18486.14285714286,12823.42857142857,14281.285714285714,13948.857142857143,14115.07
E05009011,Wormley and Turnford,6,13663.5,12034.166666666666,12780.166666666666,13249,21597,12871.833333333334,7160.333333333333,18676.333333333332,12918.33
E05009288,Aldersgate,1,26525,33730,33708,33755,33108,33698,29220,244,14732
E05009302,Cripplegate,2,28558,29418,30359.5,31972.5,26646.5,30518.5,31520,4121,17820.5
E05009305,Farringdon Without,1,25966,32811,32165,33481,15100,33502,27724,1727,14725.5
E05009308,Portsoken,1,14807,14836,17911,15886,10458,25630,11294,5403,8348.5
E05009312,Walbrook,1,25325,33530,29007,29964,20214,31628,17995,2191,10093
E05009313,Chopwell and Rowlands Gill,6,11005.17,12234.666666666666,9501.333333333334,13540.333333333334,9163.333333333334,15383.666666666666,6277.166666666667,16952,11614.58
E05009317,Bethnal Green East,12,7277.42,4786,11241.25,17233.166666666668,10729.25,9183.583333333334,4438.083333333333,5873.5,5155.79
E05009318,Blackwall & Cubitt Town,14,16319.57,13965.07142857143,21166.928571428572,22472.64285714286,14547.07142857143,17833.85714285714,8963.214285714286,13310.214285714286,11136.71
E05009319,Bow East,11,12077.45,10341.09090909091,16352.363636363636,17847.272727272728,11278.545454545454,9922.90909090909,15073.454545454546,8945.545454545454,12009.5
E05009320,Bow West,7,11275,9545,13669.57142857143,21265.428571428572,14929.857142857143,9542.857142857143,10585.57142857143,6618.285714285715,8601.93
E05009321,Bromley North,7,5782.29,4102,9513.857142857143,13341.857142857143,6978.428571428572,9431.285714285714,6464.428571428572,7321.857142857143,6893.14
E05009322,Bromley South,7,6700.14,3207.4285714285716,9675,15315.714285714286,11849.142857142857,10741.285714285714,3106.5714285714284,11930.142857142857,7518.36
E05009323,Canary Wharf,10,17994.6,13554.7,21983.4,21605.6,14285.2,21305,10648.3,18370,14509.15
E05009324,Island Gardens,8,17621.25,13655.125,19857.125,23354.375,18863.875,20081.25,6665.25,16786.75,11726
E05009325,Lansbury,11,6086.64,3033,8428.636363636364,13311.181818181818,8606.90909090909,8688.636363636364,5191.636363636364,10839.181818181818,8015.41
E05009326,Limehouse,4,16494,14286,21817.75,24366,17731.5,11903,7301,8655.5,7978.25
E05009327,Mile End,12,7851.5,4454.166666666667,11730.166666666666,17208.083333333332,9859.166666666666,9515.083333333334,4813.583333333333,10294.666666666666,7554.12
E05009328,Poplar,3,4719,1862.6666666666667,8170.666666666667,12167,9511.666666666666,8824.333333333334,4887.666666666667,4758.666666666667,4823.17
E05009329,St Dunstan's,7,5880,3615.5714285714284,8232.142857142857,13888.57142857143,7347.714285714285,9806.142857142857,4228.428571428572,9681.285714285714,6954.86
E05009330,St Katharine's & Wapping,6,23180.17,19000.333333333332,26062.5,29291.5,21675.5,18174.833333333332,20969.666666666668,9958.333333333334,15464
E05009331,Bethnal Green West,11,6452.64,4962.454545454545,10744.636363636364,17187.090909090908,8618,5436.090909090909,4672.181818181818,4977.090909090909,4824.64
E05009332,Shadwell,8,4768.88,2780.625,7941.875,13608.125,9280.25,8930.125,2271.125,5583.375,3927.25
E05009333,Spitalfields & Banglatown,6,7046,6812.166666666667,10878.833333333334,19710,9086.666666666666,8910.666666666666,2931.3333333333335,4382.833333333333,3657.08
E05009334,Stepney Green,7,4241,1948.142857142857,8071.857142857143,13389.285714285714,7466.142857142857,10911.857142857143,1874,7179.428571428572,4526.71
E05009335,Weavers,8,6380,5074.375,9821.125,19685,8702.625,5293.75,5798.25,4586.25,5192.25
E05009336,Whitechapel,10,11788.8,8863,18836.2,20418.6,15029.8,12953.7,5900.3,5725.7,5813
E05009352,Blackwater and Hawley,5,27051.6,22055.2,25976,14155,31819.8,24748.2,28587.6,25743.2,27165.4
E05009353,Crookham East,6,31432.67,29215.833333333332,28608.833333333332,30381.666666666668,32881.5,28290.666666666668,21168.833333333332,31561.666666666668,26365.25
E05009354,Crookham West and Ewshot,6,29574.33,26810.166666666668,30254.833333333332,27406.5,32969,25288.5,12568.666666666666,28751.333333333332,20660
E05009355,Fleet Central,5,30090.8,27230.6,28255.2,28040.4,32691,19942.6,28159.2,26203.8,27181.5
E05009356,Fleet East,5,32375,29976,31385.4,32067.6,33396.6,27696.2,19347,28235,23791
E05009357,Fleet West,5,31098.2,27749.8,30508.2,30461.2,32555.2,24175,16686.2,28508.6,22597.4
E05009358,Hartley Wintney,6,24952.5,25911.5,26942.333333333332,25127,31283.833333333332,22780.833333333332,7568.833333333333,18291.166666666668,12930
E05009359,Hook,5,30910.4,27565,30203.6,29952.6,32399,26896.4,15786.2,28081.4,21933.8
E05009360,Odiham,5,26481,26193.4,26252.2,25863.6,31203.2,23074.6,8055.8,26177.8,17116.8
E05009361,Yateley East,6,29380.83,26478,27649.666666666668,22130.833333333332,32072.166666666668,21001.666666666668,27335.333333333332,28448,27891.67
E05009362,Yateley West,5,32478.6,30124.2,30469.2,27666.4,33194.6,30339.2,22954.4,31078.8,27016.6
E05009363,Burford,1,18355,19795,19457,20619,31238,27721,11416,1678,6547
E05009364,Brize Norton and Shilton,2,26609.5,30528.5,32696.5,23990,30189,31417.5,7674,17515,12594.5
E05009365,Carterton North West,3,24202,21767.333333333332,22930,14640,25826.666666666668,19826,17179.333333333332,31794,24486.67
E05009367,Brownswood,6,12175.33,12078.166666666666,14986.333333333334,24542.333333333332,9732.333333333334,11319.333333333334,10565.333333333334,7369.333333333333,8967.33
E05009368,Cazenove,7,5262.29,1770.5714285714287,10158.285714285714,12924.857142857143,11558.285714285714,18029,3701.8571428571427,6758.285714285715,5230.07
E05009369,Clissold,8,13937.5,11259.5,12641,27484.25,11222.375,12351.25,20863.625,8167.875,14515.75
E05009370,Dalston,6,10676.33,11353.833333333334,13341.5,26442.5,9784,5006.166666666667,13045,5293.5,9169.25
E05009371,De Beauvoir,6,14483.83,12364,15264,24813.5,16440.833333333332,10182.5,16685.666666666668,7373,12029.33
E05009372,Hackney Central,7,6746.57,6869.714285714285,7100.285714285715,23145.14285714286,5966.714285714285,8067.285714285715,9581.285714285714,5382.857142857143,7482.07
E05009373,Hackney Downs,8,9041,7507.625,10110.5,20992.75,7548.375,8982.25,12887.5,6669.75,9778.62
E05009374,Hackney Wick,7,5519.43,5537.571428571428,6466.285714285715,17211.571428571428,6334.142857142857,4615.142857142857,4897.857142857143,6829.428571428572,5863.64
E05009375,Haggerston,7,7742.14,5662.428571428572,7762,19264.285714285714,6419.857142857143,6840.142857142857,15342,8507.57142857143,11924.79
E05009376,Homerton,6,6329.17,5771.666666666667,8545.666666666666,19091.666666666668,6741,4341.5,5924.666666666667,5781.5,5853.08
E05009377,Hoxton East & Shoreditch,7,13383.86,12953.42857142857,18222.14285714286,23192,11122.857142857143,10295.857142857143,16745.14285714286,4466.857142857143,10606
E05009378,Hoxton West,9,13657.11,11933.555555555555,14575,19945.11111111111,11724.222222222223,12957.222222222223,17184.222222222223,10262.222222222223,13723.22
E05009379,King's Park,8,8365.25,6802.875,8062,18908.875,8625.25,10749.75,6200.5,11949.875,9075.19
E05009380,Lea Bridge,9,8568.33,7880.111111111111,9892.777777777777,23380.555555555555,9572.888888888889,7969.222222222223,5887.111111111111,8153.444444444444,7020.28
E05009381,London Fields,6,10707.67,9686.333333333334,11957.166666666666,23949.833333333332,8952.833333333334,7231,14354.166666666666,6993,10673.58
E05009382,Shacklewell,5,9684,7669.6,11037.4,21856.2,8046.2,10373.8,16436.6,5635,11035.8
E05009383,Springfield,10,2037.9,305.2,6337.5,5897.4,6615.6,11942.1,1495,7218.3,4356.65
E05009384,Stamford Hill West,5,3535.6,600,7786,9752.6,6880.6,19267.4,3004.2,8369.8,5687
E05009385,Stoke Newington,7,13664.71,12448.142857142857,14065.714285714286,27243.85714285714,12970.857142857143,12618.857142857143,16351,4580.142857142857,10465.57
E05009386,Victoria,8,7843.12,7776.125,8738.375,22521.875,5676.125,7839.375,7314.375,7983.375,7648.88
E05009387,Woodberry Down,7,7011.57,4278.142857142857,9153.142857142857,13370.57142857143,9229.42857142857,9714.57142857143,10404,8127.714285714285,9265.86
E05009388,Abingdon,5,25075.8,27799,30368.2,30694.6,31176.2,18708.6,26273.6,2730.4,14502
E05009389,Brompton & Hans Town,7,19960.29,25940.428571428572,27760.14285714286,28113,28623.14285714286,17552.428571428572,14627.857142857143,1331.4285714285713,7979.64
E05009390,Campden,6,25547.33,30327.666666666668,30226.666666666668,32483.833333333332,32247.333333333332,16104.833333333334,29443.333333333332,1851.8333333333333,15647.58
E05009391,Chelsea Riverside,6,8311.17,8995,8374.666666666666,23502.333333333332,14661.5,9058.333333333334,9461.333333333334,2686.5,6073.92
E05009392,Colville,6,10419.17,11332,12576.666666666666,24121.166666666668,15177.166666666666,5208.833333333333,10089.166666666666,3049.3333333333335,6569.25
E05009393,Courtfield,4,20650,28940,29379,29068.25,30365.75,15824.25,23659.75,124.75,11892.25
E05009394,Dalgarno,5,6582.4,5988.2,6964.8,14464,9126.6,9558.8,5704.8,8211.2,6958
E05009395,Earl's Court,7,13488.29,17476.285714285714,18413.428571428572,26084,18975.714285714286,6895.285714285715,12303.285714285714,1194,6748.64
E05009396,Golborne,6,4911.83,4506.666666666667,5508.666666666667,14948,7772.333333333333,5668.833333333333,2946.5,6857.166666666667,4901.83
E05009397,Holland,6,19481,20484,20901.833333333332,26669.333333333332,26568.333333333332,14280.666666666666,20756.666666666668,3647.5,12202.08
E05009398,Norland,4,21050.75,23574.25,25483,28135.5,28808,14364.75,23189.75,1784.5,12487.12
E05009399,Notting Dale,6,6532.83,4787.5,6513.166666666667,13045,10232.833333333334,10187.166666666666,6625,8975.333333333334,7800.17
E05009400,Pembridge,4,19734.75,25160.25,28032.5,31070,31020.25,11930.25,13632.5,799.5,7216
E05009401,Queen's Gate,6,25075,32144.333333333332,30156,26366,32915,20784,25676.5,1748.8333333333333,13712.67
E05009402,Redcliffe,7,21549,25266.85714285714,27210.285714285714,29149,27665.714285714286,16234.857142857143,19268.285714285714,1547.4285714285713,10407.86
E05009403,Royal Hospital,7,20668.57,25726.85714285714,26936.571428571428,27974.714285714286,29703.285714285714,18020.428571428572,17715.428571428572,936.4285714285714,9325.93
E05009404,St. Helen's,3,12630,13441.666666666666,12889.666666666666,27604.333333333332,17686.333333333332,9613.333333333334,9865.666666666666,2561.6666666666665,6213.67
E05009405,Stanley,6,18316.5,21197.666666666668,22750.666666666668,28399.166666666668,24443.333333333332,15841.833333333334,15541.666666666666,1830.8333333333333,8686.25
E05009406,Bletchley East,10,11880.6,10441,13003,9574.8,13700.8,11373.8,6760.3,26092.1,16426.2
E05009407,Bletchley Park,8,17255.88,16593,16247,13510.625,17748.875,18243.25,9246.5,26762.5,18004.5
E05009408,Bletchley West,10,17774,16268.7,19016.6,12394.9,17307.4,17776.6,9274.5,27732.3,18503.4
E05009409,Bradwell,9,14077.89,13888.444444444445,14447.888888888889,13460.444444444445,15050.222222222223,16525.777777777777,3578.8888888888887,27770.222222222223,15674.56
E05009410,Broughton,10,23863,21508.8,25792.6,24502.4,23021.7,19392.8,8266,28961.5,18613.75
E05009411,Campbell Park & Old Woughton,10,16681.4,15132.9,16783.1,16106.8,15722.9,17702.3,6455.8,29287.7,17871.75
E05009412,Central Milton Keynes,9,12174.78,10692.111111111111,13173,11512.777777777777,13806.111111111111,9253.333333333334,7145.222222222223,27351.777777777777,17248.5
E05009413,Danesborough & Walton,9,22631.33,20299.333333333332,22783.777777777777,21989,23460.777777777777,23002.222222222223,7643.111111111111,29391.11111111111,18517.11
E05009414,Loughton & Shenley,10,23654.7,21186.8,24102.4,22937.1,19111.1,22154.4,11478,31674,21576
E05009415,Monkston,7,23571.29,18867.85714285714,23010.285714285714,22992.571428571428,20542.14285714286,21126.714285714286,13414.285714285714,28576.85714285714,20995.57
E05009416,Newport Pagnell North & Hanslope,8,23439.38,23720.75,25815.375,21279.625,24110.75,24676.25,6139.5,27490.375,16814.94
E05009417,Newport Pagnell South,7,24314,23862.428571428572,23330.85714285714,21318.14285714286,21671.428571428572,24467.85714285714,11260.57142857143,23603.714285714286,17432.14
E05009418,Olney,8,23815.62,25957.75,27793.375,26113.25,28155.25,25469.625,5300.75,14825.75,10063.25
E05009419,Shenley Brook End,7,22134.14,18780,21069.85714285714,23120.571428571428,19723.571428571428,17685.14285714286,10321.142857142857,33074.857142857145,21698
E05009420,Stantonbury,10,13611.3,14253.5,14463.7,11735.6,15330.3,14680.1,3417.7,29399.7,16408.7
E05009421,Stony Stratford,9,20573.67,20601.444444444445,22045.777777777777,21293.666666666668,19024.666666666668,17439.444444444445,6218.666666666667,27254.777777777777,16736.72
E05009422,Tattenhoe,6,26320.5,22351.166666666668,26549.166666666668,27407.166666666668,22290.833333333332,23418.833333333332,10794.333333333334,32819.666666666664,21807
E05009423,Wolverton,9,15167.33,14623.666666666666,17097.666666666668,14176,18208.555555555555,13152.777777777777,5317.555555555556,22224.88888888889,13771.22
E05009424,Woughton & Fishermead,10,4906.7,5352.4,6631.1,3641,6315.9,4754.1,4213.4,26732.1,15472.75
E05009425,Abbots Langley & Bedmond,4,23955.25,22120.75,22738.5,21982.75,26749,21945.25,16318,17273.25,16795.62
E05009426,Carpenders Park,4,24518.75,20774.25,22270,21690.25,25642,22860.25,23561.75,19939.25,21750.5
E05009427,Chorleywood North & Sarratt,5,30231,32258.2,32715.6,31317,32129.6,27785,10863,19344.8,15103.9
E05009428,Chorleywood South & Maple Cross,5,25630.8,24844.2,26028,24148.6,27723.2,24592.8,13563.2,24117.8,18840.5
E05009429,Dickinsons,4,32254.75,29423.75,31430.5,31165.25,31094.25,28744.25,32221.5,18316,25268.75
E05009430,Durrants,4,31675.75,29140.25,29102,30114.25,30691.75,29705.75,30909.5,25041.75,27975.62
E05009431,Gade Valley,4,22070,20906,22218.25,20702.5,26784.5,20017.25,9916,17394.75,13655.38
E05009432,Leavesden,5,22412.6,19090.2,18841.6,21168.2,23248.2,19232.2,15198.8,26384.6,20791.7
E05009433,Moor Park & Eastbury,3,33319.67,33177.666666666664,33584,33100.666666666664,33016.333333333336,33251,19435.666666666668,28200.666666666668,23818.17
E05009434,Oxhey Hall & Hayling,4,20199.5,15673.25,18539,16119.25,23613.5,19086.75,18640,21786,20213
E05009435,Penn & Mill End,4,22219.25,18967.75,19172.75,19658.75,21158,18985.75,19290,23833.5,21561.75
E05009436,Rickmansworth Town,5,29333.4,26754,29840.4,30657.8,28666.2,23510.6,26140,16874.8,21507.4
E05009437,South Oxhey,4,13021.75,10659,11082.5,10451.25,12602.25,14314.25,17243.5,25909.75,21576.62
E05009438,Arrow,2,15607,21156.5,25415,20801.5,25313,32605,743,3967.5,2355.25
E05009439,Aylestone Hill,3,23922.67,21203.666666666668,22534,17143,20100,22529.666666666668,23745,22996.333333333332,23370.67
E05009440,Backbury,2,18713.5,21269.5,21661,22372,25041.5,27282.5,1917.5,12169,7043.25
E05009441,Belmont Rural,2,28166,25704.5,24323,19527.5,26200.5,26122,18217,33104,25660.5
E05009442,Birch,2,16267,24660.5,28593,24074.5,28855.5,32423.5,447.5,1618,1032.75
E05009443,Bircher,3,19280.67,25523.333333333332,24391,23613,27237,30880.666666666668,1985,5129,3557
E05009444,Bishops Frome & Cradley,2,16671.5,20253.5,20954,22547,24974.5,27842.5,1486,8123,4804.5
E05009445,Bobblestock,3,20952.33,19042.666666666668,18400.333333333332,16140.333333333334,19143.333333333332,25933,13305.666666666666,23338,18321.83
E05009446,Bromyard Bringsty,1,10790,20800,20484,18222,26001,17080,339,265,302
E05009447,Bromyard West,3,15442.67,15795,15151.666666666666,13262.666666666666,16655.666666666668,17889.666666666668,9904,13387.666666666666,11645.83
E05009448,Castle,2,14254,24016.5,24879.5,23661.5,28028,32217,447.5,569.5,508.5
E05009449,Central,2,10389,12136.5,11615.5,9329.5,9372.5,7952,26300.5,5589.5,15945
E05009450,College,2,11514,10109.5,10383,7111.5,11429,12796,22698.5,18125.5,20412
E05009452,Dinedor Hill,2,17071,18080.5,19271,17077.5,22552.5,25848.5,5921.5,16772.5,11347
E05009453,Eign Hill,2,26291.5,26707.5,22781.5,25288,20364.5,25477,27119,16472,21795.5
E05009454,Golden Valley North,2,13802,20009,22150,19604.5,26291.5,29902,513.5,2198.5,1356
E05009455,Golden Valley South,2,12691,17671,25393,22115,26863.5,32185.5,234,971,602.5
E05009456,Greyfriars,2,18026.5,20292,17557,15100,17948.5,10785.5,29221.5,7442,18331.75
E05009457,Hagley,2,23803.5,22997,25760,20047.5,27378.5,30046.5,4946.5,20076.5,12511.5
E05009458,Hampton,3,13561.33,21855.333333333332,20037.666666666668,16540,22455.333333333332,28937.333333333332,502,4153.666666666667,2327.83
E05009459,Hinton & Hunderton,2,4751.5,4290,4794,3885.5,4558,3228.5,23972.5,18901,21436.75
E05009460,Holmer,3,27287.67,24431.333333333332,25268,24876.666666666668,21735,28655,14252.333333333334,28848,21550.17
E05009461,Hope End,3,20055,22908,21600,21229.333333333332,22826.333333333332,30038,4120.666666666667,10905.333333333334,7513
E05009462,Kerne Bridge,2,18205,26243.5,26679,26218.5,28391,27308,3031.5,959.5,1995.5
E05009463,Kings Acre,2,21738,19189,19346,17777.5,18052,21408.5,20825,25148.5,22986.75
E05009464,Kington,2,10570,14245.5,12682.5,8416,17135.5,16064.5,4450,5061.5,4755.75
E05009465,Ledbury North,2,16091.5,13716.5,15765,12074.5,19812,20761.5,12105.5,13627,12866.25
E05009466,Ledbury South,3,19912.33,18208.666666666668,18812,16405.333333333332,22354,23694,11069.333333333334,18512.666666666668,14791
E05009467,Ledbury West,1,29615,24425,27699,25632,27386,31845,14215,33198,23706.5
E05009468,Leominster East,3,13209.67,12675,12413,9375.333333333334,14719,17156,21223.333333333332,9604.666666666666,15414
E05009469,Leominster North & Rural,2,9417,14544,15552.5,12191.5,15524,20381,7139.5,8750,7944.75
E05009470,Leominster South,2,12788.5,12114,10765,8845,13852,14529,19698,16645.5,18171.75
E05009471,Leominster West,2,17970.5,16109,17984.5,10177,17757,24071,11737,23380,17558.5
E05009472,Llangarron,2,17710,27807.5,27956.5,23461,27965.5,29636,2836.5,1304,2070.25
E05009473,Mortimer,2,12883.5,19469,21543.5,20935,26980.5,29787,674,1255.5,964.75
E05009474,Newton Farm,3,7254.33,7007.666666666667,6519,3412.6666666666665,9039.333333333334,7504.666666666667,15313,30556,22934.5
E05009475,Old Gore,2,15939,25977.5,25117,26004.5,30244.5,31831,426.5,1186.5,806.5
E05009476,Penyard,2,17591,23662.5,22506,23028,25069.5,27449,1959,5667,3813
E05009478,Red Hill,3,11634,10467.333333333334,10941.666666666666,6360.333333333333,12013.666666666666,10904,22570,22805,22687.5
E05009479,Ross East,2,17834.5,16888,16080.5,13018,16526,20183.5,22275,14777.5,18526.25
E05009480,Ross North,3,16245,14400,14074.333333333334,10469.333333333334,15586,17692.666666666668,20987.333333333332,23793,22390.17
E05009481,Ross West,2,23523,23996.5,22839,20536,21531,20805,21519.5,17563,19541.25
E05009482,Saxon Gate,2,12087.5,10929.5,10294,8095.5,9349,15285,20098.5,25552,22825.25
E05009485,Three Crosses,2,14487,23254,26626.5,22516,26883.5,28806.5,462.5,839.5,651
E05009486,Tupsley,2,24934.5,24038,19943.5,26510,17464.5,27956.5,14828.5,31592,23210.25
E05009487,Weobley,3,12920,19277.333333333332,19955.333333333332,18817,22995.666666666668,27174,2268.6666666666665,1354,1811.33
E05009488,Whitecross,2,21746.5,19796,19349.5,14363,18563.5,26476,20926,22444,21685
E05009489,Widemarsh,2,11475,11142,10563,8662.5,8340.5,17854,26266.5,10266,18266.25
E05009490,Wormside,2,13487,16361.5,17067.5,14439.5,19223.5,23084.5,2617,11302.5,6959.75
E05009544,Abbey,3,15562.33,15345,14681.666666666666,15459,17191,8294,23480.666666666668,16378.333333333334,19929.5
E05009545,"Bobbing, Iwade and Lower Halstow",3,20716.33,22934,22406.666666666668,15487,22903.333333333332,19454.666666666668,3952.6666666666665,30105.333333333332,17029
E05009546,Borden and Grove Park,3,16061,17879.666666666668,16262.666666666666,10560.666666666666,17150.333333333332,14143.333333333334,15489.333333333334,18948.333333333332,17218.83
E05009547,Boughton and Courtenay,4,15035.5,20079.25,20607.75,17321,23651,15847.25,1715.75,10545.5,6130.62
E05009548,Chalkwell,2,13792,15771.5,14681,11769.5,13978.5,5717,22847,13001.5,17924.25
E05009549,East Downs,2,12272.5,18999.5,18629,14659,19593,20234.5,685,4218,2451.5
E05009550,"Hartlip, Newington and Upchurch",4,15527.75,18484.25,17480.25,14503.5,19540.25,16030.75,2212.25,20068,11140.12
E05009551,Homewood,4,17632,18913.25,16452.25,13760.25,16283.25,15132.5,24360.25,16106.75,20233.5
E05009552,Kemsley,4,16029.5,16245.5,16528.5,10465,14320.75,17388,7459.25,30644.25,19051.75
E05009553,Milton Regis,4,10168.25,11227.75,8925.5,7429.5,9640.75,7745.5,14293.75,24370.25,19332
E05009554,Minster Cliffs,5,12813,18196.2,12233.2,7350.8,12545.2,13354,5054.8,27315.6,16185.2
E05009555,Murston,4,11203.25,11738.75,10857,6631.75,12433.5,9945.75,10431.25,23960.5,17195.88
E05009556,Priory,2,13481,11895.5,12177.5,10029,12324.5,11389.5,21331,28130.5,24730.75
E05009557,Queenborough and Halfway,5,10594,12750,10915.2,4666.4,13129.8,12122.2,6688.8,23071,14879.9
E05009558,Roman,4,7632.75,9017.25,7788.25,5371.25,9526.5,3576.5,15933,20244.25,18088.62
E05009559,St Ann's,4,19814.25,19496.75,18322.25,18122.5,19680.75,16067.25,21829,19072.75,20450.88
E05009560,Sheerness,8,1241.5,2430.25,1662.375,250.125,4033.25,2391.875,7322.25,12579.25,9950.75
E05009561,Sheppey Central,6,10917.83,13863.666666666666,11352.833333333334,6304.833333333333,11283.833333333334,11631.5,4751.666666666667,29517.166666666668,17134.42
E05009562,Sheppey East,4,4634.5,12129.25,10363.5,1346.75,5184.75,6563,469.5,18878,9673.75
E05009563,Teynham and Lynsted,3,11600.33,15148.333333333334,13775.666666666666,9082.333333333334,20120,13541.333333333334,2021,14931.333333333334,8476.17
E05009564,The Meads,3,16902,16913.666666666668,19013,12688.666666666666,17995.666666666668,10156,10038,24846.666666666668,17442.33
E05009565,Watling,3,19634.33,17941,15907.666666666666,17491,20138,14413,21248,22892,22070
E05009566,West Downs,2,18880,21043.5,26101,18627.5,23178.5,17807,6039.5,15652.5,10846
E05009567,Woodstock,4,24986.75,23751.5,20277,20602.25,21354.5,22533.5,23470.75,28490.25,25980.5
E05009621,Coastal,3,12538.67,17224,14029.333333333334,8277,14419.666666666666,30014,1476.3333333333333,16266.666666666666,8871.5
E05009622,Fenside,3,3767.33,4575.666666666667,6471.333333333333,304.6666666666667,8450.333333333334,7230.333333333333,5812,20558.333333333332,13185.17
E05009623,Fishtoft,4,13913.5,13761.5,15975.75,7505.75,14554.25,24754,6325.5,27062,16693.75
E05009624,Five Village,2,9557.5,12266,10864,7257,13326.5,25509,1493.5,9694.5,5594
E05009625,Kirton and Frampton,3,13031,14814.333333333334,14217,9321.333333333334,14666.333333333334,20415,4364.666666666667,18761.333333333332,11563
E05009626,Old Leake and Wrangle,2,10435.5,13177,12588,6773,12753,23539.5,3249.5,9168,6208.75
E05009627,St Thomas',1,16949,16569,16653,11477,17890,21519,12015,13965,12990
E05009628,Skirbeck,4,6808,7208.75,8492.75,2013,12131.5,12193,10879,14842.25,12860.62
E05009629,Staniland,2,8566.5,7821.5,8585,2531,10676.5,15711,13702.5,21682.5,17692.5
E05009630,Station,2,2690,4433.5,6296,244,8431,3491,9891,1460,5675.5
E05009631,Swineshead and Holland Fen,2,12016,15286,13332.5,8369.5,17212.5,24076.5,2748,13161,7954.5
E05009632,Trinity,3,16223.67,17512.333333333332,16341,12017.333333333334,17805.333333333332,18099.333333333332,10759.666666666666,12578,11668.83
E05009633,West,1,27911,25027,24965,19890,26831,27640,15375,31190,23282.5
E05009634,Witham,3,7974,9565.333333333334,10606,4057,13069.666666666666,8533,6471.666666666667,14339.666666666666,10405.67
E05009635,Wyberton,4,12489.75,12357.75,13666.25,8404.25,11748.75,20918,4357.25,25241.75,14799.5
E05009636,Bardney,1,11790,14324,11383,14049,16061,23574,859,16877,8868
E05009637,Caistor and Yarborough,3,18693,19039.333333333332,16776.666666666668,20850.666666666668,20452.666666666668,23077.333333333332,6078.666666666667,18501,12289.83
E05009638,Cherry Willingham,4,22345.5,22663.75,21851.5,19866.25,20347.25,28659.5,7941.25,24831.25,16386.25
E05009639,Dunholme and Welton,4,22713,22919.75,19248,25856.25,22159.5,27062.5,7165.25,24309,15737.12
E05009640,Gainsborough East,4,3428.5,3826.25,2707.5,1843.75,3809.75,6152.75,10666.75,31107.5,20887.12
E05009641,Gainsborough North,4,8479.75,8363.5,6733.75,8069,9874.75,9532,17770.5,12685.75,15228.12
E05009642,Gainsborough South-West,3,2494.67,3664,2264.3333333333335,3936.6666666666665,3054,1253.6666666666667,13278.666666666666,5381.333333333333,9330
E05009643,Hemswell,2,9671.5,14948,11683.5,14286,13491,20567.5,1094,5624.5,3359.25
E05009644,Kelsey Wold,1,17080,22870,19010,26440,25209,30031,389,10376,5382.5
E05009645,Lea,1,21984,25866,22647,18983,25778,27793,2743,20423,11583
E05009646,Market Rasen,4,14981.25,15870.75,12708.25,16711.75,17291.25,19184.25,7944.5,15320.75,11632.62
E05009647,Nettleham,3,28922.67,27541.333333333332,25260,28454.666666666668,24007.333333333332,29585.333333333332,13938.666666666666,29101.666666666668,21520.17
E05009648,Saxilby,4,23655,25188,22413.75,23027.75,23484.25,27479.5,7866.75,23171.25,15519
E05009649,Scampton,2,21443,24490,25182,23304,24190,28409.5,1495,20324,10909.5
E05009650,Scotter and Blyton,5,18330.6,22130,17940.8,19309.6,17927,25270.6,3719.6,19143,11431.3
E05009651,Stow,1,16530,20820,16029,16215,16540,24815,2128,21203,11665.5
E05009652,Sudbrooke,2,29684,31332,30201.5,30740.5,26796,33333,4965.5,31853.5,18409.5
E05009653,Torksey,2,12187.5,23779.5,16083.5,17832.5,19002.5,28179,769,1417.5,1093.25
E05009654,Waddingham and Spital,1,16333,24137,19574,22401,23416,29149,402,8190,4296
E05009655,Wold View,2,10361,13238.5,11302.5,16974.5,13544.5,17732.5,1394,8309,4851.5
E05009689,Bestwood St Albans,4,19348,18192,15039.5,15547.25,17256.75,14609.5,26658.75,27231,26944.88
E05009690,Calverton,5,20017.6,17947.4,15185.2,15888.8,18893.2,19161.8,24976,27062.4,26019.2
E05009691,Carlton,4,17914,15045.25,12254,19689,17330,20864.75,32996,11561.25,22278.62
E05009692,Carlton Hill,6,16222.33,14082.666666666666,12700.833333333334,14052.833333333334,15776.333333333334,17214.833333333332,33311.333333333336,13060.5,23185.92
E05009693,Cavendish,4,14054.5,11777,9661,12954.5,12187.25,18273.25,32660.75,17580.5,25120.62
E05009694,Colwick,2,23565.5,20249,20401,23029.5,20705,17421.5,29899.5,21621.5,25760.5
E05009695,Coppice,3,18097,15092,12388,16024,16570.666666666668,19857.666666666668,32601,25875.666666666668,29238.33
E05009696,Daybrook,4,10471.25,9959.75,8563.25,10626.25,12309.5,10006.75,33461.75,10346.75,21904.25
E05009697,Dumbles,2,29246,28942.5,27391.5,28691,28276.5,29866.5,12824.5,19713.5,16269
E05009698,Ernehale,4,17140.75,15387.5,13779.25,14275.25,15234.5,17661.25,33520.75,16093,24806.88
E05009699,Gedling,4,25920.75,21408.25,21741.25,24836.75,22517.25,25887.5,30831,20100,25465.5
E05009700,Netherfield,4,9150.5,8560,6978,12857.75,7879,13200.5,33272.25,4833.25,19052.75
E05009701,Newstead Abbey,5,28762.6,28614.6,26138.2,26798,27373.2,29026.8,14540.6,27532.2,21036.4
E05009702,Phoenix,4,20730.75,18072.5,16771.5,16158,17364.5,24542.25,32308.25,18274.25,25291.25
E05009703,Plains,5,27700.8,24467.2,21337.2,22747.4,23646.4,27565,32750.6,24125,28437.8
E05009704,Porchester,5,28784.2,25946.4,24138,28813.6,23946,26394.8,33281.2,17876,25578.6
E05009705,Redhill,4,20358.75,16351.5,13565.25,18993.25,17869.75,22733.75,33310.25,23476.5,28393.38
E05009706,Trent Valley,3,28649.33,27693.666666666668,26139.666666666668,29148.333333333332,26954,23252,19290,21372.333333333332,20331.17
E05009707,Woodthorpe,5,29550.6,28180,26016.4,32198.6,25831.8,26209.8,33504.2,13753.4,23628.8
E05009733,Benson & Crowmarsh,6,28115.5,27502.666666666668,28670.333333333332,28949.333333333332,30598.666666666668,30065.5,10385.666666666666,20912,15648.83
E05009734,Berinsfield,2,14196,14025.5,13348,4534,20668.5,19438,10809,28106.5,19457.75
E05009735,Chalgrove,2,24716,23637,23441,20151,29278.5,31326.5,5097,28090,16593.5
E05009736,Chinnor,5,26210.2,27564,28667.2,19152.6,31473,28366.6,6044,23462,14753
E05009740,Didcot West,5,24684,20737.8,24069.8,15597.8,26258.2,17961,28703.8,27992.8,28348.3
E05009742,Garsington & Horspath,3,26160,28650,29566.666666666668,25223.666666666668,31800.666666666668,27949.333333333332,5768.666666666667,13183.666666666666,9476.17
E05009743,Goring,3,30630.33,30148.333333333332,31125.333333333332,32111,32358.333333333332,31192.333333333332,9967,22646,16306.5
E05009749,Thame,8,29363.62,25999.25,28505,21380.75,29968,28121.875,22062.625,26567.625,24315.12
E05009751,Watlington,2,23840.5,23491,27967.5,24227.5,32413,24301,5125,12453,8789
E05009754,Abingdon Abbey Northcourt,4,20356.75,20696,15906.75,20965.25,21315.75,16096.75,28826.5,21770.5,25298.5
E05009755,Abingdon Caldecott,5,18299.2,14992.8,15564.2,10383.6,22199.2,18273.6,22367.6,28349.4,25358.5
E05009757,Abingdon Fitzharris,4,28426,26507,24804.5,24341.5,29271.5,23763,27093.25,23706.75,25400
E05009769,Ridgeway,1,21700,21594,21848,19017,31716,27720,4723,13766,9244.5
E05009770,Stanford,2,21390.5,23618.5,25748,24604.5,31739,25820,2981,8817,5899
E05009771,Steventon & the Hanneys,2,24257.5,22159,24328,19931.5,30385,24259.5,7197,25393,16295
E05009800,Aldwick East,3,25615,27286,23135.666666666668,17804.666666666668,22297.666666666668,25959.333333333332,13101,29639,21370
E05009801,Aldwick West,4,21567,22565.75,19370.5,18008.5,18635,26797.75,7440.5,29308.25,18374.38
E05009802,Angmering & Findon,7,21494.71,21499.714285714286,22000.85714285714,19123.714285714286,22907.428571428572,22968.85714285714,7347.285714285715,23651.14285714286,15499.21
E05009803,Arundel & Walberton,5,18520.8,22597.8,23374.8,21860.8,20905.8,20979.2,2463.6,16785.2,9624.4
E05009804,Barnham,5,19179.6,19225.2,21087.8,19125.6,18830.6,21287.6,3859.2,25458.4,14658.8
E05009805,Beach,3,16699.67,19765.333333333332,16255.333333333334,12429,14858.333333333334,18736,6323.333333333333,21928,14125.67
E05009806,Bersted,7,16495.86,16065.57142857143,17495.571428571428,10040.42857142857,13716.42857142857,16600.428571428572,12882.57142857143,25051.285714285714,18966.93
E05009807,Brookfield,4,15244.25,15410.25,15061,10434,16099.5,19535.25,5855.5,26771.5,16313.5
E05009808,Courtwick with Toddington,7,11229.29,11154.42857142857,12215.142857142857,7946.571428571428,10684.285714285714,12803.857142857143,6377.857142857143,24274.571428571428,15326.21
E05009809,East Preston,5,23888,24022.4,21357.2,19478.8,21948.2,26239.4,11339.4,27052.4,19195.9
E05009810,Felpham East,3,22978.33,24740,21906.333333333332,17492,19586.666666666668,27226.333333333332,7209,27670,17439.5
E05009811,Felpham West,4,21030.25,21475,20124,13598.5,16952,20701.75,16237,27115.75,21676.38
E05009812,Ferring,3,26137.33,28327,23378.333333333332,19801,21764.333333333332,28006.333333333332,10878,29403,20140.5
E05009813,Hotham,4,9147.75,10712.5,11382.25,5450.75,8690.75,6390.25,12481,15096.75,13788.88
E05009814,Marine,4,8112.75,10450.5,9569.25,7343.5,5497.25,8467.25,10861,9847.75,10354.38
E05009815,Middleton-on-Sea,3,18599.33,21875,18668,12686.666666666666,15945.333333333334,26524.333333333332,4432.666666666667,27955.666666666668,16194.17
E05009816,Orchard,4,9997.25,9672.5,10822,6276.5,9996.5,9962.25,16247.5,15551.75,15899.62
E05009817,Pagham,4,20410,22856.25,21965.25,12820.25,18074.75,25937.5,5098.5,29095.5,17097
E05009818,Pevensey,3,9749.33,10368.333333333334,8727,6058,8799,10637.333333333334,16279.333333333334,24916,20597.67
E05009819,River,5,8660.6,10627.8,9076.2,7196,9132.4,7591,8937.8,10330.8,9634.3
E05009820,Rustington East,3,19226,20261,16135.666666666666,16672.333333333332,14862.666666666666,23139.333333333332,14506,23325.666666666668,18915.83
E05009821,Rustington West,5,22017.4,22860.2,19574.6,15257.6,18439.6,26852,13151.4,22709,17930.2
E05009822,Yapton,4,14003.75,15335,16650,10234.75,14722,17411.25,4142,22705,13423.5
E05009823,Alvechurch South,1,22620,28877,27403,24802,30802,30064,7046,2296,4671
E05009824,Alvechurch Village,3,24294.67,23445.333333333332,22985.666666666668,24468.333333333332,25467.333333333332,23162.333333333332,14299.666666666666,14731,14515.33
E05009825,Aston Fields,2,22897,19398.5,20462,16765,19895.5,18863,31095.5,22438,26766.75
E05009826,Avoncroft,3,26059.67,24709,23627.333333333332,24124,24422.666666666668,29502,16039.333333333334,24911.333333333332,20475.33
E05009827,Barnt Green & Hopwood,1,32139,31707,30296,32343,32295,29415,22697,17181,19939
E05009828,Belbroughton & Romsley,5,22330.8,26046.6,24122,26770.8,27155.4,23410.8,8031,8450.2,8240.6
E05009829,Bromsgrove Central,2,21461.5,21907.5,17373.5,24772.5,19503.5,17503,33364,20129,26746.5
E05009830,Catshill North,2,15396.5,13849.5,11898,11482,18784.5,12079,22947,19887.5,21417.25
E05009831,Catshill South,2,16704.5,14988,13773,10768.5,19638,14446,23559.5,21457.5,22508.5
E05009832,Charford,1,7765,6844,5937,4790,7987,5342,32036,29061,30548.5
E05009833,Cofton,1,29031,24282,27579,25900,29631,20753,18085,28076,23080.5
E05009834,Drakes Cross,2,21963,21314.5,20507,19056,21757,17778,23841,25521.5,24681.25
E05009835,Hagley East,2,31590,30710,31429,31611,32409.5,25132,21285,18829,20057
E05009836,Hagley West,2,32332.5,30408.5,31265.5,31185,32352.5,29641,17464,26919,22191.5
E05009837,Hill Top,1,30228,28021,29207,21364,29201,21141,32252,21146,26699
E05009838,Hollywood,2,27026.5,26248,23332,25252,22080,25334.5,26979.5,18730.5,22855
E05009839,Lickey Hills,3,31157,32716.666666666668,32206.666666666668,31812,31280,26869.666666666668,12598,20913.666666666668,16755.83
E05009840,Lowes Hill,1,32029,28259,27203,29478,27523,33277,30263,26544,28403.5
E05009841,Marlbrook,2,31841,31001,31233,30109,28924.5,29662,18915,22646.5,20780.75
E05009842,Norton,2,28525,26099,23618,27956.5,24634.5,25115.5,26914.5,28122,27518.25
E05009843,Perryfields,1,28179,25992,20963,17204,30210,23019,31652,29119,30385.5
E05009844,Rock Hill,2,11029.5,9155.5,8553.5,5860.5,16722.5,8105.5,30308.5,24819,27563.75
E05009845,Rubery North,3,22928,21359.666666666668,19284.666666666668,17193.333333333332,19838,21276,31800,18800.333333333332,25300.17
E05009846,Rubery South,1,25907,24724,18544,17336,20377,25819,32217,28098,30157.5
E05009847,Sanders Park,1,14428,17712,12671,9600,13383,6592,33286,12294,22790
E05009848,Sidemoor,3,16446.67,14639,13469.333333333334,13559,16764,14166.666666666666,32486.666666666668,16835.666666666668,24661.17
E05009849,Slideslow,3,33281.33,31007,31730,31188.666666666668,31094.333333333332,32043.333333333332,30867.333333333332,28669,29768.17
E05009850,Tardebigge,2,19175.5,28951.5,18782.5,25587,16301.5,19917,11127,14781,12954
E05009851,Wythall East,2,28004.5,25019,22889.5,26697,28035,22835,19124.5,26972,23048.25
E05009852,Wythall West,2,25572,27692.5,24605,26675.5,22088.5,24458.5,19131.5,9148,14139.75
E05009853,Acklam,4,20623.75,18802.75,18625.5,21179.75,15573.5,16951.75,19979.5,18411.25,19195.38
E05009854,Ayresome,4,9443.25,8567.5,9329.5,11168.5,7763,8757.5,15463.5,12840,14151.75
E05009855,Berwick Hills & Pallister,6,812.5,1357.8333333333333,791.5,913.1666666666666,936.3333333333334,600.6666666666666,20608.666666666668,19967,20287.83
E05009856,Brambles & Thorntree,6,780.67,1204.8333333333333,862.1666666666666,1048.8333333333333,468.6666666666667,1075.3333333333333,19594.833333333332,22631.5,21113.17
E05009857,Central,7,1822.57,4220.714285714285,4419.142857142857,3064.1428571428573,1130.142857142857,1392.142857142857,11972.42857142857,5012.857142857143,8492.64
E05009858,Coulby Newham,6,11902.5,11699.333333333334,9476.666666666666,14154.666666666666,6859.166666666667,11140.666666666666,18475.166666666668,30679,24577.08
E05009859,Hemlington,4,4571,5292.75,3257,5730.5,3100.75,3509.25,14288,25592.25,19940.12
E05009860,Kader,3,21967,22434.333333333332,19827.666666666668,21240.666666666668,16872.333333333332,15640.666666666666,16572.666666666668,24568,20570.33
E05009861,Ladgate,4,9152.5,10108.25,7578.5,8202.75,4834.75,9138.25,18962.5,21385.5,20174
E05009862,Linthorpe,3,13359,12103.666666666666,13567.333333333334,15394,11454.666666666666,11980.666666666666,21096.333333333332,7968.666666666667,14532.5
E05009863,Longlands & Beechwood,7,2906.14,3820,2637.1428571428573,3945.1428571428573,1586.2857142857142,3234.4285714285716,17948.571428571428,20603.14285714286,19275.86
E05009865,Marton West,3,28459.67,27568.333333333332,24512.666666666668,28335.333333333332,20455,27136,18254.666666666668,28987,23620.83
E05009866,Newport,7,501.71,957.4285714285714,1690,755.2857142857143,1931.7142857142858,651.1428571428571,10671,3788.8571428571427,7229.93
E05009867,North Ormesby,2,384,1548,681.5,1353.5,1457.5,65,19541,1151,10346
E05009869,Park,6,7705,8098.666666666667,7638.833333333333,12458.5,5643.833333333333,6366,20143,6911.166666666667,13527.08
E05009870,Park End & Beckfield,5,1810.4,3171.2,1278.2,2020.6,1379.4,1388.2,18155.6,21598,19876.8
E05009871,Stainton & Thornton,3,17977,19954,18855,18564,12139,10788,11423.666666666666,30938.333333333332,21181
E05009872,Trimdon,3,24443.67,24669,22987.666666666668,22375,18312.666666666668,20307.666666666668,14538,26225,20381.5
E05009873,Alford,3,7999.33,10605,6547.666666666667,8469.333333333334,7460.333333333333,17133.333333333332,4879.666666666667,17440.666666666668,11160.17
E05009874,Binbrook,1,13260,19075,13820,14933,15125,24371,1791,8053,4922
E05009875,Burgh le Marsh,2,13039,16388,13618,10041.5,7736.5,24528.5,4484,20241.5,12362.75
E05009876,Chapel St Leonards,3,3836.67,9128,2886.6666666666665,3323.3333333333335,3400.6666666666665,13904,7605.333333333333,3412,5508.67
E05009877,Coningsby & Mareham,5,13583.6,17496.4,16084.2,13422,13666.6,22133,1960.4,15271,8615.7
E05009878,Croft,2,7830.5,15087.5,6825.5,8456.5,9901,22639.5,1360.5,6339,3849.75
E05009879,Friskney,1,6213,10946,5456,5201,9295,22201,1254,6874,4064
E05009881,Grimoldby,1,16473,18704,14579,16432,16066,24430,4009,19871,11940
E05009882,Hagworthingham,1,10390,17205,10842,13720,16119,24627,1165,3133,2149
E05009883,Halton Holegate,2,10258,17092,10442,10524,11485.5,26842.5,1901.5,7354,4627.75
E05009884,Holton-le-Clay & North Thoresby,4,21408.25,22896.75,18106.75,18956.5,16683.5,28816.5,10657,25721.25,18189.12
E05009885,Horncastle,4,14524.25,14237.5,10928.25,13098,10286,20575.5,16859,23759.5,20309.25
E05009886,Ingoldmells,1,903,5639,1786,90,1454,407,6319,3699,5009
E05009887,Legbourne,1,17583,21980,20220,20598,17673,21713,2982,9944,6463
E05009888,Mablethorpe,4,2586.5,6178,1348,1501.5,2070.25,10055.75,6354.25,19171,12762.62
E05009889,Marshchapel & Somercotes,3,10819.67,16887,11620.333333333334,13488,12974,26216,1858,4420.333333333333,3139.17
E05009890,North Holme,2,7270,6233.5,5087,7432.5,3492.5,16155,23428,27825.5,25626.75
E05009891,Priory & St James',3,10569,10545.333333333334,9140.333333333334,11659,9464.666666666666,10612.333333333334,31457.666666666668,7035,19246.33
E05009892,Roughton,1,15111,24013,20267,19404,21611,30435,477,4494,2485.5
E05009893,St Clement's,4,6477.5,8134.75,6455.75,4197.5,3306,9149.75,18911.25,21882.75,20397
E05009894,St Margaret's,2,15170.5,13525.5,12428.5,14762.5,7857.5,18635,19740.5,31056.5,25398.5
E05009895,St Mary's,1,22281,21653,15990,22975,16283,22817,29961,14718,22339.5
E05009896,St Michael's,2,16473.5,14051,12106.5,15301.5,9911.5,26201.5,18539.5,30587,24563.25
E05009897,Scarbrough & Seacroft,6,5590.5,6438,5551.666666666667,3914.8333333333335,4355.833333333333,6043,22428.5,13847.166666666666,18137.83
E05009898,Sibsey & Stickney,3,11244,16645.666666666668,13441.333333333334,10871,13542.666666666666,24223.333333333332,1363,9554.666666666666,5458.83
E05009899,Spilsby,2,7885.5,6886,7515,6013.5,5890,13221.5,15106,19641.5,17373.75
E05009900,Sutton on Sea,2,7521,13140.5,3726.5,5267,5494.5,21600,6800,26480.5,16640.25
E05009901,Tetford & Donington,2,14246,22327.5,19164.5,23045,20289,26159.5,234.5,5032.5,2633.5
E05009902,Tetney,2,15667,19422.5,16429,16956,12823.5,28145,3101,15678.5,9389.75
E05009903,Trinity,1,5622,5622,4029,4911,4277,5912,21539,25517,23528
E05009904,Wainfleet,2,3559.5,6463,3571.5,2907.5,5392,14114,3730.5,2165,2947.75
E05009905,Willoughby with Sloothby,1,8312,14586,11657,8893,11051,19223,923,3144,2033.5
E05009906,Winthorpe,3,3864.33,5653,3532,1651,3919.6666666666665,5862.333333333333,19174.666666666668,12635.666666666666,15905.17
E05009907,Withern & Theddlethorpe,1,8610,18786,11379,10795,11679,29605,190,2341,1265.5
E05009908,Woodhall Spa,3,23164.67,24398,19955.333333333332,21463.333333333332,17775,30659,9144.666666666666,25267,17205.83
E05009909,Wragby,1,10722,15556,12913,11416,13700,22885,1936,4236,3086
E05009910,Ashdon,1,25186,31294,33145,27386,33540,32086,2675,6385,4530
E05009911,Broad Oak & the Hallingburys,3,22242,25922.666666666668,28340.333333333332,18001,32885,20858.333333333332,8131,5143,6637
E05009912,Clavering,1,25916,29710,31453,28912,32940,32585,1490,16811,9150.5
E05009913,Debden & Wimbish,1,25162,28038,30626,27023,33102,31237,3560,8391,5975.5
E05009914,Elsenham & Henham,2,26751,25723,26806.5,22851.5,32408.5,23236.5,7984,24847.5,16415.75
E05009915,Felsted & Stebbing,3,23295,25020.333333333332,27017.333333333332,19841,32322,26444.333333333332,4732.333333333333,13152.333333333334,8942.33
E05009916,Flitch Green & Little Dunmow,1,27845,26511,27271,25925,32626,20103,6721,33687,20204
E05009918,Great Dunmow South & Barnston,4,24886.5,21972.25,26112.5,20423.75,31796.25,19503.25,15152,18965.25,17058.62
E05009919,Hatfield Heath,1,27254,25137,27535,21918,33201,22268,11212,20222,15717
E05009920,High Easter & the Rodings,1,18528,24094,28539,19787,32190,20795,1909,3467,2688
E05009921,"Littlebury, Chesterford & Wenden Lofts",3,23606,29594.333333333332,30465.333333333332,31410.666666666668,33268.666666666664,27099.666666666668,3994.3333333333335,7242.333333333333,5618.33
E05009922,Newport,2,26536.5,25137,28534,26055,32036.5,22746.5,8092.5,19369,13730.75
E05009923,Saffron Walden Audley,3,28600.33,24479.666666666668,26255,28178,30671,24172,27618.333333333332,19544.666666666668,23581.5
E05009924,Saffron Walden Castle,2,24297,18813,21540,22053.5,26773.5,18810.5,20604,29364,24984
E05009925,Saffron Walden Shire,4,29518,22410,26468.25,26451.75,31024.25,26905,24529.75,25780.5,25155.12
E05009926,Stansted North,3,28674,28145,28733.333333333332,25286.666666666668,32493.333333333332,22550.333333333332,14522.333333333334,18062,16292.17
E05009927,Stansted South & Birchanger,2,21888,19049.5,21573,17727.5,30905,8659.5,15470,28290,21880
E05009928,Stort Valley,1,21469,28725,29534,26768,32745,29727,1572,4036,2804
E05009929,Takeley,4,24746.75,21996.5,25659.25,19250.5,30464.25,16224.25,11544.25,27135,19339.62
E05009931,The Sampfords,1,20633,29825,30269,29868,32096,31099,1163,2349,1756
E05009932,Bourne,3,12447.33,9740.333333333334,11239,12958,8295,15488,23328.333333333332,17910,20619.17
E05009933,Breck,2,24483.5,21810.5,22417.5,25642.5,16667,18324,30867.5,19837,25352.25
E05009934,Brock with Catterall,2,26402.5,24997,26589.5,25877,23878,25814,10801.5,20985,15893.25
E05009935,Calder,1,25337,26234,21487,30406,17595,25325,15304,16375,15839.5
E05009936,Carleton,3,29038.67,28916.333333333332,24259,29828.666666666668,18456.333333333332,28098.333333333332,27338.666666666668,20208,23773.33
E05009937,Cleveleys Park,2,12751,14226,7611,11610.5,6720,22403,25873,22646.5,24259.75
E05009938,Garstang,4,23472.5,23970.75,18048.5,23405,16026.25,28738.5,20935.5,19922.25,20428.88
E05009939,Great Eccleston,2,23169.5,24832,23545.5,26707,19565,26654.5,6507,14853.5,10680.25
E05009940,Hambleton & Stalmine,3,18227.67,21514.666666666668,17015.333333333332,22217,13525.333333333334,22384.333333333332,8135.666666666667,14511.666666666666,11323.67
E05009941,Hardhorn with High Cross,4,23858.75,23780.25,19254.75,23598,16827.75,21075.25,26560,20293.5,23426.75
E05009942,Jubilee,4,9079,10852.75,6252.75,10759,4819,11777.5,27999.5,11769.5,19884.5
E05009943,Marsh Mill,3,18859.33,18624.666666666668,15281.666666666666,21854.666666666668,10016.333333333334,17690.666666666668,29171,16388.333333333332,22779.67
E05009944,Mount,4,9168.75,9856.5,7929,8948.75,6425,8422.75,29767,12908,21337.5
E05009945,Park,3,7188,8196.333333333334,5507,6209.333333333333,5950,5327.333333333333,29348,15114.333333333334,22231.17
E05009946,Pharos,4,1667,3246.25,1717,3747,1199.25,1782.75,30462.75,494.5,15478.62
E05009947,Pheasant's Wood,2,25604.5,24327,18685.5,21421.5,16735.5,29602,23608,30419,27013.5
E05009948,Pilling,1,16688,21587,20292,19148,18537,26158,3890,4209,4049.5
E05009949,Preesall,4,12624.25,15632.5,10128.75,13893,7249,21967.5,10107.5,15214.5,12661
E05009950,Rossall,4,10293.5,12689.75,6920.25,8480.5,4676.5,13332,26536.25,25301.5,25918.88
E05009951,Stanah,3,25394.67,23977,20657,26265.333333333332,13998.666666666666,29318,21597,26021.333333333332,23809.17
E05009952,Tithebarn,3,24484.33,22611,20375.333333333332,27737.666666666668,15191.666666666666,22367.666666666668,30135.666666666668,19291.666666666668,24713.67
E05009953,Victoria & Norcross,4,22289.5,22222.5,16681.75,22815.25,13453.75,24408.5,30054.25,18191.75,24123
E05009954,Warren,3,10580.67,13136.666666666666,9467.333333333334,8660.666666666666,5175.333333333333,12120.333333333334,29778.666666666668,14567.333333333334,22173
E05009955,Wyresdale,1,22816,23898,25936,26234,20976,23968,6256,11421,8838.5
E05009956,Ash and New Ash Green,4,19264.25,20800,21954.25,15385.5,23891.25,16861.5,3603.5,24497,14050.25
E05009958,Eynsford,1,23605,26627,28713,28891,32586,16349,3210,11657,7433.5
E05009959,Hartley and Hodsoll Street,4,24170.5,27149,25944.25,19879.75,26004.25,20544.75,7494.5,24160.25,15827.38
E05009960,Hextable,3,22390.67,23813.666666666668,22863.333333333332,16133.333333333334,23496,24914.666666666668,6529.333333333333,23518,15023.67
E05009961,Leigh and Chiddingstone Causeway,1,24462,24322,27121,26261,31699,27100,4188,13353,8770.5
E05009962,Otford and Shoreham,3,23604,26026.666666666668,26039.333333333332,23564,30018.333333333332,22960.333333333332,6927,18439,12683
E05009963,"Penshurst, Fordcombe and Chiddingstone",2,15806.5,24864,27168.5,25961,27313.5,24016.5,1161,707.5,934.25
E05009964,Swanley Christchurch and Swanley Village,4,23064.5,21556.25,23460.75,15991.5,28029.75,18187.75,17382.75,20557.75,18970.25
E05009965,Westerham and Crockham Hill,3,19804.33,23470,23813,19692,27271.333333333332,14461.666666666666,7502,9492,8497
E05010015,Broadmead,3,16966,17065.666666666668,14719.666666666666,18542.666666666668,13085.666666666666,9268.666666666666,21929.333333333332,19427.666666666668,20678.5
E05010016,Cheriton,8,14648.88,13094.875,12808,12879.625,14030.125,15058.875,19103.75,18141.25,18622.5
E05010017,East Folkestone,7,6520.86,6151.285714285715,5551.285714285715,6475.714285714285,7401.285714285715,5764.428571428572,19798.428571428572,14094.714285714286,16946.57
E05010018,Folkestone Central,7,10284.14,12169.857142857143,7941.571428571428,12965,8963.714285714286,7275.571428571428,18008.85714285714,10929.57142857143,14469.21
E05010019,Folkestone Harbour,4,6114.5,6414.25,5538,5387,6955.75,6018.25,11699.25,13031.25,12365.25
E05010020,Hythe,7,19773.14,20943.428571428572,17627.85714285714,18000.14285714286,18163.285714285714,19096,12915.142857142857,20427.714285714286,16671.43
E05010021,Hythe Rural,4,15737.75,19348,15082,14912.5,17128,23320.25,3672.5,21644.5,12658.5
E05010022,New Romney,4,13574.25,18885,12931.25,8665.5,12496,19899,3309.5,27294,15301.75
E05010023,North Downs East,7,18420.57,21750.14285714286,19356.428571428572,19276.285714285714,18331.571428571428,17271.14285714286,7779.285714285715,21764.428571428572,14771.86
E05010024,North Downs West,3,17144.67,22617.333333333332,17470,21656,19537.333333333332,28023.666666666668,2477.6666666666665,9812.666666666666,6145.17
E05010025,Romney Marsh,5,8659.2,15695.8,10039.8,7386.2,11013.6,15603.6,452.2,22994.2,11723.2
E05010026,Sandgate & West Folkestone,3,18612.67,16383.666666666666,15054,18377,15939.666666666666,20619.666666666668,18057.666666666668,20422.666666666668,19240.17
E05010027,Walland & Denge Marsh,5,7211,12690.2,8898.2,4442.2,10004.8,16491.2,728,16957.6,8842.8
E05010064,Balderton South,3,19474,16609.333333333332,15247,15856.333333333334,17730,17147.333333333332,23761.333333333332,27329.333333333332,25545.33
E05010066,Bilsthorpe,2,16139,16567,14437.5,13102,13159,19487.5,8959,29142,19050.5
E05010067,Boughton,2,16657.5,19092,14219.5,13311,11925.5,22433,12073.5,23471,17772.25
E05010068,Bridge,5,11641,11669.6,11429.4,7059.6,11902.4,14157.4,27184,13154.6,20169.3
E05010070,Collingham,3,22567,26004.333333333332,22433.666666666668,24642,23326.333333333332,27954.666666666668,6600.666666666667,17356,11978.33
E05010071,Devon,6,7085,7020.666666666667,5662.833333333333,5325.166666666667,8102.833333333333,6437,27257.166666666668,21868,24562.58
E05010072,Dover Beck,1,30161,32208,31816,32228,27310,31331,7105,21547,14326
E05010073,Edwinstowe & Clipstone,7,18214,17734.14285714286,16214.57142857143,15096.57142857143,12647.714285714286,19029.428571428572,16145.714285714286,28166.571428571428,22156.14
E05010075,Farnsfield,2,27103.5,25622,25236,27480,24710,30251,9007.5,25912.5,17460
E05010076,Lowdham,2,25931.5,30153.5,31426,23374,26241.5,24325.5,7839,12698.5,10268.75
E05010077,Muskham,1,24960,32254,29231,28047,27565,26824,3755,8415,6085
E05010078,Ollerton,6,9656,10601.833333333334,8506.333333333334,7733.666666666667,4542.666666666667,14549.666666666666,18422.666666666668,24381.333333333332,21402
E05010079,Rainworth North & Rufford,3,16627.67,17200.666666666668,13357.666666666666,12271,12201.666666666666,19043.666666666668,17444,25759.666666666668,21601.83
E05010080,Rainworth South & Blidworth,4,10508.5,10662,7719.75,8329.75,7404.25,17374.5,17102.25,24367,20734.62
E05010081,Southwell,5,28515.4,27272,25711.2,30221,26087.4,29058.8,16648,19546.6,18097.3
E05010082,Sutton-on-Trent,3,18214.33,24813.333333333332,22129.666666666668,24700.333333333332,24829.333333333332,27840.333333333332,2412,4267.333333333333,3339.67
E05010083,Trent,3,26214,30246.333333333332,28545,30604.666666666668,25878.333333333332,31280.333333333332,3774,15958,9866
E05010090,Appleby,1,23630,28765,28734,27290,29308,20848,3789,8254,6021.5
E05010091,Ashby Castle,2,31039.5,32260,32573.5,31932.5,27246,20571.5,20906,25330.5,23118.25
E05010092,Ashby Holywell,2,20635.5,18280,17936.5,17807,16609.5,14491,26875.5,27768,27321.75
E05010093,Ashby Ivanhoe,2,23942.5,21660,22905,20407.5,19559.5,16272,24427.5,26412,25419.75
E05010094,Ashby Money Hill,2,27872.5,23175.5,25944.5,23159,23415.5,25379,20988,29615,25301.5
E05010095,Ashby Willesley,1,17311,15622,13146,20082,10631,19161,16949,25986,21467.5
E05010096,Ashby Woulds,1,23767,26407,22102,17253,23057,23904,9858,20032,14945
E05010097,Bardon,2,24749,22672.5,24284,20216,22100,21023.5,18534.5,27994.5,23264.5
E05010098,Blackfordby,2,15914.5,15788.5,14407,11996.5,15164,16089,11713,21973,16843
E05010099,Broom Leys,2,18759.5,21788.5,15511,12293,14142,16258.5,16160.5,29351,22755.75
E05010100,Castle Donington Castle,2,18749.5,15683.5,15861,14054,16822,28329.5,27387.5,17969.5,22678.5
E05010101,Castle Donington Central,2,31419.5,28750,28294,27273,28705.5,29018.5,25691.5,25592.5,25642
E05010103,Castle Rock,2,15443,17344,12323.5,12811,15591,10878,12708,26067,19387.5
E05010104,Coalville East,1,17606,17799,18450,16109,11031,11677,24134,14639,19386.5
E05010105,Coalville West,2,8218,10023,8303.5,3918,7736,7831,25693.5,10171.5,17932.5
E05010106,Daleacre Hill,2,20471.5,21183.5,21845,19719.5,16750.5,23436.5,14872.5,9050,11961.25
E05010107,Ellistown & Battleflat,1,17295,18147,17902,10862,13818,27632,14970,11107,13038.5
E05010108,Greenhill,2,6074,7062.5,5616,3653.5,6037.5,4972,8905.5,33106,21005.75
E05010109,Hermitage,1,16042,18212,16442,13614,14035,8969,17362,13119,15240.5
E05010110,Holly Hayes,1,13282,14827,11800,8456,12793,11222,14789,19272,17030.5
E05010111,Hugglescote St John's,2,23021.5,20929,21167,17100,20339,18788.5,20826,23680,22253
E05010112,Hugglescote St Mary's,1,25724,19984,24194,19894,21510,19870,25722,28630,27176
E05010113,Ibstock East,2,14177,15632.5,13234,9037.5,15477,13778,15268.5,13420,14344.25
E05010115,Kegworth,1,27865,29371,29229,24720,26678,21984,14858,13527,14192.5
E05010116,Long Whatton & Diseworth,2,26400.5,27264.5,27061,27419.5,27640.5,26515,7551,15728.5,11639.75
E05010117,Measham North,1,18418,18278,18212,14282,18079,13011,10620,24923,17771.5
E05010118,Measham South,2,17206,18568,15919.5,11675.5,15269,19978.5,10018.5,23232.5,16625.5
E05010119,Oakthorpe & Donisthorpe,2,14882.5,18017,17809.5,10530.5,18286,18293.5,5697.5,8380.5,7039
E05010120,Ravenstone & Packington,2,23358.5,25171,24704.5,21373,23483,20632.5,9260,16322,12791
E05010121,Sence Valley,2,25704.5,23755.5,23524.5,19934,24665.5,20506.5,14077.5,29851.5,21964.5
E05010122,Snibston North,1,20520,18494,17006,12041,17448,20630,22256,29234,25745
E05010123,Snibston South,1,10130,12179,11212,7782,8144,4116,24774,11867,18320.5
E05010124,Thornborough,2,26710,27376,25969,18764,21047,25396,17208,22481.5,19844.75
E05010125,Thringstone,2,13943.5,16188.5,11595.5,8609.5,12265,14380,12358,26053.5,19205.75
E05010126,Valley,2,20930,25598,24015.5,19284.5,24171,23149.5,7422,6552.5,6987.25
E05010127,Worthington & Breedon,2,18530,25294.5,23951.5,18805,24454,22578.5,3167,5586,4376.5
E05010128,Allington & Strete,2,15237.5,21929.5,22228,20570.5,28789.5,29956.5,941.5,2291.5,1616.5
E05010129,Bickleigh & Cornwood,2,15562.5,21178,17976,19535,22033,32201.5,2887,4328,3607.5
E05010131,Charterlands,2,19428.5,22567,23578,27883.5,29154,32237,3014,7322.5,5168.25
E05010132,Dartington & Staverton,1,19849,19217,14226,21049,24034,31096,7176,17212,12194
E05010133,Dartmouth & East Dart,6,16824.17,19651.166666666668,17765.166666666668,18112.666666666668,21981.166666666668,25353.5,7271.833333333333,11759.666666666666,9515.75
E05010134,Ermington & Ugborough,2,18546.5,21668,20764,29737.5,25447,31128,1916,9311,5613.5
E05010135,Ivybridge East,3,26548.33,24653,21814.333333333332,24717.333333333332,24602.666666666668,29857,12247,30486.666666666668,21366.83
E05010136,Ivybridge West,4,26440,23301.25,23165.25,24917.5,25660,29435,11965.25,29213.5,20589.38
E05010137,Kingsbridge,3,19846.67,16852.333333333332,15910,16109.666666666666,24318.333333333332,23338.666666666668,16102,17302,16702
E05010138,Loddiswell & Aveton Gifford,1,16695,22669,26996,23748,31800,31107,449,2510,1479.5
E05010139,Marldon & Littlehempston,1,24603,24271,19108,27443,24363,30352,8020,22017,15018.5
E05010140,Newton & Yealmpton,3,20241.67,22606.333333333332,19514.333333333332,23900.333333333332,26534.333333333332,32619.333333333332,3174,11828.333333333334,7501.17
E05010141,Salcombe & Thurlestone,3,19523.67,22602,22522,21069.333333333332,28921,28720.666666666668,3627.6666666666665,7022,5324.83
E05010142,South Brent,3,13891,19367.666666666668,17420.666666666668,18334.333333333332,21249.666666666668,28961,3024.6666666666665,11443,7233.83
E05010143,Stokenham,1,17639,27270,24880,20954,30227,32893,897,2581,1739
E05010144,Totnes,5,16257.8,13417.6,9923.6,21577.8,17770.8,22268.4,22061.2,18892.2,20476.7
E05010145,Wembury & Brixton,3,25086.67,24380.666666666668,23932.666666666668,27995.333333333332,28098.333333333332,30719.333333333332,5324,25234.666666666668,15279.33
E05010146,West Dart,2,14832.5,23167,23353.5,27004,31965.5,31341,303,1004.5,653.75
E05010147,Woolwell,2,30673,28636,27816.5,26903.5,28272,32865.5,13745.5,32823,23284.25
E05010148,Aveland,1,13910,20899,16269,20398,21991,24634,356,6782,3569
E05010149,Belmont,3,26874.33,24336.333333333332,24014.666666666668,20984,25283.666666666668,29804.666666666668,12616.666666666666,30118,21367.33
E05010150,Belvoir,3,20937,20999.666666666668,21628,26720.666666666668,27468.333333333332,24972.333333333332,5689.333333333333,13235,9462.17
E05010151,Bourne Austerby,5,27940.4,21255.8,25976.4,24387.8,24907.2,24635.2,24212.4,30693.4,27452.9
E05010152,Bourne East,3,18406.33,15951,14248.333333333334,16826.333333333332,16365.333333333334,22657.666666666668,20629.333333333332,25502,23065.67
E05010153,Bourne West,4,27633.25,24726,23285.75,24070.5,22459.25,26637,23600.5,29259,26429.75
E05010154,Casewick,3,26957.67,28290.666666666668,25700.333333333332,25555.666666666668,28980.666666666668,31820.333333333332,6947,24734,15840.5
E05010155,Castle,1,18175,22875,24005,26919,27944,25861,1328,4422,2875
E05010156,Deeping St James,5,27507.8,24033,26234.6,21448.6,26910.8,28384.8,18231,25800.6,22015.8
E05010157,Dole Wood,1,28743,26881,26692,26144,30303,29478,10291,24546,17418.5
E05010158,Glen,2,19670.5,25508,24818.5,24747,28625.5,26523.5,1198,7519.5,4358.75
E05010159,Grantham Arnoldfield,2,30448.5,26164,28979,27933,25050,30058,17387.5,31969,24678.25
E05010160,Grantham Barrowby Gate,4,26313,23687.75,22191.25,22228.5,21782.25,26389.75,26433.75,26588.75,26511.25
E05010161,Grantham Earlesfield,4,5324,4319.25,4005.75,3041.75,6910.25,8506,26355,24157.75,25256.38
E05010162,Grantham Harrowby,3,7232,6357.333333333333,4930,3722.3333333333335,8843.333333333334,10266.333333333334,19519.333333333332,31871.666666666668,25695.5
E05010163,Grantham St Vincent's,4,14528.25,14798.5,12359,13799.75,17312.75,8096.5,31475.75,12336,21905.88
E05010164,Grantham St Wulfram's,4,20604.5,20323.75,19109.5,19616.75,17272.5,19081.25,28159.25,18846.5,23502.88
E05010165,Grantham Springfield,3,14145.67,12620,13103.333333333334,12037.666666666666,14793,9359,29058.333333333332,12463.666666666666,20761
E05010166,Isaac Newton,2,13614,16238.5,16298.5,15987,20045,20416,816.5,19223,10019.75
E05010167,Lincrest,1,18618,26451,24750,28546,30274,31280,815,3272,2043.5
E05010168,Loveden Heath,1,17904,20513,17528,22269,24910,29380,4328,5473,4900.5
E05010169,Market & West Deeping,4,22978.25,20102.5,18535.25,17912,23856.5,22820,20899.5,26488.75,23694.12
E05010170,Morton,2,20566,21056.5,20792.5,22222.5,22219,26489.5,3921.5,18949.5,11435.5
E05010171,Peascliffe & Ridgeway,3,19766,20268,18102.333333333332,19523.333333333332,23455.666666666668,27393,7998,15081.666666666666,11539.83
E05010172,Stamford All Saints,2,19249,15521.5,14936,16075.5,19025.5,21379.5,18850.5,27661,23255.75
E05010173,Stamford St George's,4,18574.25,15587.25,14558.75,16476.5,16900.25,21125.25,25327.5,21610,23468.75
E05010174,Stamford St John's,4,30461.5,26931.75,29823.75,27440.75,29675.5,30610.75,15046.25,29153.75,22100
E05010175,Stamford St Mary's,3,19563,19240.333333333332,18244.666666666668,22130.333333333332,21515.666666666668,12961.666666666666,29313,9866,19589.5
E05010176,Toller,1,13221,16780,15101,13795,23891,21887,3170,3221,3195.5
E05010177,Viking,2,24595,26469,24525,28494.5,31241.5,27750,3432.5,17054,10243.25
E05010214,Bamber Bridge East,3,14450.33,14821.333333333334,13364,12021.666666666666,11477.333333333334,13296.333333333334,32558.666666666668,13682.333333333334,23120.5
E05010215,Bamber Bridge West,3,13582.67,13545.333333333334,12150,10072,10325,12642.333333333334,32356,14184.666666666666,23270.33
E05010216,Broad Oak,4,31007.75,29719.5,26404.25,31357.5,25657.25,25663.75,32366.25,25166,28766.12
E05010217,Broadfield,3,13039,12164.666666666666,10535,12623.333333333334,9861.666666666666,8627.666666666666,31171.666666666668,21608.666666666668,26390.17
E05010218,Buckshaw & Worden,3,28309.67,25187.333333333332,26446.666666666668,29014.666666666668,18910.333333333332,24790.666666666668,26271.333333333332,27240,26755.67
E05010219,Charnock,2,19774,17286,15174,20882,16483,16256.5,27576,18832.5,23204.25
E05010220,Coupe Green & Gregson Lane,3,27041,24208.333333333332,23837,25433,22062.666666666668,28793,19333.666666666668,23938,21635.83
E05010221,Earnshaw Bridge,2,11560,13177,9469,10459.5,10004.5,5755,28885,19645,24265
E05010222,Farington East,2,21479,20008.5,19001.5,19402,18037.5,19994,31937.5,10466.5,21202
E05010223,Farington West,3,25385.67,23068.666666666668,22658.333333333332,27413,13777,25859.666666666668,23251,25495.333333333332,24373.17
E05010224,Hoole,2,26341,25693,24464.5,25939,25651,27770.5,9814.5,19308,14561.25
E05010225,Howick & Priory,4,32448.75,31439,28560,31767.75,26659,27593,32784.5,25076.5,28930.5
E05010226,Leyland Central,3,16607.33,17804.666666666668,15361.666666666666,17576.333333333332,12166.333333333334,9438.333333333334,33180.666666666664,10637,21908.83
E05010227,Longton & Hutton West,4,30708.75,29524.75,28125.5,29589.25,24473.5,30365.5,18228.25,26043,22135.62
E05010228,Lostock Hall,5,22815.2,22042,20054.8,22030.8,16787.8,20280.4,30241.2,17415.6,23828.4
E05010229,Middleforth,5,13072.6,12099.6,10052.8,17407.8,11115.4,11099.4,28652,18374.6,23513.3
E05010230,Moss Side,3,21523,19735,17879,19847.666666666668,17325,21060.666666666668,22415.666666666668,30285.666666666668,26350.67
E05010231,New Longton & Hutton East,3,29670,29917.666666666668,27411.666666666668,31496.333333333332,27600.333333333332,30919,10269.333333333334,24485,17377.17
E05010232,St Ambrose,2,16242,18892,15684.5,19697,11494.5,6751,32792.5,8525,20658.75
E05010233,Samlesbury & Walton,3,17703,21753.333333333332,18175.333333333332,20132.666666666668,17415,17802.333333333332,18957.666666666668,5374.666666666667,12166.17
E05010234,Seven Stars,3,9195,8763.666666666666,7548.666666666667,9767,7380,6528,30157.666666666668,23129.333333333332,26643.5
E05010235,Walton-le-Dale East,2,31770,30717.5,29451.5,28714.5,24209.5,27123,32107,24730.5,28418.75
E05010236,Walton-le-Dale West,3,26177.67,25533,23196.333333333332,24906,19502.666666666668,23345,29568.333333333332,21199.333333333332,25383.83
E05010237,All Saints & Wayland,4,17169.5,22315.5,20743,14861.25,24384.75,29461.5,2097,12413.75,7255.38
E05010238,Ashill,2,13779,19348,15292.5,13784,16085.5,25901.5,427,22159,11293
E05010239,Bedingfeld,2,12604,19752.5,17541,10397.5,19206.5,24153,507,9373,4940
E05010240,Attleborough Burgh & Haverscroft,2,20798.5,19377.5,17938,12320,22270,26864.5,13838,25016,19427
E05010241,Attleborough Queens & Besthorpe,5,21659.2,20099.6,20646.6,14203.4,20763,23769.6,14256.2,27157,20706.6
E05010242,Dereham Neatherd,4,15912.25,15338.5,13060.75,14035.75,17011.25,14086,15905.5,20305.75,18105.62
E05010243,Dereham Toftwood,4,19310.25,17582.25,18711,13197.75,20200,22704,9282.25,29171.5,19226.88
E05010244,Dereham Withburga,2,11641.5,10209,8429,9290.5,15001,11402,16682,24565.5,20623.75
E05010245,Forest,2,14725.5,18285,17399.5,8637,17228.5,22744.5,3636,14172,8904
E05010246,Guiltcross,2,13646,22908.5,20819,16654,24189.5,26945,437,2590.5,1513.75
E05010247,Harling & Heathlands,2,19509.5,25801,26806,14593,26932,29551.5,1290,14014.5,7652.25
E05010248,Hermitage,1,12069,18469,18468,11069,23855,25211,168,5378,2773
E05010249,Launditch,1,11949,15723,16339,12911,22968,29685,474,4646,2560
E05010250,Lincoln,5,17707.2,22121.2,22610.8,17427.6,24661,27770,2021,9197.6,5609.3
E05010251,Mattishall,4,18928,23280.5,23617.75,17761.25,25577.75,29078.25,2734.5,7925,5329.75
E05010252,Nar Valley,1,11086,15601,12479,7397,16652,21617,1431,11793,6612
E05010253,Necton,1,16013,18331,17632,9435,19583,26065,1950,30193,16071.5
E05010254,Saham Toney,4,13883,19861.75,18858.75,10836.5,18156.75,25030.5,1355.5,16707.25,9031.38
E05010255,Shipdham-with-Scarning,2,23457,21551,22953,17995.5,26540.5,27061.5,9367,26443,17905
E05010256,Swaffham,6,12271.83,13050.166666666666,11913.5,4889.5,12986.833333333334,16277.333333333334,14536.166666666666,26078.333333333332,20307.25
E05010257,The Buckenhams & Banham,2,15743,23477,23639.5,17161,24918.5,27141.5,1260,2990,2125
E05010258,Thetford Boudica,3,18394.67,19503,20310,6833.666666666667,17967.666666666668,24869.666666666668,11647,28049,19848
E05010259,Thetford Burrell,4,7519.5,8094.25,7823.5,3158.25,10763.75,8212.5,12136.5,25363.25,18749.88
E05010260,Thetford Castle,3,21140,20868.666666666668,23332,8634.333333333334,21331.333333333332,18255.333333333332,22592.333333333332,25196,23894.17
E05010261,Thetford Priory,4,9779.5,10344.25,11560.25,3076.5,12466.75,7335.75,19546.5,23621.5,21584
E05010262,Upper Wensum,3,12568.67,17521.666666666668,15541,8990.333333333334,20011.666666666668,24151,1719.6666666666667,7390.333333333333,4555
E05010263,Watton,5,15064,17252.6,17471.2,6614.2,17690.4,21754.2,4722.2,25497.4,15109.8
E05010276,Backwell,3,29570.33,28581.666666666668,27007.333333333332,28403.666666666668,30308.666666666668,28627,21432.666666666668,19595.666666666668,20514.17
E05010277,Banwell & Winscombe,5,21556.8,20677,19248.8,19535.8,23366.2,26364,8883,21756,15319.5
E05010278,Blagdon & Churchill,3,24554,24979,26001.333333333332,24652.333333333332,28614,29925.666666666668,7101.666666666667,13778.666666666666,10440.17
E05010279,Clevedon East,2,20881,20428.5,18765.5,17526,20874,17773,24978.5,14408.5,19693.5
E05010280,Clevedon South,3,22394.33,19153.333333333332,19033.333333333332,15715.333333333334,20106,26174,23790,22936.666666666668,23363.33
E05010281,Clevedon Walton,3,30878,31106.333333333332,29428.333333333332,30072.333333333332,30303.666666666668,30712.333333333332,22995,18794.666666666668,20894.83
E05010282,Clevedon West,3,23531,23566,19692.666666666668,22811.666666666668,22110.666666666668,22212.666666666668,26995.666666666668,11260.333333333334,19128
E05010283,Clevedon Yeo,3,27847.33,24974,25902.666666666668,18943.666666666668,26882,27825,19571.666666666668,30959.666666666668,25265.67
E05010284,Congresbury & Puxton,2,21418.5,18620,17058.5,18678,23494.5,21081,14701.5,23194,18947.75
E05010285,Gordano Valley,3,28691.67,30809,30024.666666666668,28116.333333333332,31438,28872.666666666668,11089.666666666666,17286.666666666668,14188.17
E05010286,Hutton & Locking,5,21637.4,21535.4,19164,16500,24458.2,24533.2,7699.4,27312.2,17505.8
E05010287,Long Ashton,4,29745.25,28214.25,28799.5,30665.25,29383.25,25615.5,17242.75,20482.75,18862.75
E05010288,Nailsea Golden Valley,4,32796.25,31153.75,29780.75,31303.5,28906,30262,29033,33002.25,31017.62
E05010289,Nailsea West End,3,24503.67,20696,19801.333333333332,21034.333333333332,23678,27604.666666666668,19521.333333333332,28730.666666666668,24126
E05010290,Nailsea Yeo,2,26065,23140.5,22964,18302.5,24558.5,27244,26335,27454,26894.5
E05010291,Nailsea Youngwood,2,29878,25583,23512.5,21399,28881,29823.5,30147,30063.5,30105.25
E05010292,Pill,3,20846.33,22028,22108.666666666668,21062,24139.333333333332,16418,15199.666666666666,14652.666666666666,14926.17
E05010293,Portishead East,5,28496.6,23216.8,26182.2,26733,25084.2,23691.6,22334.2,32405,27369.6
E05010294,Portishead North,3,29779,28167.666666666668,28082.666666666668,29091.333333333332,27846,19674.666666666668,23911.666666666668,24907.666666666668,24409.67
E05010295,Portishead South,2,29595.5,26438.5,24883.5,25758.5,26756,26593.5,22291.5,28028.5,25160
E05010296,Portishead West,6,27975.17,26872.833333333332,26159,26613.666666666668,28045.166666666668,26732.333333333332,12949.833333333334,30972,21960.92
E05010297,Weston-super-Mare South,7,2718.57,2956.1428571428573,2201.5714285714284,2358.5714285714284,4475.142857142857,2851.4285714285716,11708.57142857143,24359.285714285714,18033.93
E05010298,Weston-super-Mare Central,6,4372.67,8292.833333333334,3382.8333333333335,7044,3134.6666666666665,3635.8333333333335,22469,3447,12958
E05010299,Weston-super-Mare Hillside,6,12751.33,15957.666666666666,11516.666666666666,13201.833333333334,12716.166666666666,9630.666666666666,19421,6350.833333333333,12885.92
E05010300,Weston-super-Mare Kewstoke,4,21454.25,22923.5,18915,17808.75,21279,20496.25,14958.25,23939,19448.62
E05010301,Weston-super-Mare Mid Worle,3,17482.67,16814.333333333332,13830.666666666666,9884.333333333334,18277.666666666668,19737,19623,26036.333333333332,22829.67
E05010302,Weston-super-Mare Milton,6,16895.33,16657.166666666668,13765.833333333334,13299.666666666666,15061.333333333334,14615.833333333334,26712.833333333332,17462.333333333332,22087.58
E05010303,Weston-super-Mare North Worle,6,24052.5,22372.666666666668,22676.166666666668,17678.166666666668,22350.666666666668,20324.5,17879.166666666668,32719.833333333332,25299.5
E05010304,Weston-super-Mare South Worle,6,17490.5,16523,15301,11215.166666666666,16383.5,15614.5,21851.166666666668,24993.5,23422.33
E05010305,Weston-super-Mare Uphill,4,22195,22775.25,18999.75,22555.75,20666.75,21725.5,16013.75,16179,16096.38
E05010306,Weston-super-Mare Winterstoke,6,18811.33,14513.833333333334,18175.5,12318.333333333334,19521,15216.166666666666,19824,30456.833333333332,25140.42
E05010307,Wick St Lawrence & St Georges,4,21987,19773.75,22245.5,17229.5,24030.5,20830.75,12450,23314.25,17882.12
E05010308,Winford,3,25251.67,28013.333333333332,27538,22488,30768,24640.333333333332,9597.333333333334,9856,9726.67
E05010309,Wrington,2,24330.5,27763,27753.5,24580,30650,24166.5,6034.5,13309,9671.75
E05010310,Yatton,6,24725.33,23075.666666666668,22735.166666666668,20326.166666666668,25469.5,24569.333333333332,16881,20907.833333333332,18894.42
E05010311,Acomb,5,24231.8,21219.8,23580.2,18498.8,19456.6,21427.2,30455.6,25260,27857.8
E05010312,Bishopthorpe,3,28987.33,30179.333333333332,28398,29374.333333333332,26098.666666666668,32396,11898.666666666666,21783,16840.83
E05010313,Clifton,6,15108,16557.5,17240.166666666668,13408.5,13828,11944.5,31158,12352.333333333334,21755.17
E05010314,Copmanthorpe,3,31406.33,31266,31839.666666666668,31573.333333333332,30025.333333333332,31680,10362.666666666666,27310.333333333332,18836.5
E05010315,Dringhouses & Woodthorpe,7,27104.43,25791.714285714286,25848.285714285714,22727.85714285714,22310.714285714286,24101.85714285714,26886.285714285714,25932.571428571428,26409.43
E05010316,Fishergate,5,26442.2,28432.4,30054.8,26553.4,19858,23370.8,22999.4,11311.6,17155.5
E05010317,Fulford & Heslington,2,24658,20059,22034.5,27656.5,21956,19721.5,21133,20899,21016
E05010318,Guildhall,8,19302.5,23175.75,23634.625,21008.25,12281.25,13531.25,24900.75,8970.375,16935.56
E05010319,Haxby & Wigginton,8,30446,28886.875,27533.25,28207.375,23734.5,29559.25,23363.5,30547.625,26955.56
E05010320,Heworth,8,19558.75,18862.875,20333.875,15980.25,15111.875,15389.5,26787.25,21476.25,24131.75
E05010321,Heworth Without,3,32382.33,30856,32100,30855.666666666668,27098,32758.666666666668,21794.666666666668,26962.333333333332,24378.5
E05010322,Holgate,8,22740.75,21901.75,22800,20376.5,17783.75,21129.625,31477.875,11562.75,21520.31
E05010323,Hull Road,6,22495.5,22385.5,25829.166666666668,16830.333333333332,19418.333333333332,22024.333333333332,16082.166666666666,22400.666666666668,19241.42
E05010324,Huntington & New Earswick,8,24409,22211,21027.875,18751,18731.25,23478,29494.625,27754.625,28624.62
E05010325,Micklegate,8,21980.5,24136.125,23561.25,26235.5,18111.125,16724.625,31626.875,5826.5,18726.69
E05010326,Osbaldwick & Derwent,4,29763,28275.5,28237.5,28154.5,27646.25,29950.25,13338.75,27973.5,20656.12
E05010327,Rawcliffe & Clifton Without,7,30910.71,27755.14285714286,28902.571428571428,25746.571428571428,24391.85714285714,27144,30558.285714285714,29413.285714285714,29985.79
E05010328,Rural West York,5,28826.2,28217.6,29352,28988.2,26806.4,29035.2,10967,25384,18175.5
E05010329,Strensall,5,28228.8,28092.6,27987.4,26050.4,25496.6,30348.8,9675.2,28027.4,18851.3
E05010330,Westfield,9,11273.67,11433.111111111111,11204.222222222223,6944,9429.444444444445,7239.888888888889,25665.444444444445,25727.666666666668,25696.56
E05010331,Wheldrake,3,28286,30482,31505.666666666668,31904,28623.666666666668,32836,5269,18490,11879.5
E05010365,Bocking Blackwater,6,23909.17,22843.666666666668,24324.166666666668,16939.666666666668,21943.666666666668,19674.5,16510.833333333332,23484.5,19997.67
E05010366,Bocking North,3,13142,14170.333333333334,12967.666666666666,8966.333333333334,14932.333333333334,12495.333333333334,6201.333333333333,27585.333333333332,16893.33
E05010367,Bocking South,3,11253.67,10760,10121.333333333334,6211.333333333333,11609,10499,17892.666666666668,26338.666666666668,22115.67
E05010368,Braintree Central & Beckers Green,6,11219.17,11218.166666666666,11353,8452.333333333334,12630.5,7713.833333333333,14691.333333333334,20238.833333333332,17465.08
E05010369,Braintree South,4,16433.75,16275.5,15347.75,9242.25,17162,13661.25,13568.25,29332.75,21450.5
E05010370,Braintree West,3,28741,25839.666666666668,27320,17829.333333333332,26352.666666666668,26292.333333333332,26366.666666666668,26639.333333333332,26503
E05010371,Bumpstead,2,22862.5,25660.5,25660,24026.5,27943,28320,3797,10755,7276
E05010372,Coggeshall,3,19651.33,20462,19249,15174.333333333334,21614.333333333332,24257.666666666668,8651,15890,12270.5
E05010374,Great Notley & Black Notley,5,27065.6,24831.8,26820,20537.2,26792.6,23771.8,12930,29636.2,21283.1
E05010378,Hedingham,3,19152.67,18001.333333333332,20203.666666666668,12963.666666666666,24411.666666666668,22556.333333333332,8723,18967,13845
E05010379,Kelvedon & Feering,3,23274,20393.666666666668,22888.333333333332,21223,24183.333333333332,23763.333333333332,10757.333333333334,23722.333333333332,17239.83
E05010380,Rayne,1,25075,24890,26355,15234,29756,23658,9202,22733,15967.5
E05010382,Stour Valley North,2,14974.5,24213,19430,19720,28008,25574,1009,2266,1637.5
E05010383,Stour Valley South,2,19274,26818.5,26877.5,22843,29897.5,29370,2364,2652.5,2508.25
E05010384,The Colnes,3,20547.33,19803,21150,16910,21384.666666666668,23316.666666666668,10482,16598,13540
E05010385,Three Fields,4,17583.25,23244.5,22295.25,19577.25,26837.5,23859.25,3100.75,4541.5,3821.12
E05010388,Witham South,4,22200.75,18085.25,20422.25,16909.25,20262.75,17817,22214,27815.25,25014.62
E05010389,Witham West,5,14152.2,15326.6,13457.4,8806,14689.2,12893.4,13756.4,23202.2,18479.3
E05010390,Yeldham,1,15498,17165,18405,11040,27705,23605,3485,7583,5534
E05010392,Beltinge,4,22059.5,21122.25,16862.75,18926,19488,23055,16722.25,26116,21419.12
E05010393,Blean Forest,4,28136.75,28946,28580,26662.75,28055.25,29270.75,7982,23296,15639
E05010395,Chestfield,4,27355,27448,23111,23045.75,25095.25,26583.75,12059.5,30998.25,21528.88
E05010396,Gorrell,8,18880.62,17170,16803,20554.875,21204,11765.875,19722.125,18944.625,19333.38
E05010397,Greenhill,2,10146.5,10437,7488.5,7201.5,13020.5,11325.5,10509.5,27862,19185.75
E05010398,Herne & Broomfield,5,20588.2,18863,18013,19799.4,19677.6,23334.6,8345,28749.8,18547.4
E05010399,Heron,9,12243,13021,9748.555555555555,11272.666666666666,12840.777777777777,8868,21759.777777777777,12805.444444444445,17282.61
E05010402,Northgate,4,4246.75,5717.75,5906,3955,5045,1943.5,7829.25,22389.75,15109.5
E05010404,Seasalter,5,21148.6,21733.2,17968,17612,21254.2,17186.6,11995.2,28262,20128.6
E05010405,St Stephen's,5,12784.6,12463.4,14283.6,11186.4,16554.8,6516.2,7917.4,26738,17327.7
E05010407,Swalecliffe,2,18846.5,20807.5,16210.5,16767.5,16051,17445.5,11717.5,30140.5,20929
E05010408,Tankerton,2,31016.5,30846.5,27960,29022,27640.5,23848.5,20562.5,25954,23258.25
E05010409,West Bay,2,11366.5,12418,7590,8701,12972,16001.5,10367.5,24393,17380.25
E05010410,Westgate,7,16574.86,19189.571428571428,20795.285714285714,17715.14285714286,19207.85714285714,5415.857142857143,16259.714285714286,16026.142857142857,16142.93
E05010411,Wincheap,6,16777.33,15213.833333333334,16863,17496.666666666668,17639.666666666668,12331.833333333334,13987,20504.5,17245.75
E05010412,Bank Top & Lascelles,5,4058.8,6364,4649,3818.8,2095.8,3996.4,29200.2,9235.8,19218
E05010413,Brinkburn & Faverdale,4,22260.5,19373.25,20580.25,22684,15099.5,17908,25511.25,27620.5,26565.88
E05010414,Cockerton,4,7674.75,7755.5,6152.5,8452.25,4588.5,8742.5,22712,24454,23583
E05010415,College,3,27540.67,29062.666666666668,25649.333333333332,32831.666666666664,17064.333333333332,20536.666666666668,31455.666666666668,14016.666666666666,22736.17
E05010416,Eastbourne,3,10087,10219.333333333334,9968.333333333334,5875.333333333333,8247.333333333334,10347.666666666666,23912.333333333332,21229.333333333332,22570.83
E05010417,Harrowgate Hill,5,21393.6,20924.6,20755.8,19132.2,15069,17809,28902.8,18046.4,23474.6
E05010418,Haughton & Springfield,4,10256.75,10312.75,7899.75,8166,5660.25,10502.5,29392.75,26123.25,27758
E05010419,Heighington & Coniscliffe,2,23548,26578,21683,29123,22082.5,27016,5063,18567,11815
E05010420,Hummersknott,2,32193.5,31580,31106.5,32398,21539.5,29605.5,24665,28095,26380
E05010421,Hurworth,2,22816,24670,21827.5,22968,18569,20715,9538,23251,16394.5
E05010422,Mowden,2,32767,32269.5,30237,32440.5,24168,31187.5,29577.5,26151.5,27864.5
E05010423,North Road,4,8127.25,8618.75,7022.5,9328.5,5461,6862.75,29724.5,9922.75,19823.62
E05010424,Northgate,2,2293.5,4166.5,3460,4095.5,3000.5,1216.5,30179,270.5,15224.75
E05010425,Park East,4,3867.5,5223.75,3367,6066.5,3118.25,3191.5,26246.25,13904.75,20075.5
E05010426,Park West,3,22415.67,24731.333333333332,21537,29667,16953,13683.333333333334,31016.333333333332,11979.666666666666,21498
E05010427,Pierremont,5,10396,13322,11296,15598.4,7336.8,9843.6,31502.4,1927,16714.7
E05010428,Red Hall & Lingfield,3,10856.67,9663,11167.666666666666,7744,5676.333333333333,14366.333333333334,25977.333333333332,23057,24517.17
E05010429,Sadberge & Middleton St George,4,18249,23492.25,18064.25,23297,14489.25,20504.75,4454.75,22113.25,13284
E05010430,Stephenson,2,6875.5,7083,7059,4941.5,4782,3992.5,29663.5,19843.5,24753.5
E05010431,Whinfield,3,17543.67,18321.333333333332,15458.666666666666,14405.333333333334,10999.666666666666,16812,22416.333333333332,21003.333333333332,21709.83
E05010458,Abbey,11,8110.36,7694.272727272727,11113,7349.636363636364,11765.272727272728,6605.545454545455,6628.454545454545,14074.181818181818,10351.32
E05010459,Aylestone,7,11031.43,13816.142857142857,13590.42857142857,11335.857142857143,11656.714285714286,6889,8658.857142857143,9381.57142857143,9020.21
E05010460,Beaumont Leys,11,8933.18,9470.181818181818,9237.454545454546,9023.727272727272,9121.09090909091,8505.727272727272,6557.090909090909,23440.727272727272,14998.91
E05010461,Belgrave,11,6785.36,7232.090909090909,14141.727272727272,2708.2727272727275,17276.636363636364,16296.545454545454,3159.818181818182,4994.363636363636,4077.09
E05010462,Braunstone Park & Rowley Fields,12,5008.42,6299.166666666667,6845.5,5039.916666666667,6765.833333333333,3002.6666666666665,8605.166666666666,14693.75,11649.46
E05010463,Castle,12,10903.5,19187.583333333332,21423.916666666668,18558.416666666668,11223.916666666666,8246.666666666666,2625.1666666666665,4460.333333333333,3542.75
E05010464,Evington,10,11765.2,10258.7,13028.8,10479,14877.2,12897.5,5922.6,17854,11888.3
E05010465,Eyres Monsell,7,2993.43,3613.8571428571427,3447.1428571428573,2491.1428571428573,3802.5714285714284,2611.8571428571427,6625.142857142857,21079.14285714286,13852.14
E05010466,Fosse,8,6329.5,7739.375,10453.875,6481.75,9782,3481.125,10071.375,4245.125,7158.25
E05010467,Humberstone & Hamilton,10,12524.8,10037.9,13387.2,12262.5,15354.4,10965.7,7758.6,25003,16380.8
E05010468,Knighton,11,20462.09,23540.909090909092,22623.81818181818,25010.545454545456,20493.090909090908,16296.09090909091,6485.727272727273,12164.727272727272,9325.23
E05010469,North Evington,10,5558.1,5016.2,13931.2,1992.5,17830.8,17590.5,2999.5,4162.5,3581
E05010470,Rushey Mead,11,10980.36,11128.363636363636,14213,6222.272727272727,18327.545454545456,14375.818181818182,7400.909090909091,10939.90909090909,9170.41
E05010471,Saffron,6,3415.33,5680.666666666667,8303.333333333334,3772,2801.3333333333335,4146.333333333333,5104.5,13435,9269.75
E05010472,Spinney Hills,7,7636.29,5461.571428571428,13730.714285714286,4731.285714285715,18389.714285714286,20411.714285714286,5164.142857142857,4673.142857142857,4918.64
E05010473,Stoneygate,12,7876.25,6742.916666666667,12220.5,9287.083333333334,14936,12342,4390.166666666667,5200.25,4795.21
E05010474,Thurncourt,7,8769,9075.857142857143,10079.285714285714,7975.428571428572,10585.57142857143,9416.285714285714,4134.142857142857,18460.571428571428,11297.36
E05010475,Troon,8,10623.88,9316.5,11776,8846.375,14597.875,14237.875,5797.125,17551.625,11674.38
E05010476,Westcotes,9,8804,13569.777777777777,18200.444444444445,9163.111111111111,13843.777777777777,2885.8888888888887,6826,3017.4444444444443,4921.72
E05010477,Western,12,8786.58,8967.583333333334,9512,9463.166666666666,8739.833333333334,7490.666666666667,10161.833333333334,18236.666666666668,14199.25
E05010478,Wycliffe,8,3685.75,3193.375,8807.125,2320.125,12539.125,16508.875,3149.875,4325.875,3737.88
E05010479,Barlaston,2,17278,17989,15180.5,17784,14092,19640,9048,19000,14024
E05010480,Baswich,5,31819.8,30599.4,29358.4,30415.6,26257.6,31933,22370.6,27740,25055.3
E05010481,Common,2,9316.5,10187.5,8236,10568,5094,9456.5,31718.5,11819,21768.75
E05010482,Coton,5,18845,16921,16854.6,15336,12501,18720,27503.4,23495.2,25499.3
E05010483,Doxey & Castletown,2,11960.5,10016,10428,7728.5,10892.5,15574.5,16146.5,29515.5,22831
E05010484,Eccleshall,4,20718.5,27738.25,26220.5,22092.5,25200.75,27877.25,5083.5,9600.25,7341.88
E05010485,Forebridge,3,10278,11303.333333333334,7289,15389,9177.333333333334,9088.666666666666,31907,9350,20628.5
E05010486,Fulford,4,22889.5,24392.25,21494.25,22590.5,20748.75,21389.75,10957,22598.25,16777.62
E05010487,Gnosall & Woodseaves,4,23829.25,26202.25,25363,23581,25709.75,28342.5,7761.5,17196,12478.75
E05010488,Haywood & Hixon,4,26343.25,25801.5,24519.5,26160.75,23660.5,28874.25,10302.5,23540.5,16921.5
E05010489,Highfields & Western Downs,5,13817.6,12278.8,10596.2,12488,13143.4,13910,23671,26772,25221.5
E05010490,Holmcroft,5,21856,20059,18296.6,17074.8,15739.8,24408.4,25648.4,24556.8,25102.6
E05010491,Littleworth,3,25623,24499.333333333332,21897.666666666668,21523.333333333332,19093.333333333332,26942.333333333332,28118,21116.666666666668,24617.33
E05010492,Manor,5,16314.6,16010.4,13815.6,15360.6,13805,15632,23665.4,19134.2,21399.8
E05010493,Milford,1,32325,32164,32308,31748,32109,31121,12309,28390,20349.5
E05010494,Milwich,4,24534.5,27651.5,28594,27249.5,26075.25,30934.25,6361.75,14001.75,10181.75
E05010495,Penkside,2,12423,9632.5,9194,10491,11135,15010,21233.5,28571,24902.25
E05010496,Rowley,1,26290,18163,22519,29232,20996,18234,30042,29397,29719.5
E05010497,St Michael's & Stonefield,6,23670.33,22354.5,21015.833333333332,21848.666666666668,20676.166666666668,22726,22076.333333333332,24768.833333333332,23422.58
E05010498,Seighford & Church Eaton,3,25130,27332,27727.666666666668,27012,24786,31307.333333333332,5151.666666666667,15353.333333333334,10252.5
E05010499,Swynnerton & Oulton,4,25822,28149,27527.25,26990,25680.75,26299.75,7506.25,16118.75,11812.5
E05010500,Walton,4,23468,20380.25,18521,21766.75,18678.5,24009,24523.25,26876,25699.62
E05010501,Weeping Cross & Wildwood,3,31543.67,30584,29504,27656.666666666668,26714.333333333332,30911.333333333332,20392.666666666668,28030.333333333332,24211.5
E05010502,Aggborough & Spennells,9,18119.22,17307,15822.555555555555,16213.444444444445,15845,17147.666666666668,22932.11111111111,20261,21596.56
E05010503,Areley Kings & Riverside,5,14627.6,16427.8,14068.8,8104.2,14985.2,16811,10855.8,23653.8,17254.8
E05010504,Bewdley & Rock,6,16010.5,22393.166666666668,20676.666666666668,17057.833333333332,20886.666666666668,22123.5,5303,7068.833333333333,6185.92
E05010505,Blakebrook & Habberley South,5,17242.2,17341,15269.4,14800.8,15969,13917.8,29897.2,10767.8,20332.5
E05010506,Broadwaters,5,12805.2,12073.8,11930.6,9258.6,12910.6,12809.8,26379.2,16086,21232.6
E05010507,Foley Park & Hoobrook,7,12442.43,11827.57142857143,11012.285714285714,7711.857142857143,11646.857142857143,14912.42857142857,22480.571428571428,22627.571428571428,22554.07
E05010508,Franche & Habberley North,7,18999.86,18751.428571428572,16231.142857142857,12074,16469.285714285714,20740.571428571428,21940.285714285714,21564.85714285714,21752.57
E05010509,Lickhill,2,21917,21309,21334.5,16730.5,19053,28132.5,8621.5,27364,17992.75
E05010510,Mitton,6,16826.83,16774.5,15688.333333333334,10913.833333333334,15742.166666666666,18059.166666666668,18312.166666666668,17871.666666666668,18091.92
E05010511,Offmore & Comberton,6,17164.67,16388,15384.5,14390.5,13293,17811.166666666668,26783.166666666668,17704.833333333332,22244
E05010512,Wribbenhall & Arley,3,18275.67,21288.333333333332,18317.666666666668,16024.666666666666,18231.333333333332,18605.333333333332,9786.333333333334,11637.333333333334,10711.83
E05010513,Wyre Forest Rural,6,18178.17,20115,19378.5,19420.166666666668,22606.5,24102.833333333332,5780.666666666667,12912.833333333334,9346.75
E05010514,Attenborough & Chilwell East,5,29093.4,27036.2,25879.8,29976.8,24171.4,26540.8,32415.2,14435.4,23425.3
E05010516,Beeston Central,4,16477.25,15596.25,18679,16774.5,10308.5,16928.25,32758.5,7344,20051.25
E05010517,Beeston North,4,18986.75,16098.5,15775,20038.5,16373,16859.5,31864,16822.5,24343.25
E05010518,Beeston Rylands,3,24731.33,21218.333333333332,21447.666666666668,21619.666666666668,21575.666666666668,24567,31913,15778,23845.5
E05010519,Beeston West,3,27542,27260.666666666668,27098.333333333332,31046,24392.666666666668,20412.333333333332,33529,8712.666666666666,21120.83
E05010521,Brinsley,2,19449.5,21169,14563.5,14418.5,16252,21565.5,15779,23530.5,19654.75
E05010522,Chilwell West,5,19806.4,18144.6,15372.6,19074.2,15748,19566,30356,23439.6,26897.8
E05010523,Eastwood Hall,1,22861,22812,17079,18231,16330,25014,27444,19500,23472
E05010524,Eastwood Hilltop,4,13321.75,14065.75,10598.75,8852.25,10388.25,16900.75,32018.25,14567.5,23292.88
E05010525,Eastwood St Mary's,3,7405,7753,5066,6872,7284.333333333333,7205,31576,13180.666666666666,22378.33
E05010531,Stapleford South West,4,15355.5,14515,13351.25,13338.25,14492,15394,32992.75,9178,21085.38
E05010532,Toton & Chilwell Meadows,5,31952,30547.4,29703.6,30002.6,27100.6,28893.2,32022.6,23077.2,27549.9
E05010533,Watnall & Nuthall West,3,23318.33,21529.666666666668,17954.333333333332,21135.333333333332,19072.333333333332,25342.666666666668,29353,20352,24852.5
E05010550,Bere Ferrers,2,13922.5,17131.5,14265,11868.5,18741.5,26670.5,2158,15367.5,8762.75
E05010551,Bridestowe,1,12854,22799,25818,21976,25461,28874,111,482,296.5
E05010552,Buckland Monachorum,2,21651,24746.5,23016.5,28596.5,22174,32476.5,3329.5,10841,7085.25
E05010553,Burrator,3,18904,24402.666666666668,20815,20224.333333333332,22527.333333333332,29723,3867,10185.666666666666,7026.33
E05010554,Chagford,1,18460,18963,22370,25318,23749,32050,5638,2856,4247
E05010555,Dartmoor,1,12945,21286,21562,11817,14220,19728,2719,2038,2378.5
E05010556,Drewsteignton,1,12050,21860,20834,19812,22781,27807,79,1005,542
E05010557,Exbourne,2,14039,20937.5,21859,14123,22418,32100.5,1383.5,6041.5,3712.5
E05010558,Hatherleigh,2,9539,16532.5,18857.5,10284,16162,28893,361,1643.5,1002.25
E05010559,Mary Tavy,1,15896,27159,27269,25074,28232,31788,1047,350,698.5
E05010560,Milton Ford,2,11844,20977.5,21408.5,18734.5,23626,29906,481.5,321,401.25
E05010561,Okehampton North,3,16137.67,13141,14050.666666666666,10986,14141,22565,17165,26246,21705.5
E05010562,Okehampton South,2,13841.5,15984.5,13198.5,10973.5,14128,19181,18807,5826,12316.5
E05010563,South Tawton,1,12872,22490,24280,18341,24467,31348,593,311,452
E05010564,Tamarside,1,13027,20172,20648,14039,23038,32480,2035,585,1310
E05010565,Tavistock North,2,21941,20525,18325.5,19546,20924.5,23739.5,21399,19018,20208.5
E05010566,Tavistock South East,3,22204,22979,17218.666666666668,16970.666666666668,19389.666666666668,29400.333333333332,18252.666666666668,27032.666666666668,22642.67
E05010567,Tavistock South West,2,17366,14435.5,13466.5,12572.5,15798,23900,17433.5,27114.5,22274
E05010604,Awsworth Road,5,6576.6,8096.2,5733.8,5161.2,6698.2,4972,28651.2,12175.4,20413.3
E05010605,Breaston,3,26954.33,26697.333333333332,24141,25157,20832,24607.333333333332,24143,19043.666666666668,21593.33
E05010606,Cotmanhay,3,3756.67,4822.333333333333,3823,1593.3333333333333,3615.6666666666665,3916.3333333333335,20615.666666666668,21111.333333333332,20863.5
E05010607,Derby Road East,4,12719.5,13141,12702.75,12116.25,10353,14988.5,33014.5,5527,19270.75
E05010608,Derby Road West,5,22594.6,23033.6,20403.4,20699.8,17543,21751.4,31786.2,14913.8,23350
E05010609,Draycott & Risley,3,18027.33,21597,19151.666666666668,16989,14942,18771.666666666668,12682.333333333334,9302.333333333334,10992.33
E05010610,Hallam Fields,3,17346.33,15764,14719.333333333334,13021,15984.333333333334,17817.666666666668,29040.666666666668,15358.666666666666,22199.67
E05010611,Kirk Hallam & Stanton-by-Dale,4,9508.5,10221.25,7859.25,4869.5,6253,12019,23853.25,28305.5,26079.38
E05010612,Larklands,5,9813.8,10687.6,8723.6,7832,9230.8,8694.2,30506.2,8443.4,19474.8
E05010613,Little Eaton & Stanley,2,26159,28110.5,24429.5,29420,26028.5,25854,9769.5,13228.5,11499
E05010614,Little Hallam,3,16997.33,20654,16191.333333333334,15936.666666666666,11316.666666666666,11799,31824.333333333332,8578,20201.17
E05010615,Long Eaton Central,5,14920.6,16023.2,13440.8,10881.2,11422.2,15927.4,32231.2,10757.2,21494.2
E05010616,Nottingham Road,2,22773.5,22620,19083.5,18867,17588,26904,32882.5,11385,22133.75
E05010617,Ockbrook & Borrowash,5,23472,22072,20928,22740.6,17419.8,24996.2,23209.2,21564.8,22387
E05010618,Sandiacre,5,17448.6,17286.2,15918.4,14669.2,12452.4,16969.8,27744.8,14162.8,20953.8
E05010619,Sawley,4,16806.25,17539.75,14663.25,13942.5,14117.5,16045.5,29405,13230.25,21317.62
E05010620,Shipley View,3,30010.67,28910.666666666668,27157.333333333332,22307.666666666668,20990,31075.666666666668,24447,31170.333333333332,27808.67
E05010621,West Hallam & Dale Abbey,4,24417,25922.5,23644,22361.75,20963.25,28012.5,8711,21345.25,15028.12
E05010622,Wilsthorpe,5,24229.2,23575.6,21990.6,18938.6,17409.4,24210,31826.2,19629.8,25728
E05010623,Barms,1,5943,13173,5760,11443,4001,1900,16344,2682,9513
E05010624,Blackbrook,3,23134.67,25483,25105,24619.666666666668,21621,24845,9000.333333333334,9973,9486.67
E05010625,Burbage,1,25629,29857,26122,27454,26382,24174,5918,14056,9987
E05010626,Buxton Central,3,11651,14769.333333333334,12406.333333333334,21482.666666666668,9475.666666666666,8287.666666666666,23768.333333333332,1954,12861.17
E05010627,Chapel East,1,16850,17804,16083,20288,15592,24481,9597,7004,8300.5
E05010628,Chapel West,3,23607.67,24611.666666666668,20501.333333333332,18977,19757.333333333332,22924.666666666668,14685.333333333334,22804,18744.67
E05010629,Corbar,2,19042,20700,15802,25228,11250.5,16451,19158,16394,17776
E05010630,Cote Heath,3,15057.67,15706.666666666666,15744,13814,10689.333333333334,17413.666666666668,8992.333333333334,23499.666666666668,16246
E05010631,Dinting,1,32420,30850,29402,29867,31252,24161,29170,25698,27434
E05010632,Gamesley,2,1233.5,1238,1250.5,919,1037.5,6440,8027.5,32982,20504.75
E05010633,Hadfield North,1,9138,9461,8644,7159,6560,9658,19078,15282,17180
E05010634,Hadfield South,3,21415.33,21553.333333333332,19881.666666666668,16875,15895,21814.666666666668,20383.666666666668,18730.333333333332,19557
E05010635,Hayfield,1,23221,22897,23495,28116,26039,21378,8418,10578,9498
E05010636,Hope Valley,3,21111.33,28894,26525.666666666668,23878.666666666668,22446.333333333332,21074.666666666668,7281.333333333333,5334.666666666667,6308
E05010637,Howard Town,3,14316,16285,13791,16305.333333333334,11792.333333333334,14999,26684,4415.333333333333,15549.67
E05010638,Limestone Peak,2,13474.5,18879,16931,10562.5,13812.5,25426,2603,8917.5,5760.25
E05010639,New Mills East,3,10382.33,12385,9868,9622.333333333334,7429.666666666667,17034.666666666668,12953.333333333334,11178,12065.67
E05010640,New Mills West,3,24128.33,27726.333333333332,25933.333333333332,28264,22205.666666666668,23114.666666666668,18637.666666666668,4246.666666666667,11442.17
E05010641,Old Glossop,3,25752.33,24685.666666666668,23953.666666666668,25999.666666666668,21166.666666666668,24992,14483.666666666666,27947.666666666668,21215.67
E05010642,Padfield,2,18913.5,19812,18394.5,17032,16782.5,16028.5,20235.5,12381.5,16308.5
E05010643,St John's,1,20577,28070,23344,28327,24117,13839,5807,4932,5369.5
E05010644,Sett,1,22779,29755,28718,29448,22180,27268,8184,2463,5323.5
E05010645,Simmondley,3,29218,29577.666666666668,27666.333333333332,28395.666666666668,21859,28135,20520.333333333332,22102.666666666668,21311.5
E05010646,Stone Bench,3,9131.33,9355,9472.666666666666,9102,7331,11271,10143.666666666666,20422.666666666668,15283.17
E05010647,Temple,1,30962,30957,29118,31243,25786,21474,26706,18761,22733.5
E05010648,Tintwistle,1,15586,17088,14322,15096,14748,14146,11155,13079,12117
E05010649,Whaley Bridge,4,21798.5,23128.25,22740.75,26180.5,19653.25,25125.5,8683.75,10536.25,9610
E05010650,Whitfield,1,7588,7968,5648,8507,6756,7316,20911,12232,16571.5
E05010651,Alrewas & Fradley,4,26438.75,23666,24819,27646.25,24344.75,29939,9116.75,25716.75,17416.75
E05010652,Armitage with Handsacre,5,21306,21654,19976.8,19385.8,19723.2,26704.6,10015.4,20183,15099.2
E05010653,Boley Park,3,31281.67,30604.333333333332,28031.333333333332,30616.333333333332,25854.333333333332,32310.333333333332,29966.333333333332,27004.666666666668,28485.5
E05010654,Boney Hay & Central,4,19962.75,21106.75,15663.5,12841.75,15814.5,19973.75,22722,28058.5,25390.25
E05010655,Bourne Vale,1,20125,27164,30136,15568,28517,19248,2131,8003,5067
E05010656,Chadsmead,2,12851.5,9529,9145,11823,12442.5,12643,29506,26520.5,28013.25
E05010657,Chase Terrace,3,23925.67,21641,19423,16774,20573.666666666668,25054.333333333332,24414,24456.333333333332,24435.17
E05010658,Chasetown,3,15850,13553.333333333334,12423,11424,15650.666666666666,12398.666666666666,28148.333333333332,26895.666666666668,27522
E05010659,Colton & the Ridwares,1,23991,27190,27109,21276,24607,30338,4050,15314,9682
E05010660,Curborough,3,15528,13342.666666666666,11967,11931,12351.333333333334,16428,29505.666666666668,25671,27588.33
E05010661,Fazeley,3,14385.67,13549.666666666666,10634.666666666666,10030,13789.666666666666,21017.666666666668,16583.666666666668,23503,20043.33
E05010662,Hammerwich with Wall,2,28303,29058.5,25570,19981,26708,28408,17791.5,23831.5,20811.5
E05010663,Highfield,2,29249,29320.5,25260.5,27003.5,25158,29266,14189.5,28118,21153.75
E05010664,Leomansley,4,28160.25,23382,24256.25,29842.75,23925.5,24256.5,31056.5,23834,27445.25
E05010665,Little Aston & Stonnall,3,30627.67,30439.333333333332,30938.666666666668,26821.666666666668,31053.333333333332,30712.333333333332,14616.333333333334,25236,19926.17
E05010666,Longdon,1,24041,30876,28328,26004,29071,25400,3810,7494,5652
E05010667,Mease Valley,1,17936,23465,21739,26020,24666,31208,1024,6079,3551.5
E05010668,St John's,3,28240.67,22760,23434,28575.333333333332,27458.333333333332,26901,31785.666666666668,28232.333333333332,30009
E05010669,Shenstone,2,18354,25865,12350.5,21348,16571,25467.5,10791,15367.5,13079.25
E05010670,Stowe,3,18820.33,16306.666666666666,15091.666666666666,14809.333333333334,15116,17642,31806.333333333332,21119.666666666668,26463
E05010671,Summerfield & All Saints,5,18418.2,16176,14914.6,13780,15914.4,21370,24505.4,22894,23699.7
E05010672,Whittington & Streethay,4,26318.5,25719.5,26284,27412.75,24479.5,26440.5,10486.75,19271,14878.88
E05010673,Abbey Hill,2,8901,9230.5,6064.5,6485,6433.5,10749,22053,29578,25815.5
E05010674,Annesley & Kirkby Woodhouse,4,16572,18135.25,13206.25,11099,12418.75,20733,20453.25,20981,20717.12
E05010675,Ashfields,2,21019.5,19930,17826,16962.5,15965,18586.5,29613.5,29390,29501.75
E05010676,Carsic,4,2923.5,3922.25,2253.5,2481,1879.5,3546.5,30419.5,18946,24682.75
E05010677,Sutton Central & New Cross,3,3659.33,5334,3328.3333333333335,5126.333333333333,3295.3333333333335,3213,30707,5478.666666666667,18092.83
E05010678,Hucknall Central,5,13347,12935.2,11123.4,12025.8,12955.2,10445,28280,14698.8,21489.4
E05010679,Hucknall North,7,19713.29,18490.571428571428,17913,17710.428571428572,14198.42857142857,17562.14285714286,28955.428571428572,20994.714285714286,24975.07
E05010680,Hucknall South,5,12445.6,12222,10100.4,9783.2,8886.8,12715.8,25115.6,23400.6,24258.1
E05010681,Hucknall West,6,17829.17,18694.5,15156.5,12642.333333333334,11093.5,21251.666666666668,20424,26609.5,23516.75
E05010682,Huthwaite & Brierley,4,12789.5,13017,9849.25,9717.25,11744.75,15013,26302.25,14872.25,20587.25
E05010683,Jacksdale & Westwood,2,12187.5,12801.5,10702.5,8126,11118,19847,12443,16343,14393
E05010684,Kingsway,2,13061,15101,9566.5,11514.5,9355,13722.5,28857.5,15617.5,22237.5
E05010685,Kirkby Cross & Portland,2,16159.5,15965,13405.5,14215.5,11805,18550,26171.5,13654,19912.75
E05010686,Larwood,2,23140.5,23808,20674.5,17451,16876,19875,27666,26170.5,26918.25
E05010687,Leamington,3,5397.33,6193.666666666667,4589.333333333333,3841,4652.333333333333,5668.666666666667,30034.666666666668,17199.666666666668,23617.17
E05010688,Sutton St Mary's,2,12262,14296,9446,10042.5,6372.5,14791,32599,14882,23740.5
E05010689,Selston,4,14083,16028.5,13113.5,9810.75,11854,16170.25,11843.25,19691.5,15767.38
E05010690,Skegby,5,13669.6,13556.4,10646.4,10206.6,9922.2,15006.2,27224,19333,23278.5
E05010691,Stanton Hill & Teversal,2,10635,11727,7439,9902.5,12198,10582.5,20158,11417,15787.5
E05010692,Greenwood & Summit,5,4965.6,4533,4162.6,4344.2,4118.6,9247.4,24913.8,17445.6,21179.7
E05010693,Sutton Junction & Harlow Wood,2,22234,21136,17815,18630.5,15433.5,25041.5,24413.5,23955.5,24184.5
E05010694,The Dales,2,18316.5,19415.5,15313,13498.5,11018.5,17704.5,32407,17545,24976
E05010695,Underwood,2,20892.5,24268,20928,15874.5,18397,21380.5,11333,15643.5,13488.25
E05010696,Abbey,2,30190.5,28340.5,30872,29672,29899.5,19308,23322,18384,20853
E05010697,Blockley,1,21549,23833,25932,24737,32592,30776,2966,5928,4447
E05010698,Bourton Vale,1,19628,30500,32538,30696,33070,29617,1844,535,1189.5
E05010699,Bourton Village,3,23844.67,21812.666666666668,24520,20241.333333333332,23957.333333333332,22161.333333333332,11170.666666666666,23445.333333333332,17308
E05010700,Campden & Vale,4,23218.75,21560,21975.25,22523,29629.5,25497.75,7260.75,18950.75,13105.75
E05010702,Chesterton,2,23443,23092.5,23519.5,18448,21503.5,22756,22214.5,29749.5,25982
E05010705,Fairford North,2,25638,23476.5,26252,24870.5,30009,31176,6767.5,20484,13625.75
E05010706,Fosseridge,2,19230.5,27584,28981.5,27607,32156.5,28639.5,2079,1355,1717
E05010707,Four Acres,1,27589,21566,21990,19256,25719,31252,24373,33031,28702
E05010708,Grumbolds Ash with Avening,2,18646.5,28463.5,29323.5,26848,32788.5,28259,1743,1224,1483.5
E05010709,Kemble,1,21229,24031,27032,27086,31095,25353,3154,4839,3996.5
E05010710,"Lechlade, Kempsford & Fairford South",4,25350.75,25064.75,27660,25740.25,29713.5,26787.25,6179,21262,13720.5
E05010711,Moreton East,1,21393,16530,18346,17363,24963,20310,11210,33636,22423
E05010712,Moreton West,2,24835.5,23335,25310,15636,26138,19642.5,14272.5,27308,20790.25
E05010713,New Mills,1,23307,19226,19154,11819,26625,20099,28305,29630,28967.5
E05010714,Northleach,2,17700,25335.5,28085.5,27660.5,32291.5,23841,3571.5,868.5,2220
E05010715,St Michael's,2,22755.5,20890.5,20408.5,25885,23576.5,12169.5,32148.5,9548.5,20848.5
E05010717,Siddington & Cerney Rural,1,24432,25186,28188,26181,31840,24782,6105,8369,7237
E05010718,South Cerney Village,2,25367,26521,27739,21229,28221,25185,4365.5,27064.5,15715
E05010719,Stow,1,22927,21363,23194,15980,27540,22056,10657,18569,14613
E05010721,Tetbury East & Rural,1,31032,29518,25886,27702,32332,29302,15062,31975,23518.5
E05010722,Tetbury Town,2,27043.5,20238.5,25238,25572.5,30317,25942.5,12929.5,27898.5,20414
E05010723,Tetbury with Upton,2,19737.5,17997.5,19838.5,16520,23628.5,23025,10170,19638.5,14904.25
E05010724,The Ampneys & Hampton,2,19381.5,27312.5,28606.5,28609,32050,28566.5,2398,1501,1949.5
E05010725,The Beeches,2,24503.5,21033.5,21409.5,17538,24581,22247.5,26060,30664.5,28362.25
E05010726,The Rissingtons,2,23040,29219,30916.5,29086.5,30757,25990.5,1091.5,17499.5,9295.5
E05010727,Watermoor,3,17955.67,14690.333333333334,16208.333333333334,13261.666666666666,16423.333333333332,18379.666666666668,25862.666666666668,21255.666666666668,23559.17
E05010728,Adwick le Street & Carcroft,11,5857.09,7013.181818181818,5764.818181818182,3538.4545454545455,5056.363636363636,6515.181818181818,16566.363636363636,19098.272727272728,17832.32
E05010729,Armthorpe,10,14108.8,15112.9,12774.9,10605.5,9222.3,13959.2,17741.4,26962.4,22351.9
E05010730,Balby South,6,9298.83,9720.5,8075.833333333333,6589.833333333333,8079.166666666667,7816.333333333333,25229.166666666668,16809.833333333332,21019.5
E05010731,Bentley,12,8663.75,9324,8118.416666666667,8050.833333333333,7795.25,6215.75,24069.75,11443.75,17756.75
E05010732,Bessacarr,10,20027.3,18109.4,17776.4,18570.5,16976.9,14529.9,21033.1,26880.9,23957
E05010733,Conisbrough,10,7279.3,8562.7,6208.8,6424.5,6435.7,6090.5,18029.6,18759.4,18394.5
E05010734,Edenthorpe & Kirk Sandall,7,21399.29,21306.285714285714,18872.714285714286,20315.428571428572,16908.714285714286,17642.571428571428,16428.428571428572,26111,21269.71
E05010735,Edlington & Warmsworth,8,9885.62,11192.75,9446.25,8621.5,8694.75,6246.875,16666.5,17896.125,17281.31
E05010736,Finningley,11,23196.09,22943,22131.18181818182,22811.454545454544,19521.636363636364,20568.81818181818,10676.636363636364,29213.636363636364,19945.14
E05010737,Hatfield,11,13131.09,15148.90909090909,14178.272727272728,11761.181818181818,10806.545454545454,10261.272727272728,9592.454545454546,22966,16279.23
E05010738,Hexthorpe & Balby North,8,3013.25,4318.875,3584.75,2108,4530.5,1995.75,24430.625,6834.625,15632.62
E05010739,Mexborough,10,5387.2,6214.6,4416.1,5074.8,5700.1,5698.6,16422.7,13486.4,14954.55
E05010740,Norton & Askern,10,10627,14894,11532.5,9664.4,11954.3,9109.4,5359.5,18526.6,11943.05
E05010741,Roman Ridge,7,18800.43,18648.714285714286,16155.42857142857,16545.571428571428,13805,11731.57142857143,28760.14285714286,22350,25555.07
E05010742,Rossington & Bawtry,11,13662.55,14833.454545454546,12448,12652.636363636364,10430.181818181818,11426.09090909091,11774.545454545454,24173.81818181818,17974.18
E05010743,Sprotbrough,7,21354.86,23775,21215.428571428572,20644,19729.428571428572,16996.714285714286,11858,20456.285714285714,16157.14
E05010744,Stainforth & Barnby Dun,6,8375.83,9520.333333333334,8389.333333333334,7193.166666666667,8342.166666666666,9038.5,4336.833333333333,21352.833333333332,12844.83
E05010745,Thorne & Moorends,11,7184.91,9088.636363636364,7495.181818181818,5437.454545454545,7586.454545454545,8844.09090909091,4825,22480.545454545456,13652.77
E05010746,Tickhill & Wadsworth,8,21741.75,22456.375,20683.125,24680.75,16672.75,16706.625,14211.625,21454.125,17832.88
E05010747,Town,14,5941,7256.785714285715,7012.285714285715,5638.071428571428,8333.642857142857,3822.5714285714284,22107.714285714286,4380.785714285715,13244.25
E05010748,Wheatley Hills & Intake,11,9094.36,7758.454545454545,8239.272727272728,6940.909090909091,9204.272727272728,7247.909090909091,25228.909090909092,22806.727272727272,24017.82
E05010755,Blunsdon and Highworth,8,20881.38,21296.375,19848.5,16639.25,23814.125,24598.5,7473.5,22056.5,14765
E05010756,Haydon Wick,7,27758.71,26345.14285714286,24213,19522.14285714286,23440.14285714286,29017.14285714286,28453.714285714286,28222.85714285714,28338.29
E05010757,Penhill and Upper Stratton,9,11558.78,11046.222222222223,9850.555555555555,6780.333333333333,11717,12757.444444444445,18415.11111111111,23985.777777777777,21200.44
E05010758,Admirals and Cawston,6,24893,21045.666666666668,22558.666666666668,21926.833333333332,20740.833333333332,21313.333333333332,21937.833333333332,30841.166666666668,26389.5
E05010759,Dunsmore,5,23672,25710.8,24355,24970.2,23124.6,24283.2,10461.2,14770,12615.6
E05010760,Wolston and the Lawfords,5,19161.6,20116,19503.2,14995.2,20193,20146,7550.6,20671.2,14110.9
E05010781,Chadlington and Churchill,1,16643,23068,20029,27643,26477,22993,1444,3286,2365
E05010782,Charlbury and Finstock,3,25594.67,26888.333333333332,24993.666666666668,24256.333333333332,29078,28119.333333333332,6461.333333333333,19734.666666666668,13098
E05010783,"Hailey, Minster Lovell and Leafield",3,26197.33,26793.333333333332,27339.333333333332,23775,31057,28864,6936.666666666667,17701.333333333332,12319
E05010784,Abbey,5,6813,12824.4,10220,7750.4,5258.4,4041.2,11862.8,7576.2,9719.5
E05010785,Birchwood,6,10813.33,11298.5,9720.166666666666,8289.833333333334,8048.166666666667,12251.666666666666,10050.5,29193.666666666668,19622.08
E05010786,Boultham,5,16635.8,20955.6,24213.4,10548.4,11278.2,12804.8,12945,14362,13653.5
E05010787,Carholme,6,16273,22860,23384.5,20195.5,11082.666666666666,9141.833333333334,10945.333333333334,7716.166666666667,9330.75
E05010788,Castle,4,7923.75,9535.5,7849,8727.25,6622.75,6478.5,9646.25,19540,14593.12
E05010789,Glebe,6,10149,11265.5,10453.333333333334,7322,6916.5,11930.5,10870.833333333334,27140.333333333332,19005.58
E05010790,Hartsholme,6,18574.5,19520.833333333332,16248.666666666666,13115.166666666666,13208,20348.666666666668,13260.666666666666,29261.166666666668,21260.92
E05010791,Minster,5,12602.8,13949,13141.6,13311.2,10879,8288.2,16094.6,21334.4,18714.5
E05010792,Moorland,5,8625,10095.6,7645.8,6346.8,8051.2,6740.6,10713.4,22446.2,16579.8
E05010793,Park,6,6224.67,10693.833333333334,12289,4587,6125.5,4005.5,12393.833333333334,4104.333333333333,8249.08
E05010794,Witham,6,19214,18867.5,17525.833333333332,13841.5,13777,20398.166666666668,16500.333333333332,28322,22411.17
E05010795,Byfleet and West Byfleet,7,24721.43,24165.285714285714,25890.85714285714,22613.428571428572,24152.285714285714,19638.571428571428,15516.285714285714,15514.285714285714,15515.29
E05010796,Canalside,5,14759.8,13001.4,17330,12907.2,19136.6,15091.8,7536.8,18174.4,12855.6
E05010797,Goldsworth Park,7,21362.29,17251.85714285714,20327,19341.14285714286,19348.14285714286,20043.428571428572,16813.285714285714,28060.85714285714,22437.07
E05010798,Heathlands,7,29311,28276,29598.285714285714,29751.428571428572,28262.571428571428,22771.14285714286,17660.285714285714,21917.85714285714,19789.07
E05010799,Hoe Valley,5,17411,15152.4,18149,16306.8,17998.4,9467.8,16164.8,25023,20593.9
E05010800,Horsell,7,29846.86,27688.714285714286,27632.428571428572,30754.285714285714,26837.714285714286,25965.285714285714,26346.85714285714,23474.285714285714,24910.57
E05010801,Knaphill,6,23910.5,21459,23700.666666666668,24599.5,22052.666666666668,13623.5,19910.166666666668,22433.333333333332,21171.75
E05010802,Mount Hermon,7,27701.14,25916.428571428572,26811.14285714286,28979.285714285714,25951.571428571428,20933.428571428572,24229.285714285714,16128.42857142857,20178.86
E05010803,Pyrford,5,27051.8,26404.2,27562.6,27744,27220.2,25917.2,12458.4,26679,19568.7
E05010804,St John's,6,25545.5,22663.833333333332,25061.166666666668,26390.333333333332,23481.5,18503,22077,22217.666666666668,22147.33
E05010805,Barnack,2,26230,27574,28122.5,29826.5,28805,29881,6029.5,11452.5,8741
E05010806,Bretton,6,7908.33,7503.666666666667,7297.666666666667,4353.666666666667,10291.666666666666,8494.5,11920,28217.5,20068.75
E05010807,Central,7,5705.57,5230,9390,3317.1428571428573,11071.57142857143,4185.142857142857,13088.142857142857,7249,10168.57
E05010808,Dogsthorpe,6,4902.5,3678.6666666666665,5384.333333333333,2711.3333333333335,8318.333333333334,5417.333333333333,9726.833333333334,27823.833333333332,18775.33
E05010809,East,7,4791.14,3679.714285714286,6096.571428571428,2979.714285714286,8378,8341.285714285714,9612.142857142857,18844.428571428572,14228.29
E05010810,"Eye, Thorney and Newborough",6,15328.83,17343,17138.333333333332,14088.166666666666,18986.833333333332,18215.166666666668,3058.5,21730,12394.25
E05010811,Fletton and Stanground,7,12539,11809.57142857143,12328.285714285714,10274.142857142857,12303.42857142857,10026.285714285714,17702.571428571428,19452.14285714286,18577.36
E05010812,Fletton and Woodston,5,15153.8,13117.2,15290.4,14657.6,15552.6,12753,11679.8,19889,15784.4
E05010813,Glinton and Castor,4,25782,28239.75,25987.25,24804.5,25107.25,25040.5,9348,17802,13575
E05010814,Gunthorpe,6,19391.83,19481.166666666668,18058.5,14729.833333333334,16695,19103.833333333332,12403.5,29172.833333333332,20788.17
E05010815,Hampton Vale,5,17128.6,14331.6,18026.6,16776.4,16477.2,14885,7487.8,31356.8,19422.3
E05010816,Hargate and Hempsted,5,21094.4,16275.6,22427.6,19608.2,19735.6,16499.2,11890.4,29554.8,20722.6
E05010817,North,5,2538.8,2023.2,3883,894.4,7841.6,4273.6,8177.8,13791.8,10984.8
E05010818,Orton Longueville,7,6889.57,7113.285714285715,7590.857142857143,5268.428571428572,6850.285714285715,7880,6333.714285714285,24092.14285714286,15212.93
E05010819,Orton Waterville,5,22052.8,19888,19645.4,21183.4,20459.2,25326.2,11837.2,28942.6,20389.9
E05010820,Park,5,8812.2,7046.6,10327.4,4880.8,14944.4,9949,16391.6,11790.6,14091.1
E05010821,Paston and Walton,7,6818.71,6698.857142857143,7279.714285714285,5108,8732.142857142857,6393.142857142857,8533.42857142857,22841.571428571428,15687.5
E05010822,Ravensthorpe,7,9344.14,8570.285714285714,10522.57142857143,8117.571428571428,9411,8096.428571428572,11041.142857142857,23801.428571428572,17421.29
E05010823,Stanground South,7,16387.71,14163.857142857143,17229.285714285714,14819.42857142857,15720.42857142857,15708.285714285714,9645.285714285714,27411,18528.14
E05010824,Werrington,6,20207.67,19045.666666666668,18359,17211.5,18922.166666666668,22235.166666666668,9877.5,28497.666666666668,19187.58
E05010825,West,4,20115.75,18126.75,18108.5,18589.5,18330,19422.75,10581.5,28492,19536.75
E05010826,Wittering,2,20973,23511.5,25719.5,24088.5,20260,25603.5,2112.5,21120.5,11616.5
E05010827,Berechurch,7,11059.29,11002.42857142857,10245,8192.42857142857,9428.42857142857,8844,17454.714285714286,26857,22155.86
E05010828,Castle,6,14089.5,14288,15450.166666666666,18387.5,13279.833333333334,4292,24257.333333333332,13147,18702.17
E05010829,Greenstead,9,8383,9713.333333333334,11773.444444444445,4835.222222222223,7262.444444444444,5586.333333333333,12453.777777777777,22861.777777777777,17657.78
E05010830,Highwoods,7,18925.57,16983.14285714286,16635.428571428572,20174,14168.57142857143,17409.14285714286,15111.857142857143,27012.285714285714,21062.07
E05010831,Lexden and Braiswick,5,26767.8,25383.2,23996.6,26787,23626.4,24691.8,16446.8,25398.6,20922.7
E05010832,Marks Tey and Layer,6,20966.67,24633.166666666668,23585.5,20311.833333333332,20270,22930.666666666668,4814.333333333333,18401.333333333332,11607.83
E05010833,Mersea and Pyefleet,7,21516,24339.285714285714,22253.428571428572,17600.14285714286,21235,24319,7533.857142857143,16858.428571428572,12196.14
E05010834,Mile End,9,23018.67,20218.666666666668,24037.666666666668,27446.88888888889,18822.555555555555,11106,18675.333333333332,22837.88888888889,20756.61
E05010835,New Town and Christ Church,9,16902.56,16536.88888888889,18227.555555555555,19725.333333333332,17084.11111111111,11304.333333333334,24976,7866.666666666667,16421.33
E05010836,Old Heath and The Hythe,7,11612,12646.42857142857,12707.57142857143,10930,10109.857142857143,8826.142857142857,9901.285714285714,22117.14285714286,16009.21
E05010837,Prettygate,8,25584.12,23767.125,22564.5,22750,19773.5,22824.5,25159.875,24546.75,24853.31
E05010838,Rural North,7,21712,26088.85714285714,26507.714285714286,24261.428571428572,25442.14285714286,26036.714285714286,5771.714285714285,5888.571428571428,5830.14
E05010839,St Anne's and St John's,7,17582,17509.571428571428,15495.857142857143,13802.57142857143,12676,15999.42857142857,20531.428571428572,25366.85714285714,22949.14
E05010840,Shrub End,7,15434.57,12461.285714285714,14335.57142857143,15090.857142857143,11369.857142857143,13270.42857142857,18045.14285714286,30315.85714285714,24180.5
E05010841,Stanway,5,21823.2,20064.6,19981,18618.8,18244.2,17702.4,17862,24886,21374
E05010842,Tiptree,6,21357.67,23257,22308.5,14680.833333333334,21397.833333333332,20599.166666666668,9200.5,21761.166666666668,15480.83
E05010843,Wivenhoe,5,26494.2,26202.6,27466.6,25880,25340,25705,8183,22824.8,15503.9
E05010844,Downhall and Rawreth,4,26986.5,25155.25,26057.25,19799.75,27376,24183.75,15188.25,28114,21651.12
E05010845,Foulness and The Wakerings,5,17281.6,16739,18217.2,12604.8,19499.2,20548.6,7560.6,19781.2,13670.9
E05010846,Hawkwell East,4,25708.5,26372.5,24607.5,19080.5,25114.75,25532.75,10665.75,26646.25,18656
E05010847,Hawkwell West,4,27432,27122,26302.25,20373.75,26954.5,25722.5,12329.75,28986.25,20658
E05010848,Hockley,3,28730,25038,26847.666666666668,25350.666666666668,27370.666666666668,24636.333333333332,20771.333333333332,23547.666666666668,22159.5
E05010849,Hockley and Ashingdon,4,29533.25,28571.25,28024.75,22117.5,30258,28226.25,16212.25,26409.25,21310.75
E05010850,Hullbridge,4,23258,24429.25,23200.25,11821.75,26134.5,25874,13573.5,24505.25,19039.38
E05010851,Lodge,4,29669.5,28598.5,27369.75,20141,26571,26966.75,25939.25,25625.25,25782.25
E05010852,Roche North and Rural,5,12932.8,14475,13173.2,9352.4,15963.2,14528.8,8550.8,21908.4,15229.6
E05010853,Roche South,3,17503.67,16322.666666666666,17012.333333333332,15517,19537,13624.333333333334,16112.333333333334,16284,16198.17
E05010854,Sweyne Park and Grange,4,25066.5,24838,23629,17313.25,24880.5,21375.25,17723.5,26214,21968.75
E05010855,Trinity,5,29463.6,27506,26776.4,20942,27586,27929.4,29547.8,23234.8,26391.3
E05010856,Wheatley,4,23712.25,21978.25,21929.5,19200,24274,16269,31292.75,17041.75,24167.25
E05010857,Beauchief and Greenhill,12,12798,12984.416666666666,11324.25,14594.416666666666,9562,11971,15905.583333333334,24175.5,20040.54
E05010858,Beighton,12,18760.33,18908.75,16196.416666666666,13985.333333333334,12112.75,18482.583333333332,26379.5,26988,26683.75
E05010859,Birley,11,15359.91,15262.636363636364,14243.727272727272,10843.454545454546,11818.545454545454,11301.09090909091,26099.272727272728,22548.090909090908,24323.68
E05010860,Broomhill and Sharrow Vale,14,21378.21,27213.285714285714,29057.785714285714,28044.14285714286,15761.785714285714,19733.14285714286,19259.85714285714,4103.5,11681.68
E05010861,Burngreave,13,1531.38,1269.4615384615386,1792,1709.6153846153845,2375.923076923077,5961.076923076923,22561.923076923078,7809.461538461538,15185.69
E05010862,City,10,13589.4,22785.7,25845.5,16171.7,6077.7,5665.9,17721.7,5685.9,11703.8
E05010863,Crookes and Crosspool,11,26441,27868.545454545456,28464.727272727272,32097.545454545456,20010,25358.18181818182,27870.272727272728,10341.818181818182,19106.05
E05010864,Darnall,12,3915.42,2831.0833333333335,4662.083333333333,2652.4166666666665,5748.583333333333,12559,18854.916666666668,12434.583333333334,15644.75
E05010865,Dore and Totley,12,27638.5,28073.083333333332,26902.75,30824.166666666668,25338.833333333332,24809.333333333332,12808.083333333334,22466.333333333332,17637.21
E05010866,East Ecclesfield,13,18191.54,19036.153846153848,16659.846153846152,15737.23076923077,12401,17048.30769230769,25715.923076923078,20961.76923076923,23338.85
E05010867,Ecclesall,13,31252.85,30707.384615384617,31435.846153846152,33271.692307692305,26799.846153846152,29061.46153846154,29112.153846153848,17398.076923076922,23255.12
E05010868,Firth Park,14,2666.71,2555.6428571428573,2279.5714285714284,2714.714285714286,2528,3465.8571428571427,27047.785714285714,20874.35714285714,23961.07
E05010869,Fulwood,9,31425,31953.222222222223,31517.666666666668,33365.22222222222,29791.11111111111,30293.88888888889,21561.88888888889,17729.11111111111,19645.5
E05010870,Gleadless Valley,14,7855.29,8933.142857142857,8757.142857142857,12163.357142857143,7089,7433.928571428572,25140.5,12206.5,18673.5
E05010871,Graves Park,12,23095.92,23101.916666666668,22531.083333333332,26892.416666666668,17662.166666666668,18449.5,28529,13364.75,20946.88
E05010872,Hillsborough,13,16731.23,17636.76923076923,17770,19278.076923076922,12981.538461538461,16410,32236.384615384617,9945.615384615385,21091
E05010873,Manor Castle,13,4070.46,4877,4659,4160.538461538462,3291.5384615384614,4619.7692307692305,28694.30769230769,17307.30769230769,23000.81
E05010874,Mosborough,11,18022.27,18369.909090909092,15047.272727272728,14725.454545454546,13080.636363636364,15769.545454545454,24640.454545454544,26082.545454545456,25361.5
E05010875,Nether Edge and Sharrow,14,12598.5,13319.07142857143,16769.785714285714,18364,11047.57142857143,12393.42857142857,19823.85714285714,3640.3571428571427,11732.11
E05010876,Park and Arbourthorne,11,8003.73,8014.727272727273,7330,5662.636363636364,5697.545454545455,8000.727272727273,27282.18181818182,22315.81818181818,24799
E05010877,Richmond,12,11388.75,12215.416666666666,10528.583333333334,9317.75,7006.083333333333,9794.5,30108.083333333332,18209.833333333332,24158.96
E05010878,Shiregreen and Brightside,13,6157.08,5890.307692307692,5241.461538461538,4722,5654.2307692307695,7470.307692307692,23455.846153846152,20936.53846153846,22196.19
E05010879,Southey,14,4224.57,4580.5,4111.5,2537.9285714285716,3911.9285714285716,3916,25182.785714285714,21221.785714285714,23202.29
E05010880,Stannington,11,22042.18,20954.090909090908,18610.909090909092,23258.272727272728,16824.81818181818,21162.545454545456,20345.090909090908,23341.363636363636,21843.23
E05010882,Walkley,13,14599.85,16159,16283.153846153846,18977,10265.615384615385,14201.307692307691,24096.923076923078,8621.538461538461,16359.23
E05010883,West Ecclesfield,11,20506.27,21403.727272727272,18414.81818181818,19115.363636363636,14798.09090909091,18790.909090909092,16716.81818181818,22584.909090909092,19650.86
E05010884,Woodhouse,12,11859.25,12257.083333333334,10783.75,9685.25,8040.5,9801.833333333334,30186.75,19407.916666666668,24797.33
E05010885,Ashley,10,14492.7,17123.9,17509.3,17434.9,14279.1,7098.9,24954.3,5891.4,15422.85
E05010886,Avonmouth and Lawrence Weston,13,9919.92,10777.153846153846,10084.692307692309,6581.384615384615,9462.76923076923,10729.923076923076,15350.23076923077,16613.69230769231,15981.96
E05010887,Bedminster,6,19781.17,22330.333333333332,22775.833333333332,18149.333333333332,14474.333333333334,16927.166666666668,29600.166666666668,11118.5,20359.33
E05010888,Bishopston and Ashley Down,7,26320.14,30050.571428571428,30134.428571428572,31538.428571428572,21718.85714285714,17704,28152,5953.571428571428,17052.79
E05010889,Bishopsworth,8,20102.5,20450.375,20101.875,12922.375,17250.75,14987.5,29454.5,17957,23705.75
E05010890,Brislington East,8,16371,16526.875,14947.125,14972.375,12517.125,14332.5,23297.625,16147.75,19722.69
E05010891,Brislington West,7,19625.29,20341.14285714286,21000,20045.85714285714,15626.714285714286,11852.142857142857,26596.85714285714,12492.57142857143,19544.71
E05010892,Central,12,15346.92,22625.25,23542.25,19284.166666666668,9883.083333333334,6840.5,22060,7085.083333333333,14572.54
E05010893,Clifton,8,25497.5,28619.25,30053.875,25619.75,23673.375,19735,28103.375,5090.125,16596.75
E05010894,Clifton Down,7,28279.57,32107.571428571428,32969.28571428572,28799.285714285714,27225.428571428572,24935,29993.428571428572,3780.4285714285716,16886.93
E05010895,Cotham,5,25818,30868.2,31938.8,31027,23258,17823.8,30368.8,2636.6,16502.7
E05010896,Easton,7,10722.71,12327,12713.42857142857,12595.142857142857,10815.57142857143,6890.857142857143,27024.714285714286,2928,14976.36
E05010897,Eastville,8,12841.88,13536.875,13160.75,13700,12835.5,7716.75,20923.375,9682.75,15303.06
E05010898,Filwood,8,4294.25,4586,4436.25,2126.875,5057.375,4296.5,16312.375,22011.75,19162.06
E05010899,Frome Vale,7,13938.71,14160,12855.714285714286,13003.285714285714,10846.42857142857,9381.142857142857,21656.85714285714,17892.285714285714,19774.57
E05010900,Hartcliffe and Withywood,12,2808.83,3803,2859.5833333333335,1080,2688.4166666666665,2457.0833333333335,24563.583333333332,24292.25,24427.92
E05010901,Henbury and Brentry,7,12316,12242.142857142857,11102.142857142857,9656.57142857143,12087.285714285714,9682.142857142857,18045.571428571428,23186,20615.79
E05010902,Hengrove and Whitchurch Park,12,16165.67,16142.833333333334,15082.083333333334,10597.75,13498.166666666666,12559.083333333334,26294.166666666668,22807.083333333332,24550.62
E05010903,Hillfields,7,12487.14,11954.57142857143,12663,9225.857142857143,10977.857142857143,12217.857142857143,22698.428571428572,14349.142857142857,18523.79
E05010904,Horfield,7,17351.43,18183,18728.571428571428,20076,16049.142857142857,11711,9864.142857142857,17314,13589.07
E05010905,Hotwells and Harbourside,4,25515.5,28227.75,29763.5,25950.25,19615,10448,24792.5,15390.5,20091.5
E05010906,Knowle,8,15357.5,17075,14899.25,15265.125,13827,11159.75,26058.375,14601.5,20329.94
E05010907,Lawrence Hill,9,4861.44,5533.222222222223,7490.111111111111,5398.888888888889,3573.777777777778,4329.333333333333,15906.777777777777,7618.888888888889,11762.83
E05010908,Lockleaze,7,9603.29,9698.142857142857,11096.42857142857,8929.857142857143,8656,7921.142857142857,12984.857142857143,18028.571428571428,15506.71
E05010909,Redland,8,30029.62,32524.25,32209.375,33264,27241.5,26603.625,32319,6420.25,19369.62
E05010910,St George Central,8,12275.38,13275.5,13175.875,11312.25,9366.125,9281.5,21478.625,11434,16456.31
E05010911,St George Troopers Hill,4,23592.75,24236.5,22819.5,18142.5,19428.25,21323.5,23286.75,14387,18836.88
E05010912,St George West,3,13422.67,15400.666666666666,14227,15100,9746.666666666666,8567,25224.333333333332,9008.666666666666,17116.5
E05010913,Southmead,7,7841.71,8333.42857142857,7758.428571428572,7619,6533.714285714285,7548,10894.42857142857,21950.85714285714,16422.64
E05010914,Southville,8,18908.62,20853.625,20787.375,26060.75,13669,11996.375,27872.375,7440.75,17656.56
E05010915,Stockwood,7,16478.43,15981.42857142857,14784.285714285714,11310.42857142857,13643.142857142857,13302.714285714286,23976.285714285714,23004.285714285714,23490.29
E05010916,Stoke Bishop,8,24784.62,25737,24600.5,24988.75,24711.75,19609.75,22187.25,16334.5,19260.88
E05010917,Westbury-on-Trym and Henleaze,13,31343,31715.076923076922,30506.69230769231,33424.92307692308,29530,29084.23076923077,31950.615384615383,13098.846153846154,22524.73
E05010918,Windmill Hill,8,17228.12,17464.25,18996.875,20009.125,14591.25,11746.5,26733.625,7721.75,17227.69
E05010921,Banbury Cross and Neithrop,7,16315.14,15201.857142857143,16092.285714285714,10103.857142857143,17851.14285714286,13619.714285714286,22413,19188.85714285714,20800.93
E05010922,Banbury Grimsbury and Hightown,7,19202.29,17332.428571428572,20159.571428571428,10077.285714285714,21470.571428571428,18647.285714285714,18310.714285714286,24120.428571428572,21215.57
E05010923,Banbury Hardwick,6,23706.83,20843,23989.5,15535.5,24679.333333333332,19920.166666666668,13759.833333333334,30713.5,22236.67
E05010924,Banbury Ruscote,7,10283.29,10316.857142857143,10638.857142857143,3956.8571428571427,15023,8039.428571428572,15126.42857142857,28956.14285714286,22041.29
E05010925,Bicester East,6,22577.67,21363.166666666668,23280.5,12543.833333333334,21300.5,19122.5,23675.5,28373.166666666668,26024.33
E05010926,Bicester North and Caversfield,6,28006.67,26637.166666666668,29532.166666666668,20496.833333333332,28039,24883.5,14313.166666666666,28756.333333333332,21534.75
E05010928,Bicester West,6,23396.67,22214,22406.333333333332,11812,24680.5,21741.5,21680.333333333332,31031.333333333332,26355.83
E05010929,"Cropredy, Sibfords and Wroxton",7,20952.43,28107.571428571428,28624.571428571428,26007.85714285714,30643.85714285714,28620.14285714286,3889.4285714285716,6453.285714285715,5171.36
E05010930,Deddington,6,25143,28616.833333333332,30268.166666666668,27937.5,31018.666666666668,31569,4468,9444.833333333334,6956.42
E05010932,Kidlington East,7,26481.14,22355.571428571428,24231.428571428572,17734,27550.14285714286,23244.428571428572,25239.14285714286,27538.285714285714,26388.71
E05010933,Kidlington West,6,28058.17,26681.166666666668,26612.333333333332,21559.166666666668,27072.5,28329,17244.5,27735,22489.75
E05010934,Launton and Otmoor,5,20808.2,25984.8,23958.2,23074.6,25335.8,25723.2,4015.8,11036.8,7526.3
E05010935,Cherryfield,8,4243.12,6111.75,3412.5,3185.125,1796.5,9501.875,24434.125,18326.875,21380.5
E05010936,Halewood North,6,16927.33,17607.833333333332,13803.333333333334,17566.166666666668,8507.666666666666,20721,14307.5,29716.5,22012
E05010937,Halewood South,8,10744.5,11678.625,9111.125,11455.75,5540,15827,17938.375,22378.5,20158.44
E05010938,Northwood,7,782.43,1470,539.2857142857143,464.42857142857144,337.42857142857144,6803.857142857143,20387.285714285714,25769,23078.14
E05010939,Page Moss,7,3391.57,3837.285714285714,2655.8571428571427,3650.8571428571427,1589.4285714285713,7348.714285714285,23387.285714285714,20776.714285714286,22082
E05010940,Prescot North,7,11118.29,13229.714285714286,10221,13351.714285714286,5075.857142857143,13787.42857142857,21597.571428571428,14363.285714285714,17980.43
E05010941,Prescot South,7,10139.29,11845.714285714286,8488.57142857143,10140.42857142857,4090.285714285714,12268.42857142857,20835,20415.285714285714,20625.14
E05010942,Roby,6,24510.83,25878.666666666668,21539.333333333332,24433.333333333332,13093,21460.166666666668,29943.166666666668,18127.5,24035.33
E05010943,Shevington,6,8960.33,10535,8100.166666666667,6547.833333333333,4856.833333333333,16668.5,12359.833333333334,26634.166666666668,19497
E05010944,St Gabriels,6,6937.5,7649,5488.833333333333,7018.166666666667,4219,12067,16526.666666666668,21456.666666666668,18991.67
E05010945,St Michaels,7,5133.86,6076.857142857143,3115.285714285714,5592.857142857143,2659.8571428571427,10047.142857142857,22168.85714285714,23454,22811.43
E05010946,Stockbridge,7,3082.57,3226.5714285714284,2392.1428571428573,3346.714285714286,1744.4285714285713,7280.857142857143,18333.714285714286,23507.571428571428,20920.64
E05010947,Swanside,6,19020.67,19343.333333333332,15984,19571.166666666668,9875.833333333334,23248.333333333332,31576.5,13501.833333333334,22539.17
E05010948,Whiston and Cronton,6,9898.67,11991.833333333334,8813.666666666666,10316.333333333334,5782.333333333333,13821,10243.666666666666,20333.333333333332,15288.5
E05010949,Whitefield,6,8535.83,9798.166666666666,6340.333333333333,7236.666666666667,4444.166666666667,11847,22243.833333333332,23527.666666666668,22885.75
E05010950,Abbeydale,4,29000.5,26328,25514.5,21582.5,22322.25,23761,28172.5,32559,30365.75
E05010951,Abbeymead,3,30351.33,27771.666666666668,27489.666666666668,24105,25236,28944,24502.666666666668,31814,28158.33
E05010952,Barnwood,3,29531.33,25995.333333333332,26565.666666666668,24758,24542.333333333332,26150,27502,28794.333333333332,28148.17
E05010953,Barton and Tredworth,7,4626.71,5963.714285714285,6586.428571428572,2405.285714285714,6614.428571428572,3848.4285714285716,18655.14285714286,4919.428571428572,11787.29
E05010954,Coney Hill,3,7989,9132.666666666666,9091.666666666666,2704.6666666666665,7873,6289.333333333333,25793.666666666668,19883.666666666668,22838.67
E05010955,Elmbridge,4,27253.5,25314.5,25598.25,23682,20835.5,25475,30964.75,21474,26219.38
E05010956,Grange,4,20108.5,21198,19154,12593.75,14180.5,16707.5,23545.25,21997.25,22771.25
E05010957,Hucclecote,5,29177.8,26880.6,25426.4,23042.6,24867,27807,27247.4,27502.6,27375
E05010958,Kingsholm and Wotton,4,11248.5,13611,11969,15198.75,5015,7650.75,24562.25,9013.5,16787.88
E05010959,Kingsway,4,15511.25,12770.25,16440.75,13275.5,12491.25,8954.75,16484.25,31666.25,24075.25
E05010960,Longlevens,6,31481.33,30206.333333333332,29593.333333333332,27498.333333333332,23801.833333333332,26973.666666666668,29194.833333333332,26730.333333333332,27962.58
E05010961,"Matson, Robinswood and White City",7,7028.14,8504.285714285714,6830.571428571428,4026,7224.571428571428,3748.1428571428573,16365.57142857143,24508,20436.79
E05010962,Moreland,7,9952.71,11023.57142857143,11611.857142857143,6902.571428571428,10257.285714285714,6978.285714285715,22769,8870.142857142857,15819.57
E05010963,Podsmead,2,10613.5,8852,8818.5,8917.5,7684,12211.5,16950,27451,22200.5
E05010964,Quedgeley Fieldcourt,5,20755.6,18716.8,20724.6,16189,13014.2,22171.2,17940.8,27336.8,22638.8
E05010965,Quedgeley Severn Vale,4,27208.5,24063,26277,21526.75,22442,24405,19437.5,32025,25731.25
E05010966,Tuffley,4,13588.25,13815,12894.25,9238.5,11658,11129,17833.75,25541.75,21687.75
E05010967,Westgate,6,8081.67,9169.666666666666,10149,7195.666666666667,6246,3697.6666666666665,17503.333333333332,16059.666666666666,16781.5
E05010969,Berkeley Vale,5,21192.8,24715.2,25635.8,19875.2,26471.2,24888.8,4614.6,11447.6,8031.1
E05010972,Cam East,3,25448.33,24742.333333333332,23438.333333333332,21994,25187.666666666668,24397.333333333332,12095,25886.333333333332,18990.67
E05010973,Cam West,3,20031,18517.666666666668,19199.333333333332,15475.333333333334,21255.333333333332,22943.666666666668,9766,27204.666666666668,18485.33
E05010975,Coaley and Uley,2,25253.5,28704,28735.5,25878.5,30452.5,29588.5,4575,9989,7282
E05010976,Dursley,4,17615.75,16743.25,15967.75,14305.25,19258.5,18071.75,11766.5,20487.25,16126.88
E05010981,Painswick and Upton,5,23393,26592,26029,28424.6,26884.8,23898,10736,10826.8,10781.4
E05010982,"Randwick, Whiteshill and Ruscombe",1,27952,28741,27951,30291,26949,29064,11804,11415,11609.5
E05010986,Stroud Central,2,15552,16956,13905,21172,16166.5,6560,22877,9468.5,16172.75
E05010987,Stroud Farmhill and Paganhill,1,18425,17202,13356,15367,19156,11690,23044,25974,24509
E05010988,Stroud Slade,1,7651,9930,8037,4986,14139,1936,11071,16030,13550.5
E05010990,Stroud Uplands,1,21589,17746,16185,20259,20794,18918,23183,22926,23054.5
E05010991,Stroud Valley,1,16120,16291,13540,16159,19738,7772,27691,9738,18714.5
E05010992,The Stanleys,3,22142,24023,22364,23034,25228.666666666668,24847.333333333332,4251,19715.666666666668,11983.33
E05010995,Alresford and Itchen Valley,5,26889.4,26835.2,27743.2,26325.6,29175.2,27726.4,12902,19450.2,16176.1
E05010996,Badger Farm and Oliver's Battery,5,31754,30846.2,31436,32350.4,31709.4,27991.2,18527.4,26241,22384.2
E05010997,Bishop's Waltham,4,24698,21076.25,22549,25046.25,26286.5,23509.5,13349.25,23703.5,18526.38
E05010998,Central Meon Valley,6,26277.83,28209.666666666668,29633.5,28178.666666666668,31431.833333333332,24579.666666666668,6775.833333333333,18839.5,12807.67
E05010999,Colden Common and Twyford,3,28860.67,25896,27036.333333333332,30707.666666666668,30017.333333333332,28810,10796.333333333334,24133.333333333332,17464.83
E05011000,Denmead,4,24331.25,21967.75,23062.75,20681,27306,22521.75,9879.5,28391.5,19135.5
E05011001,St Barnabas,5,29191.8,25553,25293.6,29167.6,26702.2,26441,26634.4,30904.2,28769.3
E05011002,St Bartholomew,4,20698.5,17864,17720.5,21211.5,17588.75,14204.75,27246.5,25386.5,26316.5
E05011003,St Luke,4,14807.25,12299.5,16881.25,9494.75,13669.25,10590.25,24666,30465.75,27565.88
E05011004,St Michael,6,20913.33,20611.5,19302.166666666668,26238.666666666668,17047.666666666668,9439.5,29662.5,15728.333333333334,22695.42
E05011005,St Paul,6,29624.83,30745.666666666668,27878.166666666668,31345.833333333332,23816.333333333332,23411.833333333332,32849.333333333336,18255.5,25552.42
E05011006,Southwick and Wickham,5,17809.2,17948.8,18948.8,15269,23084.4,16151.4,10791.2,18880.4,14835.8
E05011007,The Worthys,4,25374,23347.75,25316.25,25581.25,27708,24506.5,7860.75,27503.75,17682.25
E05011008,Upper Meon Valley,3,20963.67,27982,29871,28433,32297.666666666668,27501,2930.3333333333335,1845.3333333333333,2387.83
E05011009,Whiteley and Shedfield,4,26215,23176,27183.25,24641,25643.5,23144.25,14495.5,26153,20324.25
E05011010,Wonston and Micheldever,4,23856.5,27104.25,27427,28941,29613.75,25647.75,4503.25,16932.5,10717.88
E05011011,Alphington,6,23180.83,21209.333333333332,19756.333333333332,20024.833333333332,13956,26721,28010.666666666668,21342.333333333332,24676.5
E05011012,Duryard and St James,6,23758.67,30203,29247.5,23565.166666666668,15775.5,21128.833333333332,22720.166666666668,10404.5,16562.33
E05011013,Exwick,6,14970.83,13394.833333333334,14129.666666666666,11220.5,12714.5,19887.5,12602.333333333334,24985.5,18793.92
E05011014,Heavitree,7,24253.29,23598,23780.714285714286,24091.428571428572,16191,22203.428571428572,30511.14285714286,13415.714285714286,21963.43
E05011015,Mincinglake and Whipton,6,12557.83,12147.833333333334,11150.833333333334,7824,10111.166666666666,14082,22543.666666666668,25684.666666666668,24114.17
E05011016,Newtown and St Leonard's,7,21266.57,24099,22023.14285714286,26427.14285714286,13362.857142857143,18515.14285714286,25855.571428571428,9696,17775.79
E05011017,Pennsylvania,7,24323.14,24898.571428571428,25324.714285714286,22187.14285714286,17710.714285714286,25088.285714285714,24415.285714285714,18209.14285714286,21312.21
E05011018,Pinhoe,5,20621.6,16190.2,18130.8,15650.4,16311.6,21462.6,25366.2,28118.6,26742.4
E05011019,Priory,6,14626.33,14737.333333333334,12836.5,10228.666666666666,9847.166666666666,19494.333333333332,22277,24587,23432
E05011020,St David's,5,12216.2,17568.8,15940,11739.8,7003.6,5874.4,17962.8,12093.8,15028.3
E05011021,St Loyes,4,27299.25,24611,23521.25,21792.75,20198.25,29471.25,24440.75,26725.25,25583
E05011022,St Thomas,7,18046.71,18523.14285714286,17102.285714285714,17140,11681.857142857143,18479.14285714286,27010.714285714286,13511.42857142857,20261.07
E05011023,Topsham,6,20608.33,19556.166666666668,19260.5,18978.166666666668,14489.166666666666,24059.666666666668,16513.333333333332,22728.666666666668,19621
E05011024,Appleton,7,30297.57,29807.85714285714,28898.85714285714,30555.285714285714,26814.571428571428,27384.85714285714,19331,27215.85714285714,23273.43
E05011025,Bewsey and Whitecross,6,5707.5,5944.166666666667,5717.5,7467,3707,5398.166666666667,24860.333333333332,11691.666666666666,18276
E05011026,Birchwood,8,16252,16351.75,12467.625,17504.25,9418.125,23487.75,20115.125,24181.125,22148.12
E05011027,Burtonwood and Winwick,4,15684.75,20176.25,15003.5,18228.75,9608,15344.25,11373.5,15553,13463.25
E05011028,Chapelford and Old Hall,8,26375.25,25274.375,24333.375,26901.125,18685.875,17718.875,25929.75,28860.5,27395.12
E05011029,"Culcheth, Glazebury and Croft",7,25391.86,25223,23631,25387.428571428572,23440.285714285714,21097.14285714286,16925.571428571428,21986.714285714286,19456.14
E05011030,Fairfield and Howley,7,8115.86,8755,7699.142857142857,10679.57142857143,5489,5896.285714285715,26102,11700.57142857143,18901.29
E05011031,Grappenhall,4,31843.75,29563,31403.5,32366.5,30007,29928.75,22141.25,22208.5,22174.88
E05011032,Great Sankey North and Whittle Hall,7,30369.57,29693.428571428572,27928.14285714286,28786.85714285714,22944.285714285714,29215.428571428572,26743.285714285714,24370.285714285714,25556.79
E05011033,Great Sankey South,6,18765.67,17904.833333333332,16679.166666666668,15177.333333333334,14202.833333333334,16064.333333333334,29730,19699.833333333332,24714.92
E05011034,Latchford East,6,10583.5,9742.666666666666,8857.666666666666,10518.666666666666,8777,8244.833333333334,26653.666666666668,17870.333333333332,22262
E05011035,Latchford West,4,19180.75,20023.25,17791,18123.5,15288.75,17094.25,30063.5,9592,19827.75
E05011036,Lymm North and Thelwall,7,29812.43,29655.428571428572,27717.14285714286,31234.571428571428,28123.428571428572,27894.14285714286,15026.42857142857,21885.428571428572,18455.93
E05011037,Lymm South,4,27906.5,26833.25,26062.5,32025.75,25962.75,19340.25,18616.75,19194.75,18905.75
E05011038,Orford,8,10216.88,11471.25,10157.875,9864.625,9040.875,7650.5,28113.875,10268.125,19191
E05011039,Penketh and Cuerdley,7,27560.86,26514,23406.571428571428,25778.428571428572,19789.85714285714,26308.14285714286,28811.285714285714,18508.85714285714,23660.07
E05011040,Poplars and Hulme,7,5278.71,5180.714285714285,4323.571428571428,5425.857142857143,4179,4659.285714285715,22819.571428571428,20756,21787.79
E05011041,Poulton North,8,19949.88,18706.375,17368.875,18332,13608.375,19184.375,26603.5,19525.875,23064.69
E05011042,Poulton South,3,29039.67,27295,25930,27118,22961.666666666668,21508.333333333332,32381.666666666668,20502.333333333332,26442
E05011043,Rixton and Woolston,6,26447.17,26588.833333333332,23391.833333333332,24734,21241,23826.666666666668,23885.666666666668,20230.5,22058.08
E05011044,Stockton Heath,4,27972.5,28852.25,27085.5,31508.75,27038.75,22471.75,31433.5,7537.5,19485.5
E05011045,Westbrook,4,28285,28062,25414.75,26703.75,19165.75,27150.5,25482,27255.5,26368.75
E05011046,Callowland,4,16850.5,14085.75,19516.75,15747.25,22427.75,17539.25,20542.25,5614.5,13078.38
E05011047,Central,7,12123,11861.285714285714,15389.57142857143,17710.85714285714,16367,6676.285714285715,13402,7364.857142857143,10383.43
E05011048,Holywell,6,13330,8087,14197.833333333334,14560,12832,16557.166666666668,17418.333333333332,22274.166666666668,19846.25
E05011049,Leggatts,5,17537.4,11949.8,18359.4,15978.2,19838,18577.2,16932.8,20089.4,18511.1
E05011050,Meriden,5,14111,10125.8,13627.4,13308.4,15272.2,13915.8,15952.4,22063.4,19007.9
E05011051,Nascot,5,27131.2,23803.6,27002.8,30259.2,25946.6,23426.8,16506.6,20993.2,18749.9
E05011052,Oxhey,4,24069.5,22048,24113,23829.75,26846,20067.25,24410,12455.5,18432.75
E05011053,Park,4,30432.75,28082.25,28913.25,30760.75,30990,24064.25,27048.25,21852.5,24450.38
E05011054,Stanborough,5,22702.2,19067.2,22384.6,20610,22540.4,20265.6,18234.6,19548.8,18891.7
E05011055,Tudor,4,28742,25226.75,27970.75,26692,30107.5,26949.75,22326.75,16202.25,19264.5
E05011056,Vicarage,5,16382,12049.4,21024.6,17174.4,20999.8,19414.6,17459,5189.2,11324.1
E05011057,Woodside,4,14752.25,12901,15203.5,15140,17016.5,15132.25,6869.5,20939.75,13904.62
E05011058,Brookmans Park and Little Heath,5,27666.2,27882.4,29025.2,24853,31535.6,26673,13789.6,16768.8,15279.2
E05011059,Haldens,4,16829,15217.25,13017,16016.75,14888.5,15105,17969.25,25973,21971.12
E05011060,Handside,4,26373,23023.75,22551.5,28826.25,24779,20236.5,30626.75,19858.25,25242.5
E05011061,Hatfield Central,5,13149.8,10843.2,12835,11958.6,14238.4,6548.8,25294.6,19318.2,22306.4
E05011062,Hatfield East,4,18624.75,15069,18150,17313,18094,15581.75,25245.75,21882,23563.88
E05011063,Hatfield South West,5,19421.4,15287,21629.4,14208.6,20610.8,11143.8,19543.4,26143.4,22843.4
E05011064,Hatfield Villages,5,26729.8,22919,27328.2,24721,21732.8,25231.4,17295.6,25300.2,21297.9
E05011065,Hollybush,5,17331.4,14312.6,15351,14321.2,15599.2,12310.4,20618.2,29713.2,25165.7
E05011066,Howlands,4,20066.5,15046,17036.5,17189,19680.25,16710.5,20868.25,31359.5,26113.88
E05011067,Northaw and Cuffley,3,29172.33,29479.333333333332,31287.666666666668,25939,31567,28306.666666666668,10298.333333333334,23588.666666666668,16943.5
E05011068,Panshanger,4,23550.75,20039.5,21397,19982.75,19784.75,24498,16722.75,31632,24177.38
E05011069,Peartree,5,11162.2,8374.8,9495,11998.6,9923.6,10153,19898.4,24598.4,22248.4
E05011070,Sherrards,4,25948.75,22020.25,22572.25,24532.75,25252,22770.5,26318,25791.25,26054.62
E05011071,Welham Green and Hatfield South,4,16954.5,15232,17908.75,11938,20339.75,17281,11055.5,21530.5,16293
E05011072,Welwyn East,4,28052.25,25419.75,26434.5,27389.5,27180.25,30169,16442.75,26532.5,21487.62
E05011073,Welwyn West,4,24916,23136.25,22393,26024,25290,26909.5,12287.5,22863.25,17575.38
E05011074,Claygate,4,30246.5,27319,28074.5,30067.25,30910,26863.25,23041.75,22836.5,22939.12
E05011075,Cobham and Downside,5,22802,21290.6,22481.2,21213.8,27009.8,16737.4,18816,20120.2,19468.1
E05011076,Esher,6,24446.83,23149.5,24206.833333333332,22840.166666666668,26504.5,18443.5,22684.833333333332,16791.666666666668,19738.25
E05011077,Hersham Village,4,28237.25,20708.75,26268.25,28672.25,28811,20789.25,29953.5,20614.5,25284
E05011078,Hinchley Wood and Weston Green,4,32330.75,31800.25,32107,33333.25,33322,27261.75,30065.25,13804.75,21935
E05011079,Long Ditton,5,29864.4,26376.2,26542.4,32302,32571.4,19792.2,32251.4,14869.2,23560.3
E05011080,Molesey East,5,28179.8,25148.6,26321.4,30296.6,30198.2,19472.4,28921.6,14981.8,21951.7
E05011081,Molesey West,6,22782.17,18248.833333333332,20392.333333333332,21558.333333333332,26304,16709.166666666668,22395.166666666668,19420.166666666668,20907.67
E05011082,Oatlands and Burwood Park,5,31737.6,30503.6,30777.8,32911.8,33011.8,27430.6,20607.2,22864,21735.6
E05011083,Oxshott and Stoke D'Abernon,6,31955.83,32534.666666666668,32597.5,31526.5,33675.666666666664,29402.333333333332,11060.5,26557.333333333332,18808.92
E05011084,Thames Ditton,5,31590.4,30735.6,31224.2,33418,32830.6,23597,31289.2,12058.8,21674
E05011085,Walton Central,5,26173,23730.4,25135.4,28218.2,29104,12632.4,25335.8,17619.2,21477.5
E05011086,Walton North,5,18662.4,14130.6,17413,15724.2,22837.2,14418.6,19156,22719.6,20937.8
E05011087,Walton South,6,26944.5,23933.666666666668,26386,26560.666666666668,29372.666666666668,20768.333333333332,23788.333333333332,21428,22608.17
E05011088,Weybridge Riverside,5,26597.6,23913.6,25672.2,30572.2,29926.6,15051.8,21645.8,16278.2,18962
E05011089,Weybridge St George's Hill,6,29204.83,26275,31535.166666666668,31849.666666666668,32791.166666666664,26029.5,12217,19966.666666666668,16091.83
E05011093,St Mary's,1,21832,31146,33147,28182,33755,32661,6873,290,3581.5
E05011095,Borough & Bankside,6,17351,17830.166666666668,18581.333333333332,26128.833333333332,14314.833333333334,20866.666666666668,14449.166666666666,4992,9720.58
E05011096,Camberwell Green,8,9274.62,8513.875,10520.25,18570.75,13969.25,8927.625,6533,6197.875,6365.44
E05011097,Champion Hill,6,15295.17,15432.666666666666,17868,25806.666666666668,18408.5,21615.666666666668,4226.833333333333,6885,5555.92
E05011098,Chaucer,9,14304.56,13428.222222222223,17665.444444444445,22570.222222222223,15313.666666666666,12114.333333333334,11243,5308,8275.5
E05011099,Dulwich Hill,6,18265.17,19508.166666666668,19857.833333333332,28079.5,20934.833333333332,19053.166666666668,8197.666666666666,5095.833333333333,6646.75
E05011100,Dulwich Village,6,24016.5,28491.833333333332,29376.333333333332,33235.333333333336,30751.833333333332,22886.666666666668,18169.166666666668,1154.5,9661.83
E05011101,Dulwich Wood,5,18412.6,17236.4,17393.2,25435,23329.6,18251.8,16563.8,5838.8,11201.3
E05011102,Faraday,8,7928.38,6521.25,10302,14842.25,13174.875,6478.125,6565.875,6634.5,6600.19
E05011103,Goose Green,7,17843.43,20586.14285714286,20547.285714285714,30222.571428571428,20146.571428571428,19126.428571428572,6930.428571428572,3337.4285714285716,5133.93
E05011104,London Bridge & West Bermondsey,8,16272.75,14865.875,19637.875,24315.25,13040.5,16592.5,12287.75,7069.25,9678.5
E05011105,Newington,10,10005.3,8681.6,11803.6,20529.7,10551.9,10994,8093,6773.2,7433.1
E05011106,North Bermondsey,11,16450.91,16931.909090909092,18476.272727272728,23362.18181818182,15089.181818181818,15252.09090909091,11663.181818181818,8498.727272727272,10080.95
E05011107,North Walworth,8,12591.62,12708.625,17755.875,20856,12712,5914.75,13540.25,5788.625,9664.44
E05011108,Nunhead & Queen's Road,8,8623.38,7964.375,8908.5,18524.375,9825.375,9982.75,8392.75,6378.875,7385.81
E05011109,Old Kent Road,8,8054.88,7743.75,9691.5,12534.625,12190.75,8878.375,6672.5,8383.875,7528.19
E05011110,Peckham,8,8278.25,6360,7979.875,17570.75,10765.75,10879.5,5588.75,11415.25,8502
E05011111,Peckham Rye,5,17244,15974.8,15985.4,27202.2,18293.4,19686.8,12968.4,6512.2,9740.3
E05011112,Rotherhithe,8,14917.75,12926.25,15341.75,21147.625,13351.375,10069.875,17269.875,11584.25,14427.06
E05011113,Rye Lane,10,12170.7,13177,14185,25365.4,14977.3,9961.4,7694.7,4488.3,6091.5
E05011114,St George's,4,11908,12653.25,13974.75,24923,9941,8969.75,13850,3318.5,8584.25
E05011115,St Giles,7,12529.29,12035.285714285714,14337.285714285714,21051,15341.714285714286,12638.57142857143,6038.285714285715,7983.428571428572,7010.86
E05011116,South Bermondsey,10,9564.6,8554.4,10153.8,15528.7,10541,10287,8377.2,8095.4,8236.3
E05011117,Surrey Docks,7,22562.86,19716.571428571428,22360.85714285714,25505.285714285714,18291.85714285714,17542.14285714286,20875.428571428572,17934.285714285714,19404.86
E05011118,Acocks Green,15,5124.47,4243.666666666667,5087.666666666667,7404.133333333333,4860.066666666667,6001.333333333333,20326.533333333333,9986.066666666668,15156.3
E05011119,Allens Cross,6,7336.83,6677.833333333333,6581.333333333333,9381,6037.833333333333,5381.833333333333,15756.666666666666,17377.833333333332,16567.25
E05011120,Alum Rock,13,1122.08,476.61538461538464,2680.5384615384614,1300.7692307692307,5257,9115.384615384615,2975.4615384615386,3487.3076923076924,3231.38
E05011121,Aston,13,1589.92,525.3846153846154,2397.076923076923,2890.6923076923076,7325.692307692308,8194.76923076923,9871.615384615385,2615,6243.31
E05011122,Balsall Heath West,7,2431.86,1238.2857142857142,2700.714285714286,4938.428571428572,4018.4285714285716,8267.42857142857,9137.857142857143,9329.857142857143,9233.86
E05011123,Bartley Green,15,6645.87,6298.266666666666,4641.4,7842.933333333333,5772.2,7399.466666666666,16550.733333333334,21345,18947.87
E05011124,Billesley,13,8675.85,7076.153846153846,7181.923076923077,12281.153846153846,7998.307692307692,9932.538461538461,18221.846153846152,14418.23076923077,16320.04
E05011125,Birchfield,6,1544,749,1392,4560.666666666667,5372.166666666667,3307.5,10027.333333333334,6069.333333333333,8048.33
E05011126,Bordesley & Highgate,10,6070.3,7672,9576.5,11708,6213.4,3147.9,14222,7777.2,10999.6
E05011127,Bordesley Green,7,935.43,341.57142857142856,2415.4285714285716,1597.5714285714287,4311.857142857143,6660.714285714285,8199.857142857143,2529.714285714286,5364.79
E05011128,Bournbrook & Selly Park,10,14520,21723.7,21664.6,12957,8800.5,12821.7,23651,5729.1,14690.05
E05011129,Bournville & Cotteridge,13,16524.77,16335.076923076924,14646.153846153846,23275.69230769231,10500,15269.153846153846,28110.846153846152,12754.538461538461,20432.69
E05011130,Brandwood & King's Heath,12,12743.17,12485,10759.166666666666,22330.25,10061.333333333334,9549.083333333334,26659.5,10531.25,18595.38
E05011131,Bromford & Hodge Hill,13,4625.62,3064.3846153846152,5403.615384615385,5406.615384615385,5849.307692307692,7611.076923076923,14358.384615384615,9127,11742.69
E05011132,Castle Vale,6,2410.33,2938.5,1834.8333333333333,2309.5,1626,8618.333333333334,9512.666666666666,18719.333333333332,14116
E05011133,Druids Heath & Monyhull,6,7042.83,6968.5,5144.833333333333,9373.666666666666,4724,6388.166666666667,18912.833333333332,14912.666666666666,16912.75
E05011134,Edgbaston,9,22108.22,21640.555555555555,21596,26171.222222222223,20475.666666666668,19207.777777777777,23792.666666666668,9451.333333333334,16622
E05011135,Erdington,12,7894.92,8921.416666666666,7693.25,12266.083333333334,7475.083333333333,8572,13080,7149.333333333333,10114.67
E05011136,Frankley Great Park,8,4888.12,5044.375,3924,5487.875,4502.625,4512.25,11564.625,24009.5,17787.06
E05011137,Garretts Green,5,2684.6,1829.6,2412.6,4347.2,3067.8,4912.4,13212.4,13921.2,13566.8
E05011138,Glebe Farm & Tile Cross,15,2501.53,2544.6666666666665,2811.733333333333,3434.266666666667,3491.9333333333334,4167.533333333334,12461.4,9512.866666666667,10987.13
E05011139,Gravelly Hill,5,2140,2315.2,2162,4494.8,2958,3635.2,17570.8,2949,10259.9
E05011140,Hall Green North,13,10590.31,7550.307692307692,9952.538461538461,13023.23076923077,11283.538461538461,14016.384615384615,20264.846153846152,10449.076923076924,15356.96
E05011141,Hall Green South,6,20562.17,16034,17890.333333333332,22336.166666666668,18870.833333333332,21210.333333333332,21458.833333333332,15422.5,18440.67
E05011142,Handsworth,7,699.14,604.2857142857143,1446.4285714285713,2261.285714285714,4623,2260.4285714285716,6026.714285714285,1867.857142857143,3947.29
E05011143,Handsworth Wood,12,10908.83,9400.583333333334,10348.25,12391.666666666666,11325.5,13536.166666666666,11761.333333333334,12755.583333333334,12258.46
E05011144,Harborne,14,15543.5,15340.57142857143,14556.142857142857,24049.5,12423.92857142857,11093.42857142857,23343.571428571428,10211.57142857143,16777.57
E05011145,Heartlands,7,1808,833.5714285714286,3351.4285714285716,1202.857142857143,4536.571428571428,9511.142857142857,7288.714285714285,8219.42857142857,7754.07
E05011146,Highter's Heath,7,10048.14,10169.857142857143,10326.142857142857,10684.285714285714,7539.142857142857,9824.42857142857,12477.285714285714,14569.714285714286,13523.5
E05011147,Holyhead,7,1151.71,922.8571428571429,2188.285714285714,1742.857142857143,6821.571428571428,3263.4285714285716,4439,2198.8571428571427,3318.93
E05011148,King's Norton North,7,14784.57,14392.142857142857,13643.285714285714,16098.42857142857,10990.285714285714,10483.714285714286,27057,16439.85714285714,21748.43
E05011149,King's Norton South,8,5056.62,5662.25,4079.75,6238.625,3025.125,4344,21706.75,21823.25,21765
E05011150,Kingstanding,14,4511.93,4349.928571428572,4233.071428571428,4342.214285714285,4722.642857142857,6213.857142857143,18974.5,10999.714285714286,14987.11
E05011151,Ladywood,15,10932.07,12145.4,13444.333333333334,15512.8,7530,7443,16550.2,11834.533333333333,14192.37
E05011152,Longbridge & West Heath,14,9971.14,9732.42857142857,8874.42857142857,10591,6981.571428571428,8914.642857142857,20497.14285714286,18653.14285714286,19575.14
E05011153,Lozells,7,1182.29,339.57142857142856,2184.285714285714,2069.4285714285716,4583.857142857143,5729.571428571428,10260,4480.428571428572,7370.21
E05011154,Moseley,14,10510.14,10522.714285714286,8929.142857142857,19465.85714285714,9759.5,9629.57142857143,15716.285714285714,7166.571428571428,11441.43
E05011155,Nechells,9,4121.44,5078.444444444444,6640.222222222223,5195.555555555556,5038.888888888889,9661.111111111111,8366.222222222223,8306.777777777777,8336.5
E05011156,Newtown,7,1960.43,1995.2857142857142,2975.8571428571427,3517.1428571428573,4631.857142857143,9026,7221.714285714285,10891.57142857143,9056.64
E05011157,North Edgbaston,12,5565.5,4738.25,5864.833333333333,11655.5,7719.416666666667,5473.166666666667,14130.5,4753.25,9441.88
E05011158,Northfield,7,14338,14933,12532.714285714286,17416.285714285714,11115.42857142857,11257.57142857143,26407,9818.285714285714,18112.64
E05011159,Oscott,12,11332.33,9825.333333333334,9861.75,10349,9832.083333333334,14186.25,25071.166666666668,12552.083333333334,18811.62
E05011160,Perry Barr,13,12426,8870.923076923076,12061.76923076923,13409.615384615385,12748.384615384615,15149.538461538461,19282.30769230769,12020.846153846154,15651.58
E05011161,Perry Common,8,5961.75,5150.75,4394,7908.375,4409.5,8758,17508.25,16867.375,17187.81
E05011162,Pype Hayes,6,6451.67,6177.333333333333,5473,6857.5,5115.833333333333,9697.833333333334,15769.333333333334,13788.666666666666,14779
E05011163,Quinton,13,14395.77,12857.538461538461,11986.615384615385,17528.69230769231,12636.307692307691,11594.76923076923,26245.076923076922,15316.461538461539,20780.77
E05011164,Rubery & Rednal,6,7772.5,7258.166666666667,6770.166666666667,6244.166666666667,5891.666666666667,9754.666666666666,19657.666666666668,17728.666666666668,18693.17
E05011165,Shard End,6,2883.33,2960.3333333333335,2299.1666666666665,3272.5,2548.5,4651.166666666667,14123.833333333334,18025.833333333332,16074.83
E05011166,Sheldon,12,10082.25,10178.416666666666,9387.833333333334,9302,10267.5,11514.333333333334,14499.833333333334,11777.916666666666,13138.88
E05011167,Small Heath,10,1887.4,559,3949.7,2449.1,6795.3,11132.5,6553.5,3778.5,5166
E05011168,Soho & Jewellery Quarter,15,7907.67,8984.666666666666,10323,9983.6,6911.666666666667,7037.733333333334,9617,7855.733333333334,8736.37
E05011169,South Yardley,5,9267.6,7673.8,9486.2,9912,9140.2,7899.8,19125.2,10752.6,14938.9
E05011170,Sparkbrook & Balsall Heath East,15,880.8,245.86666666666667,1885.0666666666666,2260.4,4583.2,8464.2,5210.533333333334,2424,3817.27
E05011171,Sparkhill,10,2044,1075.7,3603.3,2747.4,7224.8,8521.5,9030.8,1417.6,5224.2
E05011172,Stirchley,6,10332.67,10229.666666666666,10186.5,16893.5,7836.666666666667,10495.166666666666,19746.5,6977.666666666667,13362.08
E05011173,Stockland Green,14,4103.07,3842.0714285714284,3839.8571428571427,6803.857142857143,4579.071428571428,4675.928571428572,15193.142857142857,8239.142857142857,11716.14
E05011174,Sutton Four Oaks,7,27849.57,26212.571428571428,24975,29648,23365,27498.714285714286,23455.428571428572,18661,21058.21
E05011175,Sutton Mere Green,5,25613.6,24797,23270.2,28169.8,20844,25132,23514.8,21363.2,22439
E05011176,Sutton Reddicap,6,15835.33,14970.666666666666,13111.333333333334,17232.666666666668,11926,12691.666666666666,18009.166666666668,24513.5,21261.33
E05011177,Sutton Roughley,6,30774.5,28456.166666666668,28800.333333333332,31165.666666666668,24251.166666666668,29509.5,23080,28156.333333333332,25618.17
E05011178,Sutton Trinity,5,23424.6,24607.2,23584,29460.6,18700.4,18516.8,27932.8,9834.6,18883.7
E05011179,Sutton Vesey,13,23962.92,23259.30769230769,21683.076923076922,27422.076923076922,19297.23076923077,21836.846153846152,29616.384615384617,11778.153846153846,20697.27
E05011180,Sutton Walmley & Minworth,12,24663.33,24457.666666666668,22727.416666666668,23488.75,19056.5,23793.416666666668,19025.083333333332,20724.416666666668,19874.75
E05011181,Sutton Wylde Green,6,26875.17,27050.666666666668,24705.166666666668,30078,20415.5,26867.5,28056.833333333332,13126.666666666666,20591.75
E05011182,Tyseley & Hay Mills,7,2127.14,1035.142857142857,2711.285714285714,3697.1428571428573,4583.142857142857,6499.857142857143,14283.57142857143,5347.285714285715,9815.43
E05011183,Ward End,6,1531.67,634.6666666666666,3027,1764,5899,7534,4411.166666666667,4663.833333333333,4537.5
E05011184,Weoley & Selly Oak,14,9156,7659.142857142857,7276.142857142857,11924.5,8309.57142857143,7986.714285714285,22780.214285714286,17796.071428571428,20288.14
E05011185,Yardley East,7,9809.14,8651.285714285714,9612.714285714286,10284.142857142857,9992.285714285714,11722.285714285714,16566.14285714286,10249.285714285714,13407.71
E05011186,Yardley West & Stechford,8,2814.25,1931.5,3031.75,4188.75,4495.375,7404.25,12120.875,7368,9744.44
E05011187,Bishopstoke,7,24057.14,24269.85714285714,22508.285714285714,19698.285714285714,21914.85714285714,18991.85714285714,14866.857142857143,28703.285714285714,21785.07
E05011188,Botley,4,24193,19540,24380.75,24384.75,21558.5,19427.5,13191,27754,20472.5
E05011189,Bursledon & Hound North,6,21618.67,20274.833333333332,21530.333333333332,18559.5,21487,13295.333333333334,16927.833333333332,24662.5,20795.17
E05011190,Chandler's Ford,7,30769,27726.428571428572,28780.285714285714,27406.428571428572,27047.14285714286,27688.285714285714,29411.85714285714,25042.14285714286,27227
E05011191,Eastleigh Central,6,16269.33,13327.5,15697.333333333334,14386.333333333334,18497.333333333332,9965.833333333334,18246.666666666668,21786.333333333332,20016.5
E05011192,Eastleigh North,6,22559.83,20896,21125,20412.666666666668,19798.833333333332,19996.333333333332,19269.666666666668,20362.666666666668,19816.17
E05011193,Eastleigh South,7,13268.71,11013.42857142857,13247.285714285714,11348,14046.857142857143,11738.142857142857,15162,22355.428571428572,18758.71
E05011194,Fair Oak & Horton Heath,7,28249.29,26159.285714285714,27663.714285714286,26340.714285714286,26180.85714285714,22584,12734.42857142857,29691.285714285714,21212.86
E05011195,Hamble & Netley,5,21787.4,20242.2,20777.6,19132.4,21346.4,17023,13038.4,27715.4,20376.9
E05011196,Hedge End North,7,27518.29,24934.428571428572,26377.14285714286,26386.714285714286,24749.14285714286,22659.85714285714,17433.571428571428,28245,22839.29
E05011197,Hedge End South,7,28291,26648.85714285714,26227,23638.571428571428,25154.714285714286,23715.571428571428,21672.85714285714,25266.714285714286,23469.79
E05011198,Hiltingbury,6,33328.83,32429.5,31869.333333333332,32668.5,31663.833333333332,30309.166666666668,24222.833333333332,30956.166666666668,27589.5
E05011199,West End North,3,24384.67,22315.666666666668,23828,20252.333333333332,22542,19020.666666666668,21240.666666666668,19938,20589.33
E05011200,West End South,4,27341.5,25663,23568.25,24929.25,24221.75,18662.5,28331.25,23799.25,26065.25
E05011201,Ashdown,3,14471,16101,13277.333333333334,13708.333333333334,14948.666666666666,17552,4155.333333333333,25059,14607.17
E05011202,Baird,3,4867.67,6414,5010,4219.666666666667,6073,6905.333333333333,1127,30067.666666666668,15597.33
E05011203,Braybrooke,3,8167.67,10601,7966,14923.333333333334,9450.333333333334,10971,2307.3333333333335,7585.666666666667,4946.5
E05011204,Castle,4,3427.25,6313.25,4891.25,6967.5,4846,3673.25,1618.5,3276,2447.25
E05011205,Central St Leonards,4,1872,4105.25,2090.25,5379.5,4500,2413.75,824,5494.5,3159.25
E05011206,Conquest,3,18410,20942.666666666668,19169,20449,14317,26562.666666666668,2142.6666666666665,30024,16083.33
E05011207,Gensing,4,4668.5,6292.75,4396.5,10949.75,5502.5,6428.75,1855.5,8143,4999.25
E05011208,Hollington,4,2165,3528.75,2401,1604,2592,7753.5,1056.75,26067,13561.88
E05011209,Maze Hill,3,10327,12868.333333333334,9029.333333333334,8530,7035,18449,6975.333333333333,22434,14704.67
E05011210,Old Hastings,4,11107.25,14692.75,12276.75,14226.5,11827.5,15703.75,4023.25,6328.75,5176
E05011211,Ore,3,5922.33,7939.333333333333,5999.333333333333,7564,7428.333333333333,8772.666666666666,1808,17058.333333333332,9433.17
E05011212,St Helens,3,19453,21942.666666666668,20870.666666666668,20621.333333333332,19428.333333333332,26620.333333333332,2083.3333333333335,23685,12884.17
E05011213,Silverhill,3,10885.33,13291.333333333334,12022,11790,11822.666666666666,13994.333333333334,3635.3333333333335,10781.333333333334,7208.33
E05011214,Tressell,3,4891.33,5801,5279.666666666667,6755,5780,9142.333333333334,1199.3333333333333,14017.333333333334,7608.33
E05011215,West St Leonards,3,10854.67,15403.666666666666,12730.666666666666,7699.333333333333,11292.333333333334,10483.333333333334,3836.3333333333335,17024.333333333332,10430.33
E05011216,Wishing Tree,3,4960.33,5770,4761,4756.333333333333,4434,9584.666666666666,2705.6666666666665,24504,13604.83
E05011217,Barnehurst,6,23367,22689,22525.666666666668,16845.833333333332,21468,21616.333333333332,24068.166666666668,16853.5,20460.83
E05011218,Belvedere,9,14219.56,12392,13699.666666666666,12763.222222222223,16717.222222222223,13718.333333333334,18481.444444444445,10506.222222222223,14493.83
E05011219,Bexleyheath,9,24038.11,22182.777777777777,22667.333333333332,21262,23496,18848.555555555555,30638,14220.222222222223,22429.11
E05011220,Blackfen & Lamorbey,10,27709.5,26670.4,26639.5,20609.5,26401.4,26758.4,25662.5,15386.4,20524.45
E05011221,Blendon & Penhill,10,28133.7,26710.9,27680.7,21807.3,27804.7,25428.3,29542.9,14744.4,22143.65
E05011222,Crayford,10,16531.5,15169.5,14981.9,15218.7,16105.7,14165.2,20394.3,15102.3,17748.3
E05011223,Crook Log,11,27567.09,25155.363636363636,24798.636363636364,23328.81818181818,24952,23630.545454545456,31788.636363636364,17353,24570.82
E05011224,East Wickham,10,22633.1,20842.4,21632.6,17237,23716.1,21426.8,24779.8,15504.1,20141.95
E05011225,Erith,8,11594.75,9746.25,11125,13054.5,13176,10142.5,12605.875,16833.875,14719.88
E05011226,Falconwood & Welling,10,25545.2,23147.9,24321.2,21170.4,25447.1,23293.6,26805.6,14487.7,20646.65
E05011227,Longlands,6,25730.67,24981.666666666668,25517.166666666668,23590.333333333332,21523,25244.166666666668,26648.166666666668,15005,20826.58
E05011228,Northumberland Heath,7,17776.57,16340.857142857143,17293.428571428572,12147.42857142857,19348.285714285714,16950.285714285714,21423.714285714286,14536.42857142857,17980.07
E05011229,St Mary's & St James,7,25918.71,25620.714285714286,24590,22473.85714285714,26082,22876.285714285714,26497.14285714286,16010.714285714286,21253.93
E05011230,Sidcup,9,21240.89,18910.88888888889,20048.333333333332,18859.333333333332,20233.222222222223,20338.555555555555,23715,15066,19390.5
E05011231,Slade Green & Northend,8,8765.88,7559.625,7983.875,11968.125,9852.375,8094.75,8586.875,18613,13599.94
E05011232,Thamesmead East,9,10091,7424.777777777777,9129.666666666666,15677,13213.222222222223,10850.111111111111,11139.333333333334,14136.111111111111,12637.72
E05011233,West Heath,9,27066.44,24918.222222222223,24584.444444444445,20461.222222222223,25810.11111111111,26322.222222222223,29263.333333333332,18945.333333333332,24104.33
E05011234,Aldborough,8,17484.38,12849.875,18033.5,19493.625,22430.625,17481.375,11508.125,14620.25,13064.19
E05011235,Barkingside,8,22213,16150.125,22082.875,22749.125,28034.375,20897.875,17305.375,14292.125,15798.75
E05011236,Bridge,7,20292.43,16538.85714285714,20123.714285714286,21664.428571428572,24863.571428571428,17163.285714285714,16377.285714285714,11004.285714285714,13690.79
E05011237,Chadwell,8,13991.12,9767.125,14954,19434.25,21820.75,18942,4168.5,16830.75,10499.62
E05011238,Churchfields,10,21809,19269.4,22343.4,26523.2,26427.8,20923.2,16492.6,8659.8,12576.2
E05011239,Clayhall,8,24866.62,19070.5,22979.25,23050.875,28814.375,21251.125,20792,17690.875,19241.44
E05011240,Clementswood,7,8093.14,4387.285714285715,11115.857142857143,9637.285714285714,20004.85714285714,11428.42857142857,7355.857142857143,7729.714285714285,7542.79
E05011241,Cranbrook,8,15220.62,12532.875,14264.625,18454.5,19996,15939.5,16649.625,11826.375,14238
E05011242,Fairlop,7,18327.71,14915.714285714286,20188.285714285714,18859.428571428572,25261.14285714286,17847.285714285714,7325.857142857143,15931.714285714286,11628.79
E05011243,Fullwell,9,18716,13472.333333333334,17031,20388.333333333332,23217.444444444445,20024.666666666668,15315.222222222223,17263.222222222223,16289.22
E05011244,Goodmayes,7,10498,7272,12311.57142857143,13429.857142857143,21070.428571428572,13108.714285714286,6238,8770.57142857143,7504.29
E05011245,Hainault,8,11768.12,9718.625,11281.25,13308.625,14724.25,15755.75,5687.5,17922,11804.75
E05011246,Ilford Town,7,9733.57,6128.142857142857,13242.142857142857,17767.428571428572,20628.285714285714,9910.285714285714,4160,9746,6953
E05011247,Loxford,9,6027,3234.8888888888887,8915.777777777777,11060,16373.444444444445,8376,5657.888888888889,7833,6745.44
E05011248,Mayfield,7,15153,10799.857142857143,16647.714285714286,14979.285714285714,26296.14285714286,16199.142857142857,9323.285714285714,12477.42857142857,10900.36
E05011249,Monkhams,6,30326.17,28920.5,29833.333333333332,30250.333333333332,32239.833333333332,28471,25533.5,11759.833333333334,18646.67
E05011250,Newbury,6,15699.5,9806.333333333334,16257.833333333334,18993.166666666668,24520,20536.5,10229.5,10580.333333333334,10404.92
E05011251,Seven Kings,8,11457,8365.5,14954,14518,21964.875,10986,4568,10349,7458.5
E05011252,South Woodford,6,26391.17,23609.833333333332,26527.166666666668,29302,30799.166666666668,24955.333333333332,20416.666666666668,10369,15392.83
E05011253,Valentines,7,13192.71,8192,15245.857142857143,18109.14285714286,20432.571428571428,14025.42857142857,10556,9008.714285714286,9782.36
E05011254,Wanstead Park,5,23690.8,20771.8,21952,29509,26052,19460.4,20713,10069.4,15391.2
E05011255,Wanstead Village,8,25167.62,23714.875,25541,29613.25,26354.875,19055.5,23598.875,8271.875,15935.38
E05011256,Alconbury,2,24883,27558,27191.5,26885.5,28784,29380.5,3595.5,19662,11628.75
E05011257,Brampton,4,25044.5,21545.75,22357.25,21892,27776,20382.75,12858,28749,20803.5
E05011258,Buckden,2,24773.5,22311,24915.5,24753.5,27867.5,25306,6744,21237.5,13990.75
E05011259,Fenstanton,3,26743.33,25376.666666666668,26360.666666666668,24436,29022.333333333332,25961,7655.666666666667,28090.333333333332,17873
E05011260,Godmanchester & Hemingford Abbots,6,23508.67,20817.333333333332,22059.166666666668,22472.666666666668,21496.833333333332,22012.666666666668,17299.166666666668,24675.166666666668,20987.17
E05011261,Great Paxton,2,26949.5,29780.5,30691.5,28583.5,31993,28107,4747.5,16970,10858.75
E05011262,Great Staughton,2,23933,31948,32288,22498,29973,30034,2012,9467.5,5739.75
E05011263,Hemingford Grey & Houghton,4,28587,28354.25,28235,26830.25,30853.25,26930.75,9081.25,25398.75,17240
E05011264,Holywell-cum-Needingworth,5,26223.2,25198.2,27523.4,22424.2,29830.8,27262.6,5261.2,28666.4,16963.8
E05011265,Huntingdon East,5,22743.4,22626.6,20557.4,15411.6,21612,19698,25256.4,23837.2,24546.8
E05011266,Huntingdon North,7,13586.29,12056,13633.857142857143,7753.428571428572,14589.285714285714,11570.42857142857,25580.85714285714,25372.85714285714,25476.86
E05011267,Kimbolton,2,23487.5,27329.5,28573,28743,32071,32102.5,3119.5,8795.5,5957.5
E05011268,Ramsey,6,18933.67,16903,17609.666666666668,17805,21095.833333333332,19351.166666666668,10633.833333333334,26083.333333333332,18358.58
E05011269,St Ives East,5,27063.4,24401.4,24596.8,18183.2,26250.2,27463.2,18282,30108.6,24195.3
E05011270,St Ives South,4,24550.75,22010.75,23158.75,19472.75,25643,19562.25,25447.5,18405.75,21926.62
E05011271,St Ives West,2,27728.5,24565.5,22337,23046.5,25896.5,24628.5,22273,27643,24958
E05011272,St Neots East,2,17954,12147.5,16458.5,20172.5,15162.5,11985.5,23711,31808.5,27759.75
E05011273,St Neots Eatons,8,25736.25,24223.875,23806,17768.875,24208,23794,23290.875,27825.875,25558.38
E05011274,St Neots Eynesbury,8,20580,18275.375,18019.375,13633.5,20536.5,16650.125,28181.375,25367.375,26774.38
E05011275,St Neots Priory Park & Little Paxton,6,28215.83,26130.166666666668,26261.666666666668,21865,28555.833333333332,26458,24255.333333333332,27623.333333333332,25939.33
E05011276,Sawtry,5,24063.4,23077,22919.6,19828.2,26355.8,22936.8,9714,26896.4,18305.2
E05011277,Somersham,2,24279.5,24192.5,25313,20003,28493,24626,6017,23800,14908.5
E05011278,"Stilton, Folksworth & Washingley",4,22713,24305,26546.75,24715,29263.25,21344,5043.75,15578.25,10311
E05011279,The Stukeleys,4,27631.5,25053.75,27545.75,21022.5,25790.25,28448,19417.25,27918.5,23667.88
E05011280,Warboys,5,20416.4,23178.2,21221.8,18538.4,25944.8,22045,3633.8,20470.8,12052.3
E05011281,Yaxley,6,20731,19448.5,17683.833333333332,14445.833333333334,20502.666666666668,20611.333333333332,17040.5,25940,21490.25
E05011282,Balsham,2,23096,26521,27063,29075,30989,31251.5,1420.5,13019,7219.75
E05011283,Bar Hill,3,28577.67,27832.333333333332,29599,27550.666666666668,31464,27907.666666666668,7171.333333333333,25960.666666666668,16566
E05011284,Barrington,2,24102.5,26400.5,28844.5,27593,32450,29897.5,2311.5,12466.5,7389
E05011285,Bassingbourn,2,20432.5,22790,22605,22085,29270,25207.5,4394.5,8354.5,6374.5
E05011286,Caldecote,1,28941,24362,30734,32346,33045,25115,7100,26205,16652.5
E05011289,Cottenham,4,23919.25,23101.25,24718.75,26615,29357.25,24400.75,4910.5,22950.5,13930.5
E05011291,Fen Ditton & Fulbourn,7,26011.14,23911.85714285714,24743.428571428572,25994.428571428572,27203.14285714286,24419,11962.42857142857,25200.285714285714,18581.36
E05011292,Foxton,2,27324.5,29154.5,28581,29461,32242.5,28129,6459,16591.5,11525.25
E05011293,Gamlingay,2,22026.5,24672.5,24814.5,18982.5,29396.5,25032.5,2658.5,18644,10651.25
E05011294,Girton,2,31709.5,31267.5,31756,32930.5,32745,30472.5,11744,27426.5,19585.25
E05011295,Hardwick,2,30435,27175.5,30508.5,29303,31316,29993,9000,32183,20591.5
E05011296,Harston & Comberton,6,27442.33,26946.166666666668,28430,30949.333333333332,30987.833333333332,24056.5,9264.666666666666,18200.333333333332,13732.5
E05011297,Histon & Impington,7,26186.43,22785.571428571428,23367.571428571428,27087,25912,21724,20286.428571428572,26313.428571428572,23299.93
E05011298,Linton,5,25574.8,24523.8,26792.8,26289,29339,28970.6,9022.8,17724.8,13373.8
E05011300,Melbourn,6,21861.83,22707.333333333332,21308.5,20265,26217.333333333332,22216.166666666668,8980.166666666666,20790.5,14885.33
E05011301,Milton & Waterbeach,7,24216.86,23282.14285714286,23685.85714285714,26957.285714285714,27496.428571428572,25059.285714285714,9067.857142857143,23778.571428571428,16423.21
E05011304,Shelford,5,29923.4,27968.6,28194.4,31471,30301.6,29861.4,16941.2,23125.6,20033.4
E05011305,Swavesey,2,29803,27493.5,30414.5,30395,31000,27220,10182.5,24290,17236.25
E05011306,The Mordens,2,19834,25128.5,25463,24753,31915.5,24116.5,1488,6367,3927.5
E05011307,Whittlesford,2,26780.5,28224,29932.5,29353,32054,32177,5315.5,13163,9239.25
E05011348,"Adderbury, Bloxham and Bodicote",6,26472.5,24625,27138.333333333332,21192.5,29538.5,26408.666666666668,9145.666666666666,26930,18037.83
E05011349,Banbury Calthorpe and Easington,6,28396,23446,26267.833333333332,20055.5,28111,26468.5,21793.166666666668,31488.166666666668,26640.67
E05011350,Ancoats & Beswick,10,13117.1,19586.6,20201.9,17738.7,3871.9,4419.9,17841.7,14979.9,16410.8
E05011351,Ardwick,10,5661.1,7035.8,9667.8,12777.1,2625.1,6113,2965.9,13129.9,8047.9
E05011352,Baguley,9,5343.78,6766.111111111111,4394,7172,1964.5555555555557,5819,19574.666666666668,20359.777777777777,19967.22
E05011353,Brooklands,8,10072.38,10658.25,8782,13033.5,5595,7797,17807.75,23070.25,20439
E05011354,Burnage,10,6330,5486.9,6574.7,10581.2,5511.7,6965,11614,14353.8,12983.9
E05011355,Charlestown,9,4209.11,4435.111111111111,4259.111111111111,7886.333333333333,3677.777777777778,3479.222222222222,5452.555555555556,20953.11111111111,13202.83
E05011356,Cheetham,11,4804.64,6066.818181818182,9427,7597.090909090909,4665.909090909091,6049.272727272727,2683,12009.181818181818,7346.09
E05011357,Chorlton,9,20012.44,22965.444444444445,22598.222222222223,30831.88888888889,14517.888888888889,16757.222222222223,17006.333333333332,5634.333333333333,11320.33
E05011358,Chorlton Park,9,12142.22,14099.222222222223,13061.333333333334,22895,7769,9901.888888888889,13485.444444444445,15387.888888888889,14436.67
E05011359,Clayton & Openshaw,11,2305.09,2873.4545454545455,3118.7272727272725,8184.454545454545,1960.090909090909,2941.7272727272725,1925.6363636363637,13345.272727272728,7635.45
E05011360,Crumpsall,8,3447.62,3586.75,5643,6288.375,5337.375,5149.875,1120.625,8849.5,4985.06
E05011361,Deansgate,8,19054.25,33098.25,31980.375,25880.625,8618.25,4367.25,18350.625,7377.625,12864.12
E05011362,Didsbury East,9,23906.33,24798.88888888889,24945,30744.88888888889,17828.88888888889,16926.444444444445,23710.555555555555,9763.666666666666,16737.11
E05011363,Didsbury West,10,25212.7,27527.9,27781.5,32096.7,15324,20590.1,21889.5,11294.4,16591.95
E05011364,Fallowfield,8,7134,10042.875,12517.25,10091.875,4770.5,5647,7036,9808.5,8422.25
E05011365,Gorton & Abbey Hey,10,1470.9,2235.2,2910.1,6098.8,3329.9,1897.3,462.4,6425.3,3443.85
E05011366,Harpurhey,10,1618.7,1997.3,2185.7,6595.7,1525.8,978,2862.5,12177.1,7519.8
E05011367,Higher Blackley,9,3345.67,4452,3917,6776.444444444444,3831.3333333333335,3144.3333333333335,2644,16351.222222222223,9497.61
E05011368,Hulme,9,12138,15248.666666666666,17085.222222222223,18371.444444444445,5283.333333333333,8759.888888888889,8937.333333333334,13527.666666666666,11232.5
E05011369,Levenshulme,10,4478.6,4515.5,7081,11061.5,6205.1,5601.2,7329.2,2728.3,5028.75
E05011370,Longsight,10,1968.6,1455.9,3738.2,5761.3,3992.9,5353,2064.5,12437.3,7250.9
E05011371,Miles Platting & Newton Heath,10,1739.1,3252,2493.2,4537.3,1248.5,2027,2928.9,13046.7,7987.8
E05011372,Moss Side,9,3264.33,3000.6666666666665,5211.888888888889,7583.777777777777,4116.666666666667,5682,2441,7934.333333333333,5187.67
E05011373,Moston,11,6612,7569.727272727273,6409.727272727273,9396.636363636364,4991.363636363636,6244.909090909091,11205.636363636364,12696,11950.82
E05011374,Northenden,9,7324.78,8357.444444444445,6318.333333333333,11572.111111111111,4345,6829,18601.555555555555,15365.333333333334,16983.44
E05011375,Old Moat,9,10485.44,12909.222222222223,14659.888888888889,18024,5139.888888888889,6961.111111111111,15233.222222222223,12647.444444444445,13940.33
E05011376,Piccadilly,7,14869.86,28912.428571428572,28647.14285714286,24493.428571428572,7096.571428571428,3356.1428571428573,12364.285714285714,7046,9705.14
E05011377,Rusholme,8,7562.62,11859.375,14769,12397.625,4921.875,6232.625,4026.75,7091.25,5559
E05011378,Sharston,9,5628.89,5997.666666666667,5175.111111111111,7746.777777777777,2947.3333333333335,6792.777777777777,12217,22394.333333333332,17305.67
E05011379,Whalley Range,9,7054.11,7717.111111111111,7889.666666666667,16894.11111111111,4707.888888888889,7843.666666666667,6788.666666666667,7518.666666666667,7153.67
E05011380,Withington,8,13865.62,16789.625,20189.25,19999.25,6640.375,7977.375,12805.5,11525.75,12165.62
E05011381,Woodhouse Park,9,3387.67,4204,2593,4731,1802.111111111111,5826.555555555556,12864.555555555555,21561.444444444445,17213
E05011384,Ardsley & Robin Hood,14,20424.57,21250.785714285714,20713.785714285714,19359.928571428572,17901.071428571428,13574.857142857143,17210.928571428572,17372.14285714286,17291.54
E05011385,Armley,14,5669.43,6866.785714285715,6427.571428571428,5705.928571428572,7032.571428571428,2929.214285714286,24989.285714285714,7304.928571428572,16147.11
E05011387,Bramley & Stanningley,17,9075.12,10088.117647058823,9314.529411764706,7952.823529411765,9927,4067.5882352941176,26373.764705882353,13168.117647058823,19770.94
E05011388,Burmantofts & Richmond Hill,14,2772.29,2968.285714285714,3489.5,3195.8571428571427,5659.5,2403.3571428571427,18972.071428571428,5666.857142857143,12319.46
E05011389,Calverley & Farsley,14,22257.79,21886.714285714286,22285,23341.85714285714,20063.5,16179.42857142857,28466.714285714286,11487.42857142857,19977.07
E05011390,Chapel Allerton,13,12719.92,12458,12700.461538461539,16473.23076923077,12140,8787.307692307691,27933.846153846152,8952.23076923077,18443.04
E05011391,Cross Gates & Whinmoor,15,15724.4,16234.4,15002.933333333332,13424.266666666666,12865.933333333332,8286.666666666666,30351.8,20128.466666666667,25240.13
E05011394,Gipton & Harehills,17,1886,1528.235294117647,3315.6470588235293,1462.3529411764705,7232.117647058823,1681.5294117647059,19660.235294117647,5925.588235294118,12792.91
E05011395,Guiseley & Rawdon,14,27105.43,26495,26311.285714285714,27583.85714285714,23723.071428571428,20867.35714285714,28270.928571428572,16051.92857142857,22161.43
E05011396,Harewood,12,28156.5,29824.666666666668,28962.5,29881,27929.666666666668,24832.75,8422.25,21944.666666666668,15183.46
E05011397,Headingley & Hyde Park,18,17541.78,25833.722222222223,28914.555555555555,18584.277777777777,10089.944444444445,9748.666666666666,26307.722222222223,2665.4444444444443,14486.58
E05011399,Hunslet & Riverside,17,10171.71,12652,13413.529411764706,9968.35294117647,8864.64705882353,7409.294117647059,20081.70588235294,6959.35294117647,13520.53
E05011400,Killingbeck & Seacroft,17,5673.29,6133.529411764706,5792.941176470588,4939.764705882353,6338.588235294118,1950.9411764705883,27642.235294117647,18444.352941176472,23043.29
E05011401,Kippax & Methley,14,18525.43,19482.35714285714,18561.285714285714,15436.42857142857,15896.285714285714,15695.857142857143,13771,19839.85714285714,16805.43
E05011402,Kirkstall,12,11481.42,12825,14268.833333333334,12897.5,10474.583333333334,7667.25,27292.75,9795.333333333334,18544.04
E05011403,Little London & Woodhouse,14,11038.21,15114.857142857143,19097.85714285714,13258.142857142857,6282.142857142857,8642.785714285714,18039.571428571428,5470.357142857143,11754.96
E05011404,Middleton Park,19,6295.37,6901.1578947368425,6366.789473684211,5520.315789473684,7360.684210526316,2293.8947368421054,16722.736842105263,18991.57894736842,17857.16
E05011405,Moortown,13,24858.62,21664.76923076923,21928.076923076922,27780.69230769231,22755.69230769231,19971.23076923077,31699.69230769231,14558,23128.85
E05011406,Morley North,15,21575.67,21692.933333333334,19506.2,20769.466666666667,17334.8,13977.266666666666,27319.666666666668,18564.066666666666,22941.87
E05011407,Morley South,13,19141.54,18627.846153846152,18306.30769230769,19286.923076923078,15423.538461538461,11541.153846153846,30402.846153846152,14572.923076923076,22487.88
E05011409,Pudsey,16,17285.38,16860.5,16962.5,18399.5,15419.8125,10517.375,28181.5,14137.3125,21159.41
E05011410,Rothwell,14,18238.43,18288.428571428572,16434.5,17122.5,16313.214285714286,10961.07142857143,20403.35714285714,19823.571428571428,20113.46
E05011411,Roundhay,16,23389.44,22067.5625,21624.875,26913.8125,22311.5625,14609.375,29621.875,13878.1875,21750.03
E05011413,Weetwood,14,22832.57,22089.785714285714,22156.785714285714,25844.785714285714,20627.214285714286,15405.5,28986.714285714286,14830,21908.36
E05011414,Wetherby,14,26551.71,26448.071428571428,25009.714285714286,26649.85714285714,22021.64285714286,23082.071428571428,19512,24750.785714285714,22131.39
E05011415,Audley,5,16458.8,19545,17378.2,16942,13592.2,20602,8878.4,10411.6,9645
E05011416,Bradwell,6,17187.5,18190,14126,14604.5,9998.5,20827.666666666668,26548,20753,23650.5
E05011417,Clayton,2,20110.5,18250,15685.5,18257.5,14299,23302.5,24943,24481,24712
E05011418,Crackley & Red Street,5,15916,15420.2,14367.8,12487.8,10801.8,17508,17725,22841.4,20283.2
E05011419,Cross Heath,4,10533.25,10934,8693,7617.5,6729.5,11365.5,26318.5,22593,24455.75
E05011420,Holditch & Chesterton,3,8324.67,7995.333333333333,7378.333333333333,5858,5251,15142.666666666666,22387.333333333332,17648.333333333332,20017.83
E05011421,Keele,1,29705,33381,33722,32427,29949,30894,6343,14077,10210
E05011422,Kidsgrove & Ravenscliffe,6,16380.67,16853,14116,13674.666666666666,10505.166666666666,18091.833333333332,23000.666666666668,21059.166666666668,22029.92
E05011423,Knutton,2,4393.5,4942,5134,913,4534.5,8536.5,18942.5,23173.5,21058
E05011424,Loggerheads,3,21572,25524.666666666668,24111.333333333332,25027.333333333332,19509.666666666668,25458,2677,19661.333333333332,11169.17
E05011425,Madeley & Betley,4,20126.5,21150.5,20551.5,20742,17597.25,26756.5,6747.75,16844,11795.88
E05011426,Maer & Whitmore,1,24560,30537,28801,29963,28332,27240,2487,10601,6544
E05011427,May Bank,5,23770.6,25206.6,21796.4,25559,14601,23144.8,32301.4,10249.6,21275.5
E05011428,Newchapel & Mow Cop,4,24293.75,26037.25,26379,21026.75,19068,23492.5,11028.75,22084.75,16556.75
E05011429,Silverdale,3,12019.33,13118.333333333334,10534.333333333334,9189.666666666666,7626.333333333333,14151.333333333334,20048.666666666668,19165.666666666668,19607.17
E05011430,Talke & Butt Lane,7,13317.14,14627.857142857143,12291.285714285714,10011.285714285714,8468.285714285714,15558.285714285714,14676.285714285714,23070.85714285714,18873.57
E05011431,Thistleberry,4,21066,19193,18153.5,21606.75,13263,19773.5,28028,25146.25,26587.12
E05011432,Town,3,8151.67,12338,9155.333333333334,13468.333333333334,3663.3333333333335,3465.3333333333335,27104.333333333332,6816.333333333333,16960.33
E05011433,Westbury Park & Northwood,3,28621,27569.333333333332,24386.333333333332,25506.333333333332,23298,27700.333333333332,19057.333333333332,29233,24145.17
E05011434,Westlands,5,23470.2,23512.2,20945.8,23070.2,17828.4,24744,23191.4,25410.6,24301
E05011435,Wolstanton,4,18142.5,20133.5,17825,19460.75,11914.25,17763,31937.5,7048.75,19493.12
E05011436,Arthur's Hill,8,7795.12,12247.875,14328.625,7713.875,5919.25,5807.5,9178.875,6526,7852.44
E05011437,Benwell & Scotswood,7,9109.71,8691.857142857143,8358.857142857143,6887.571428571428,6745.571428571428,9961.142857142857,22173.285714285714,17923,20048.14
E05011438,Blakelaw,6,3608.5,4414.333333333333,3082.8333333333335,2937.3333333333335,2512.8333333333335,5479.833333333333,16635.666666666668,19013.666666666668,17824.67
E05011439,Byker,7,1066.14,1961.2857142857142,1337.4285714285713,1904.5714285714287,596.8571428571429,635.5714285714286,18448.571428571428,11830.714285714286,15139.64
E05011440,Callerton & Throckley,7,12703.86,13000.285714285714,10942.714285714286,13133.714285714286,9430.857142857143,11457.857142857143,14656,22959.428571428572,18807.71
E05011441,Castle,9,23497,21613.222222222223,22606.666666666668,23562.88888888889,17930.222222222223,22982.666666666668,14543.888888888889,27505.666666666668,21024.78
E05011442,Chapel,7,26891.71,26287.428571428572,21398.285714285714,25557.428571428572,17620.285714285714,23593.85714285714,26448.85714285714,27485.571428571428,26967.21
E05011443,Dene & South Gosforth,6,29539.83,28967.833333333332,28168,31890.5,21350.666666666668,26846.5,32556,16119.333333333334,24337.67
E05011444,Denton & Westerhope,8,9563.75,9759,7434.625,8405.125,6981.125,9327.125,24880,20976.125,22928.06
E05011445,Elswick,9,1134.22,1046.3333333333333,1894,1663.6666666666667,3082.4444444444443,2594.5555555555557,9385.666666666666,11005.555555555555,10195.61
E05011446,Fawdon & West Gosforth,8,12251.38,13209.875,9805.375,14903.875,7883.5,12089.875,27140.375,15641.875,21391.12
E05011447,Gosforth,7,28985.71,30160.285714285714,28866.571428571428,32831.71428571428,26087.428571428572,24900,33158.28571428572,11948.285714285714,22553.29
E05011448,Heaton,7,18841,23064.85714285714,23140.85714285714,24679.85714285714,10159.57142857143,13262.857142857143,29706.285714285714,5109.857142857143,17408.07
E05011449,Kenton,7,10968.29,10549.42857142857,9661.285714285714,11027.42857142857,6994.857142857143,10970,22379.571428571428,21930.14285714286,22154.86
E05011450,Kingston Park South & Newbiggin Hall,7,8694.29,9138,7836.285714285715,8563.142857142857,6892.857142857143,7725,13916.857142857143,20764.714285714286,17340.79
E05011451,Lemington,7,11988.86,12010.714285714286,9324.42857142857,10175.42857142857,8876.285714285714,12313.42857142857,24367.85714285714,19277.428571428572,21822.64
E05011452,Manor Park,6,24011.33,23289.166666666668,21830,24014.666666666668,16162.166666666666,21577.166666666668,32397.833333333332,18919.166666666668,25658.5
E05011453,Monument,4,9546.25,22609.5,22179,17090.5,4730.25,2511.25,10955.5,7115.25,9035.38
E05011454,North Jesmond,6,27568.17,33114.5,33325.166666666664,30577.166666666668,20366.833333333332,21941.5,26381.5,6593.166666666667,16487.33
E05011455,Ouseburn,7,16489,22784.85714285714,25410.571428571428,18293.714285714286,7132.142857142857,10112.57142857143,20002,6562,13282
E05011456,Parklands,7,29226.71,27043.571428571428,27914,30987.428571428572,24687,24146.85714285714,28466.571428571428,22903.714285714286,25685.14
E05011457,South Jesmond,4,25577.25,29360,31770.5,29674.25,15696.75,21292.25,24008.75,5281.5,14645.12
E05011458,Walker,7,866.71,1159.4285714285713,619.1428571428571,1190.5714285714287,779.4285714285714,2824.285714285714,24043,19901,21972
E05011459,Walkergate,9,9043.78,10728.888888888889,7781.444444444444,6607,5678.777777777777,10455.222222222223,28086.11111111111,13953.777777777777,21019.94
E05011460,West Fenham,7,9835.14,9183.714285714286,9230.42857142857,9147.142857142857,7737,8732.142857142857,21182.714285714286,17185,19183.86
E05011461,Wingrove,6,9975.5,8227.333333333334,10469.833333333334,9261.833333333334,10689.833333333334,11157.5,19528.5,14034.833333333334,16781.67
E05011462,Addiscombe East,7,18521.71,16875,18193.714285714286,19343.571428571428,19851.714285714286,15638.857142857143,19098.85714285714,10613,14855.93
E05011463,Addiscombe West,9,12191,10340.444444444445,12190.444444444445,18199.666666666668,16081.111111111111,15315.333333333334,8246.777777777777,7798.666666666667,8022.72
E05011464,Bensham Manor,11,10888.91,8281.90909090909,10617.818181818182,13770.454545454546,16812.727272727272,13323.545454545454,11487.272727272728,7748.909090909091,9618.09
E05011465,Broad Green,11,7750.55,5607.363636363636,8874.545454545454,11520.818181818182,14780.727272727272,7586.454545454545,8333.818181818182,7635.090909090909,7984.45
E05011466,Coulsdon Town,7,26786.71,23996.428571428572,24280.714285714286,25762,25598.571428571428,26151.14285714286,23557.85714285714,18775.571428571428,21166.71
E05011467,Crystal Palace & Upper Norwood,9,15426.67,13665.888888888889,14334.111111111111,22754.444444444445,20074.11111111111,15480.111111111111,10215.777777777777,8575.444444444445,9395.61
E05011468,Fairfield,10,11309.5,8889.5,13899.3,18728.4,15916.5,5530.5,11427.1,8528.4,9977.75
E05011469,Kenley,7,25167.29,22482.571428571428,24110.428571428572,26385.285714285714,25374.714285714286,26223.85714285714,13067.285714285714,20209,16638.14
E05011470,New Addington North,7,4517.14,2993.8571428571427,4384.714285714285,5299.857142857143,8197.142857142857,12513.142857142857,3194.714285714286,22645.571428571428,12920.14
E05011471,New Addington South,7,6475.43,5392,6069.142857142857,6221,9284.57142857143,10451.42857142857,4895.571428571428,22253.85714285714,13574.71
E05011472,Norbury & Pollards Hill,7,14156,10088.714285714286,13942.714285714286,17547.285714285714,20516.14285714286,12533,15275,9135.285714285714,12205.14
E05011473,Norbury Park,5,17780.8,13169.6,16488.6,19056.8,24117.4,15072,22788.2,10791.8,16790
E05011474,Old Coulsdon,7,23471.86,21913.285714285714,20848.285714285714,23229.428571428572,22866.14285714286,21117.285714285714,17313.285714285714,20066,18689.64
E05011475,Park Hill & Whitgift,4,22299.25,18429.5,22781.25,28029.75,24714.75,19519.5,13418.25,12507.25,12962.75
E05011476,Purley & Woodcote,10,22438.3,20075.7,19509.3,26707.5,22956.5,20296.6,21077.9,13853.3,17465.6
E05011477,Purley Oaks & Riddlesdown,6,24531.83,20961.166666666668,22757.333333333332,26879.833333333332,27610.666666666668,25376.333333333332,22334.333333333332,11120.5,16727.42
E05011478,Sanderstead,9,30082.67,27771.555555555555,27471,27053.666666666668,28044.222222222223,29050.11111111111,25090.88888888889,24471,24780.94
E05011479,Selhurst,6,5454.67,5030.5,5264.666666666667,10643,8800.333333333334,4465.666666666667,11099.666666666666,5451,8275.33
E05011480,Selsdon & Addington Village,7,23196.29,21498.714285714286,20535.571428571428,21972.428571428572,22460.714285714286,22278.428571428572,21041.571428571428,20740.428571428572,20891
E05011481,Selsdon Vale & Forestdale,7,22748,19812.85714285714,19694,21877.428571428572,23278.428571428572,24539.14285714286,15389.857142857143,22202.14285714286,18796
E05011482,Shirley North,9,20430.22,17737.777777777777,17804.555555555555,20080.555555555555,22165,20802,13597.555555555555,17341.222222222223,15469.39
E05011483,Shirley South,6,21128.5,18267.833333333332,19021,21313.666666666668,24147.166666666668,19777.166666666668,17676.666666666668,19851.333333333332,18764
E05011484,South Croydon,10,16666.3,13843.7,15915.4,21778,18980.5,15824.7,16968.3,9280,13124.15
E05011485,South Norwood,10,9639.8,9450.5,9867.1,15978.5,14274.7,10276.7,5986.9,6966.1,6476.5
E05011486,Thornton Heath,10,9839,8485.1,10072.5,14365,14131.7,9772.8,7877.1,7169.1,7523.1
E05011487,Waddon,10,10809,9043.6,10465.5,15397.1,14819.4,10472.7,11997.4,10190.3,11093.85
E05011488,West Thornton,11,8906,6540.636363636364,9643.09090909091,12929.454545454546,15441,9167.272727272728,9836.09090909091,7072.454545454545,8454.27
E05011489,Woodside,10,11626.4,10405,10697.6,16590.5,16056.7,12085.5,10354,8218.8,9286.4
E05011508,Audley & Queen's Park,6,3610.67,2552.3333333333335,4668.5,3590.8333333333335,4707.5,10395.666666666666,12781.666666666666,10110.5,11446.08
E05011509,Bastwell & Daisyfield,5,2837,1744.4,4720.2,3142,5313.4,13425.4,6932.8,9386.8,8159.8
E05011510,Billinge & Beardwood,5,20043.4,17420,21069.6,20743.8,19207.6,23700.4,9125,21159,15142
E05011511,Blackburn Central,7,1290.86,1150.7142857142858,2174.1428571428573,1988.857142857143,2746,4306.571428571428,9716.857142857143,11042.714285714286,10379.79
E05011512,Blackburn South & Lower Darwen,5,18205.6,20768.6,18805.4,19438.2,13283.8,16554,11331.2,19637.2,15484.2
E05011513,Blackburn South East,5,3407.6,3611.2,2476.4,4444.4,2015.4,4988.8,13885.4,28254,21069.7
E05011514,Darwen East,7,2999.43,4992,3559.714285714286,3869.285714285714,2301.1428571428573,4217.428571428572,17330.571428571428,7059.142857142857,12194.86
E05011515,Darwen South,6,14007.83,16143.166666666666,13895.666666666666,14492.5,8994.5,16182.5,19829.833333333332,10131.833333333334,14980.83
E05011516,Darwen West,5,10517.2,13924.2,11359,12120.8,7876.4,8535.6,20810.8,8212.8,14511.8
E05011517,Ewood,5,5626.6,7842.6,6087.4,5921,3616,4068,15033.8,11070.8,13052.3
E05011518,Little Harwood & Whitebirk,5,5386,4073.6,6171.6,4219.6,7991.6,15634.8,12545.8,8983.6,10764.7
E05011519,Livesey with Pleasington,6,24409,25591.666666666668,22535.5,25374.666666666668,17165.333333333332,21346.166666666668,16337.5,21677,19007.25
E05011520,Mill Hill & Moorgate,5,2265.8,3000.8,2488.6,3040.8,2115.2,2621.2,15788.6,10897.8,13343.2
E05011521,Roe Lee,5,13247.6,11327.2,12825,16739,12157,16421.2,9441.8,13123.4,11282.6
E05011522,Shear Brow & Corporation Park,4,7620.5,7105.25,11894.25,8803.25,11837.5,13819.25,14716.5,864.5,7790.5
E05011523,Wensley Fold,5,3250.2,3165.4,4893.2,5149.2,3131.2,6850,14831.6,1577.4,8204.5
E05011524,West Pennine,5,22324,30591,29351,30290.6,24441.8,26639,3617.2,7050.2,5333.7
E05011525,Avenue,9,8744.22,11061.444444444445,10103.555555555555,14868.888888888889,9344.444444444445,5123.111111111111,21828.777777777777,3201.3333333333335,12515.06
E05011526,Beverley & Newland,11,13174.64,16078.818181818182,16832.090909090908,10960.636363636364,11057.636363636364,9721.181818181818,16809.636363636364,7939.454545454545,12374.55
E05011527,Boothferry,8,15146.5,15418.5,14978.875,13784.125,13196.875,13714.375,19243.875,12610.875,15927.38
E05011528,Bricknell,5,21195.8,19409.4,20795.4,20087,18257.2,17522.2,24543.6,13083.2,18813.4
E05011529,Central,7,2232.86,2391.1428571428573,2843.5714285714284,3545.1428571428573,2661.285714285714,4241.285714285715,13888.857142857143,6753.285714285715,10321.07
E05011530,Derringham,8,12193,12292.375,11923.375,9748.375,10191.125,12316.625,14739.625,16503.125,15621.38
E05011531,Drypool,7,8715.43,9743.285714285714,7752,10644,7417.714285714285,6226.571428571428,24981.428571428572,7930,16455.71
E05011532,Holderness,9,19793.33,20565.333333333332,20467.333333333332,14913.111111111111,16003.666666666666,19626.222222222223,25372.222222222223,11979.888888888889,18676.06
E05011533,Ings,6,12040,11912,10810.666666666666,10920.666666666666,8973.833333333334,7845.333333333333,23264.666666666668,21681.5,22473.08
E05011534,Kingswood,5,27709,27009.2,29521.6,27060,18172.2,16553.8,18933.6,31192.8,25063.2
E05011535,Longhill & Bilton Grange,8,5978.38,6418.25,5489.25,4675.125,5525.625,4527.875,16696.625,22123.125,19409.88
E05011536,Marfleet,10,1112.8,1625.8,1141.8,1133.6,2000.7,2794.7,11799.5,22241.2,17020.35
E05011537,Newington & Gipsyville,10,5120.1,5333.6,6040.5,3727.2,6141.6,3963.9,15335.9,11373.1,13354.5
E05011538,North Carr,10,5626,5029.5,5565.7,5599.7,5614,4177.4,11414.5,26683.2,19048.85
E05011539,Orchard Park,11,3141.55,3469.2727272727275,3144.090909090909,2865.4545454545455,3655.5454545454545,3102,10640.363636363636,22433.81818181818,16537.09
E05011540,Pickering,5,9550.4,9517.8,7775.8,8830.4,7684.4,8565,17354.6,20598.4,18976.5
E05011541,St Andrew's & Docklands,8,1272.5,2558.875,2030.75,2596.5,1983.625,1630.875,13380.375,7441.875,10411.12
E05011542,Southcoates,8,7912.38,8544.5,8528.5,5804.75,8401.875,5831.625,24483,11717.625,18100.31
E05011543,Sutton,9,14005,13692.666666666666,12832.888888888889,12032.111111111111,10523.111111111111,12063.888888888889,20397.777777777777,23464.88888888889,21931.33
E05011544,University,5,10586,12737.6,14751.6,8954.4,8634,9283.2,14855.2,14551.2,14703.2
E05011545,West Carr,9,9381.11,9859,8788.555555555555,6400.555555555556,8649.222222222223,7290.888888888889,16087.222222222223,22163,19125.11
E05011547,Horsforth,14,26886.86,26488.928571428572,26652.35714285714,29591.14285714286,25200.35714285714,21210.14285714286,30252,13562.142857142857,21907.07
E05011549,Otley & Yeadon,15,20748.87,20203.8,19052.8,20067.4,19061.4,18445.333333333332,26237.2,13918.2,20077.7
E05011552,Balderton North & Coddington,5,20354.6,19963.2,16910.2,18133.8,16647.4,19321.2,22998.2,19343.6,21170.9
E05011553,Beacon,4,19618.75,18101,18055.5,19440.5,18844.5,17499.75,27693.5,12325,20009.25
E05011554,Castle,2,13609,15144,11922.5,13335,9772,8013.5,26689,14389,20539
E05011555,Farndon & Fernwood,5,23742.6,23093,22830.8,23112,21515.2,23103,11335.8,25351.4,18343.6
E05011558,"Brasted, Chevening and Sundridge",4,24738.25,27876.25,28529.5,27448.75,31298.5,23940.25,7689.75,13663.25,10676.5
E05011559,Seal and Weald,3,22054.33,24284,25109,27699.666666666668,26305.333333333332,17343,6404.333333333333,13486.666666666666,9945.5
E05011561,Burwell,4,26638.5,25250,26258.75,24618,28770,25805.25,10158.5,23677,16917.75
E05011562,Downham Villages,2,21247,24488.5,25299.5,19390,27641.5,29150.5,2649.5,17905.5,10277.5
E05011563,Ely East,4,22459.5,19579,20410,21632.5,24970,18880.25,27410.5,16250.25,21830.38
E05011564,Ely North,4,28597.75,24639.5,29594.75,28844.25,26715.75,25248.75,18511,26187.75,22349.38
E05011565,Ely West,4,28109.75,24418.5,23132.25,27995,26637.25,23159.75,27304.25,26716,27010.12
E05011566,Fordham & Isleham,4,20981,20599.5,23766.25,21892.5,22704,27973,3212,21621.75,12416.88
E05011567,Haddenham,2,19810,23930,22595,21414,27494.5,25126,3040.5,7927.5,5484
E05011568,Littleport,6,17401.33,17264.333333333332,17696.166666666668,11829.166666666666,18706.666666666668,15530.333333333334,12263.666666666666,22096.666666666668,17180.17
E05011569,Soham North,3,23020,21786.666666666668,23459,15202,22412,24921.333333333332,10294.333333333334,25844.333333333332,18069.33
E05011570,Soham South,4,19282.25,18053.25,19257.75,13816,21046.25,18136,14676,18647,16661.5
E05011571,Stretham,4,19316,18839,22116.5,18830.25,25435.25,24444.75,3999.75,16204.25,10102
E05011572,Sutton,3,20841,24261.666666666668,23863,17794.333333333332,26311.666666666668,25557.666666666668,1974,23992,12983
E05011574,Devonshire,7,6606.14,6109.142857142857,6615.428571428572,8104.428571428572,7589,6271,24320,6782.714285714285,15551.36
E05011575,Hampden Park,7,6105.29,5858.285714285715,4702.428571428572,5516,5497.428571428572,9949.142857142857,11939.857142857143,26016.571428571428,18978.21
E05011576,Langney,7,8427.71,8402,6935.571428571428,6143.285714285715,7081.285714285715,11413.57142857143,12442.285714285714,28540.14285714286,20491.21
E05011577,Meads,6,17075.17,17531.5,13528.5,14870,14000.666666666666,16075.5,30471.5,18327.666666666668,24399.58
E05011578,Old Town,7,23590.43,19109.85714285714,18968,25882,18485.571428571428,22165.571428571428,31486.285714285714,23685.14285714286,27585.71
E05011579,Ratton,6,23052.5,22020.333333333332,18905,21403.166666666668,18112.5,23209,20171.666666666668,27516.833333333332,23844.25
E05011580,St Anthony's,7,15613.86,13850.714285714286,11415.42857142857,14619.142857142857,12143.285714285714,18408.85714285714,22375.428571428572,22543.714285714286,22459.57
E05011581,Sovereign,7,18939.29,17233.285714285714,15060.57142857143,14227.714285714286,16848.428571428572,25049.85714285714,16468.714285714286,27981.285714285714,22225
E05011582,Upperton,6,16705,14475.5,12478.833333333334,21761.166666666668,12271.5,16205.666666666666,31069.333333333332,13821.333333333334,22445.33
E05011583,"Chailey, Barcombe & Hamsey",3,18300.33,20574,22391.333333333332,22790.666666666668,23302.666666666668,26924,3866.6666666666665,5695.333333333333,4781
E05011584,Ditchling & Westmeston,1,30229,31178,32238,32276,32593,28773,10530,13369,11949.5
E05011585,East Saltdean & Telscombe Cliffs,5,22330.6,20089.4,19437.8,16535.6,20297.4,23882.4,15633.2,28426.4,22029.8
E05011586,Kingston,1,22050,24920,22438,26403,30404,24212,5329,7010,6169.5
E05011587,Lewes Bridge,3,20357,15989.333333333334,16285.333333333334,20202.333333333332,20699.666666666668,19385.666666666668,22881.333333333332,21181.666666666668,22031.5
E05011588,Lewes Castle,3,16715.33,15323,14960.333333333334,18414,17435.333333333332,15565.666666666666,23312.666666666668,17172.333333333332,20242.5
E05011589,Lewes Priory,5,22246,20141,18658.4,25085.6,19961.6,18875.6,27353.4,17075.4,22214.4
E05011590,Newhaven North,4,12840,12719.25,11523.5,9014.5,13810,12733.75,11853,24344.5,18098.75
E05011591,Newhaven South,4,6958,6794,5556,5954,10176.5,6707.25,13353,17421,15387
E05011592,Newick,2,26438.5,25713,27480.5,28735,29136.5,30364.5,5336,20972,13154
E05011593,Ouse Valley & Ringmer,4,18623.5,17512.75,16849.5,18810,22375.5,24046,8521,15133.25,11827.12
E05011594,Peacehaven East,3,13408.67,11960.666666666666,11047,7549.333333333333,12233,19120.333333333332,16955,28546,22750.5
E05011595,Peacehaven North,3,15590.33,12736.666666666666,12386,11406.333333333334,14853.666666666666,19226.333333333332,15741.666666666666,31711,23726.33
E05011596,Peacehaven West,3,13117.33,12143,10541,9838,12361,13713.666666666666,20351.333333333332,20380.333333333332,20365.83
E05011597,"Plumpton, Streat, East Chiltington & St John",2,23968,29311.5,27787,26652,28272,32032.5,4148,8347,6247.5
E05011598,Seaford Central,3,19401,16799.333333333332,15010.666666666666,19914,15930,20457.333333333332,27897.333333333332,17152.666666666668,22525
E05011599,Seaford East,3,22955.67,20483,18515,17769,19213,27437.333333333332,19090.333333333332,32445.333333333332,25767.83
E05011600,Seaford North,3,20344,18116.666666666668,15057.333333333334,16357.333333333334,17084.666666666668,25839.333333333332,16373.333333333334,32338.333333333332,24355.83
E05011601,Seaford South,3,21993.67,20402.666666666668,16115,22005.333333333332,16594,20699.333333333332,27379.666666666668,22213,24796.33
E05011602,Seaford West,3,27605.67,27752.333333333332,22288,22330.666666666668,22696.333333333332,32758.666666666668,15922.333333333334,28208.333333333332,22065.33
E05011603,Wivelsfield,1,28846,25574,27720,27657,29890,27497,8723,31271,19997
E05011604,Bexhill Central,3,6290,7517,4924.333333333333,9425.333333333334,6485.333333333333,6181.333333333333,16703.333333333332,7260.333333333333,11981.83
E05011605,Bexhill Collington,3,23881,26728,19528,20111.666666666668,16910.333333333332,30106,14680.333333333334,21247,17963.67
E05011606,Bexhill Kewhurst,3,22153,22098.666666666668,17076,19119.666666666668,19230,25542.333333333332,13550,26143,19846.5
E05011607,Bexhill Old Town & Worsham,3,16599,16222.666666666666,14036,12899.666666666666,11251,22388,17235.333333333332,21980.666666666668,19608
E05011608,Bexhill Pebsham & St Michaels,3,12740,14864.666666666666,9171.666666666666,11872.333333333334,10076.333333333334,18759,11233.333333333334,26240.333333333332,18736.83
E05011609,Bexhill Sackville,3,13104.67,15052.333333333334,9861.666666666666,15208.333333333334,8347.333333333334,14237.333333333334,19161.333333333332,14225,16693.17
E05011610,Bexhill Sidley,4,5553.5,7281.75,4405.75,5125.25,5481.25,8878.25,5188.25,23597,14392.62
E05011611,Bexhill St Marks,3,22438.33,25067.333333333332,19540.666666666668,18301.333333333332,18475,25364.666666666668,10146.666666666666,23107.666666666668,16627.17
E05011612,Bexhill St Stephens,3,16659,17737,12969,14364.333333333334,13746,15859,13851,23485.666666666668,18668.33
E05011613,Brede & Udimore,1,18661,23249,20421,16839,18124,29849,1179,28600,14889.5
E05011614,Burwash & the Weald,4,16148.5,24278.5,22161.25,22909.5,22564.75,29880.75,555,5963.75,3259.38
E05011615,Catsfield & Crowhurst,2,13396,23942.5,18415,17739.5,18122,24221.5,1028,3161,2094.5
E05011616,Eastern Rother,3,7936.67,14012.333333333334,10055,6241,13822,13584,885.6666666666666,8146,4515.83
E05011617,Hurst Green & Ticehurst,3,14177,19221.666666666668,19191.333333333332,15221.666666666666,22371,16208,984.3333333333334,13908.666666666666,7446.5
E05011618,"North Battle, Netherfield & Whatlington",2,13381,12705.5,11148,17296.5,12521.5,18121.5,5618.5,20887.5,13253
E05011619,Northern Rother,3,16567.33,21179.666666666668,18647,15088.666666666666,20858.333333333332,28300.333333333332,1962.6666666666667,14043,8002.83
E05011620,Robertsbridge,2,17367.5,19544.5,19777,14606.5,21552.5,25875,2623.5,14983.5,8803.5
E05011621,Rye & Winchelsea,3,9814.33,11775,11083.666666666666,6302.333333333333,13516.666666666666,14034.333333333334,5199,15004.666666666666,10101.83
E05011622,Sedlescombe & Westfield,3,13406.67,17981,14589,15700.666666666666,17340.333333333332,18742.666666666668,1350.3333333333333,16115.333333333334,8732.83
E05011623,South Battle & Telham,1,28715,29485,28028,28009,30224,26531,7109,24873,15991
E05011624,Southern Rother,3,13961.33,20456.666666666668,15764,12967,19088,25966,467.3333333333333,20769,10618.17
E05011625,Arlington,2,16451.5,25669.5,26419,13260,22456,27785.5,3452,2949,3200.5
E05011626,Buxted,2,24772.5,26771,27052,24592.5,30741.5,30964,4536.5,12865.5,8701
E05011627,"Chiddingly, East Hoathly & Waldron",2,17979.5,24889,22530,19446,26988,28818,3129.5,3471.5,3300.5
E05011628,Crowborough Central,2,23825,20388,21166.5,20877,20870.5,26589.5,18783,21491.5,20137.25
E05011629,Crowborough Jarvis Brook,2,20717,18796.5,21813,14116,22247,22841,8359.5,27925,18142.25
E05011630,Crowborough North,3,27611.67,23875.333333333332,24140.666666666668,21496.666666666668,29627,24227.666666666668,18652,28108.666666666668,23380.33
E05011631,Crowborough South East,2,30672,28283,28489,25676,29699.5,31340,16545.5,28623,22584.25
E05011632,Crowborough South West,2,23403.5,23550.5,23457.5,18265,25341,25904.5,10336,27923.5,19129.75
E05011633,Crowborough St Johns,1,31761,26895,31839,30263,32731,33354,12915,30875,21895
E05011634,Danehill & Fletching,3,21826.33,28073.666666666668,27239.333333333332,25878,31025.666666666668,28220.333333333332,3235.3333333333335,4233,3734.17
E05011635,Forest Row,2,23714.5,22162,24083,17450,30091,23384.5,9604,20133.5,14868.75
E05011636,Framfield & Cross-in-Hand,1,23836,29418,29443,28273,33193,32308,2779,5304,4041.5
E05011637,Frant & Wadhurst,4,24695.75,26511,27140,28318,30679.75,28593.5,3830.25,13699.75,8765
E05011638,Hadlow Down & Rotherfield,2,26958.5,28666.5,30317,29934.5,30728.5,30484,4876.5,12119,8497.75
E05011639,Hailsham Central,3,19713.33,17850.666666666668,17186.666666666668,14535,18495.333333333332,15928.666666666666,21499,24780,23139.5
E05011640,Hailsham East,3,6064.33,6305.333333333333,5426.333333333333,1862,9370.333333333334,10273,10225.666666666666,30766.333333333332,20496
E05011641,Hailsham North,1,28639,23999,24279,21057,25286,32033,20578,31968,26273
E05011642,Hailsham North West,2,23373,18649.5,19280,16119,25108,26646.5,15867.5,31828.5,23848
E05011643,Hailsham South,2,26232,23211,22460,19360.5,21988,24467,22711.5,27319,25015.25
E05011644,Hailsham West,3,17039,13926,14528.666666666666,11242,20232.333333333332,20285.333333333332,15986.666666666666,26808.333333333332,21397.5
E05011645,Hartfield,2,22884,26984,28533,24664,29107.5,30254,4058.5,5557,4807.75
E05011646,Heathfield North,3,23333.33,19076.666666666668,19245.666666666668,19447.666666666668,27622.333333333332,24278.333333333332,15926.333333333334,24761.666666666668,20344
E05011647,Heathfield South,2,30406.5,27369,29926,24043.5,30987.5,31896,13405,28764.5,21084.75
E05011648,Hellingly,3,15732.67,13012,15117.333333333334,12671.666666666666,18818,15499.666666666666,10311.666666666666,26986.666666666668,18649.17
E05011649,Herstmonceux & Pevensey Levels,4,16873.75,19966.25,19919.5,17871.5,23235.5,24539,4036,8071,6053.5
E05011650,Horam & Punnetts Town,6,21552.17,25943.5,27712.333333333332,22237.166666666668,29398.833333333332,27541.5,4169.333333333333,11943.166666666666,8056.25
E05011651,Lower Willingdon,2,28713,25297,25111.5,24086,28310,29977,15655.5,29490,22572.75
E05011652,Maresfield,2,20905.5,25021.5,24722,17982.5,30924,25165.5,4054,15251,9652.5
E05011653,Mayfield & Five Ashes,3,24088.33,24913.333333333332,24584,26018,28816.333333333332,31640.666666666668,6043.333333333333,11081.333333333334,8562.33
E05011654,Pevensey Bay,2,16289,20383,13309,10428.5,20105.5,26102,6190,18033,12111.5
E05011655,Polegate Central,3,24190.33,22514.666666666668,20744,20845,22076.333333333332,26629,11825,30316.333333333332,21070.67
E05011656,Polegate North,2,19442.5,16571,16944,19501,19393,18807,14775,17786,16280.5
E05011657,Polegate South & Willingdon Watermill,3,19332.33,18602.333333333332,14972.333333333334,14640.666666666666,18396.666666666668,22705,13068.666666666666,28224.666666666668,20646.67
E05011658,South Downs,2,23275,28330,21842.5,24199.5,29274,29839.5,4852,11021,7936.5
E05011659,Stone Cross,2,23003,19256.5,18606,19027.5,25542,24199,11821.5,30577.5,21199.5
E05011660,Uckfield East,2,27426.5,22416.5,24670.5,18979.5,26786,28356,19537,31057.5,25297.25
E05011661,Uckfield New Town,5,25383.6,22275.6,22430.8,22082.2,23614.8,22365.6,22536.2,26567,24551.6
E05011662,Uckfield North,2,18602,15140.5,15567.5,11995.5,18172.5,25591.5,16615,28373,22494
E05011663,Uckfield Ridgewood & Little Horsted,1,28371,22547,25559,25392,30415,26536,12863,33124,22993.5
E05011664,Upper Willingdon,2,26528,23002,23264,21296.5,24823,30797,18581.5,29569,24075.25
E05011665,Withyham,2,26009,29781,29306.5,29524.5,31187,31625.5,4206.5,9631.5,6919
E05011666,Chichester Central,1,20604,21854,20885,21005,16313,7572,31392,11507,21449.5
E05011667,Chichester East,4,12309.25,12297.5,11952.75,10353,10138.25,8774.25,21918.75,17098.75,19508.75
E05011668,Chichester North,4,23732.25,21926.5,22492.25,21209.25,21880.75,20417.25,18421.5,27752.5,23087
E05011669,Chichester South,4,18893,15889,16886.75,17046,15969.5,17674.5,25316.75,20554,22935.38
E05011670,Chichester West,4,21471.5,17815.5,18788.75,21589.25,19953.75,21641.75,22989,25807.5,24398.25
E05011671,Easebourne,3,21656,25535.333333333332,25727.666666666668,22906.333333333332,24627.333333333332,29192.666666666668,6795.666666666667,9699,8247.33
E05011672,Fernhurst,4,23820.75,28433.75,28351,26460.25,23628.75,27501,6345.25,12296.5,9320.88
E05011673,Fittleworth,3,18726.33,27828,28554,21831.333333333332,27770.666666666668,29881.333333333332,1913.6666666666667,2318,2115.83
E05011674,Goodwood,2,15884,17315.5,19776.5,16328.5,21045,22007,4353,12824.5,8588.75
E05011675,Harbour Villages,5,26469.6,25194.2,25321.2,26882.8,26164.6,26308.6,9404.2,23077.4,16240.8
E05011676,Harting,2,15746,24067.5,24068.5,21585.5,26032.5,28598,1708,1143,1425.5
E05011677,Lavant,2,14722,15586,18804.5,15038.5,21979,22938.5,1959.5,13042,7500.75
E05011678,Loxwood,5,19332.6,25442.8,28423.6,22569,27399.2,28747.8,1205,6707.6,3956.3
E05011679,Midhurst,4,21054.75,20261,22414,18470.5,25915.5,25202,9539,16020.25,12779.62
E05011680,North Mundham & Tangmere,5,15216.8,14423.6,19088.6,11495.6,20301.2,20410,3357,23252.2,13304.6
E05011681,Petworth,2,15655,17244,20102.5,16883,18772,25366.5,6679,7709,7194
E05011682,Selsey South,4,15609.5,19651.75,15198,9594.75,13534,18664.25,7457,26296.5,16876.75
E05011683,Sidlesham with Selsey North,4,15859.5,17210.75,16896.5,10028,16572.75,22620.5,7071.75,25210.25,16141
E05011684,Southbourne,5,23234.2,21523.6,22616,17538,23460,25358.4,14950.6,25948.8,20449.7
E05011685,The Witterings,6,20474.67,19208.666666666668,18564.833333333332,14972.5,22008.5,25407.166666666668,9170.166666666666,25801.666666666668,17485.92
E05011686,Westbourne,2,15088.5,20294,21304,18468,24671.5,19926.5,4509,9550.5,7029.75
E05011701,Cholsey,6,26811.67,24447.5,26530.666666666668,24298.333333333332,30545.666666666668,28942.166666666668,8575.5,24211.166666666668,16393.33
E05011702,Didcot North East,6,30689.83,26971.166666666668,28905.166666666668,26490.333333333332,30735.166666666668,27775.833333333332,19034.833333333332,30071.333333333332,24553.08
E05011703,Didcot South,8,23403.12,19200.5,21254.625,14861.875,25307.125,18910,28791.75,28901.125,28846.44
E05011704,Forest Hill & Holton,3,23930.33,28901.333333333332,28415.333333333332,22842,32825.333333333336,19886,7604,6993.333333333333,7298.67
E05011705,Haseley Brook,2,21243.5,24187.5,25730.5,22691.5,29888.5,27902.5,2803,8593.5,5698.25
E05011707,Kidmore End & Whitchurch,2,27945.5,31138,31035,31253,32683.5,28786.5,4989,14569.5,9779.25
E05011708,Sandford & the Wittenhams,3,24988,29205.666666666668,28737.333333333332,23301.666666666668,28174.666666666668,28045.666666666668,6943,10959.666666666666,8951.33
E05011710,Wallingford,5,26659.4,24439.6,23066.8,23687.2,26575.6,23234.4,25306.8,25229.8,25268.3
E05011711,Wheatley,3,29260.33,28061.666666666668,27957.666666666668,26585,29153.666666666668,26648.666666666668,14524.666666666666,23988,19256.33
E05011713,Blewbury & Harwell,6,26550.33,23224.166666666668,26463.666666666668,25659.833333333332,28623.666666666668,25924.5,13105.5,23618,18361.75
E05011714,Cumnor,3,30322.33,28603.666666666668,27918.333333333332,26951,31050,29847.666666666668,16732.333333333332,27276.333333333332,22004.33
E05011715,Drayton,2,25349,23440,23364,19504,27545.5,24799,10397.5,29095.5,19746.5
E05011717,Sutton Courtenay,2,23401,21865,22302.5,20185,28945.5,31054.5,4775,28535.5,16655.25
E05011718,Thames,2,26329.5,28824.5,31663.5,27741.5,32747,31438,5461,8697,7079
E05011719,Wootton,2,25715.5,25081.5,24407.5,21167,28443,27391,8331.5,28172,18251.75
E05011743,Aylesford & East Stour,4,10700.75,9368,10707,12712.25,12466.5,7679.75,6262.75,27415,16838.88
E05011744,Beaver,5,8104,7707.6,8422.2,4233.4,12496.6,6543.2,8909,28220,18564.5
E05011745,Biddenden,2,14320,22025.5,20362,15903.5,24030,22340.5,1026.5,12533.5,6780
E05011746,Bircholt,2,18982.5,24443,23740,21561.5,25509,22827.5,1175.5,12521,6848.25
E05011747,Bockhanger,3,9298.33,8771.333333333334,7410,8603,11589.666666666666,8270,9578.333333333334,24533.333333333332,17055.83
E05011748,Bybrook,2,25749,23741.5,22767.5,20603,26156.5,18112,20817,23366,22091.5
E05011749,Charing,2,12117,15387,11930,15781.5,15805.5,16021,5675,9534.5,7604.75
E05011750,Conningbrook & Little Burton Farm,1,21615,16456,19614,19702,23430,19640,10576,32099,21337.5
E05011751,Downs North,2,13455.5,19274.5,17902.5,17857,22919.5,21321,382,8567,4474.5
E05011753,Furley,3,15186.33,13223,13124.333333333334,12620.333333333334,18553,12176.333333333334,19355,17367,18361
E05011755,Godinton,1,23725,17383,21941,17855,25025,27284,14989,26945,20967
E05011756,Highfield,2,29658.5,28224,29004.5,25088,24734,23248,17212.5,29064,23138.25
E05011757,Isle of Oxney,2,10796,19347.5,16686,10169.5,24303,23416,148.5,3077.5,1613
E05011758,Kennington,1,28363,27696,24484,26270,23577,20250,20974,24799,22886.5
E05011759,Kingsnorth Village & Bridgefield,1,17330,13739,18356,17593,14247,15393,8227,32242,20234.5
E05011760,"Mersham, Sevington South with Finberry",2,20451,21591.5,22724,19460.5,23009.5,19053.5,5388.5,21459,13423.75
E05011761,Norman,2,9916,9859.5,9216,7795,12361,8595.5,13900,17607.5,15753.75
E05011762,Park Farm North,2,29335,25522,25964.5,26445,23381.5,26980,19401,32932.5,26166.75
E05011763,Park Farm South,1,24715,17496,24444,18722,28123,15630,18711,33488,26099.5
E05011764,Repton,2,25894,19749,23908,25407,23764.5,17511.5,17814,32541.5,25177.75
E05011765,Rolvenden & Tenterden West,2,18302.5,22565,19262,16434.5,23623.5,28048,3170,10593,6881.5
E05011766,Roman,2,30119.5,27770,31744.5,23507,27141.5,22174.5,16397,33255.5,24826.25
E05011767,Saxon Shore,1,16178,26938,25219,21469,26626,24443,717,2111,1414
E05011768,Singleton East,1,19810,18116,19844,17269,19640,13341,8277,31729,20003
E05011769,Singleton West,1,22385,18182,23989,22087,18390,22475,6993,33283,20138
E05011770,Stanhope,2,2380.5,2411,4072.5,433.5,7430,1179,6359.5,29931,18145.25
E05011771,Tenterden North,1,20319,19136,19271,14490,27186,15996,10195,20625,15410
E05011772,Tenterden South,2,14397,15076,13053.5,8218.5,19838.5,19683,7416,22482.5,14949.25
E05011773,Tenterden St Michael's,2,23206,23397,23131.5,16060.5,22922.5,22681.5,8311,27673.5,17992.25
E05011774,Upper Weald,2,11430,16514.5,13334,11152.5,21131,10852,2229,6579,4404
E05011775,Victoria,4,10930.25,11001,12490.25,11818.25,13904,4841.25,13890.25,15231.25,14560.75
E05011776,Washford,2,16691,13387.5,15032,15700,19541,12860.5,10842.5,33180.5,22011.5
E05011777,Weald Central,3,15750,19083.666666666668,17974.333333333332,11980.333333333334,23733.333333333332,16176,3487.3333333333335,15842.333333333334,9664.83
E05011778,Weald North,2,16966.5,25072.5,23163,19757.5,26340,25226.5,689,6165.5,3427.25
E05011779,Weald South,3,15242,21505.333333333332,16919,14857.333333333334,21761.333333333332,20985,2583,7757,5170
E05011780,Willesborough,4,18743.75,18465.75,17305.25,15701.5,17951.5,13822.25,16712.75,21948.25,19330.5
E05011781,Wye with Hinxhill,2,19608.5,21168.5,19046,24897.5,21994,20234,5575,16199.5,10887.25
E05011782,Axminster,5,15444.2,15740.8,13482.4,14397.6,17264.4,20897.4,9029.8,20471,14750.4
E05011783,Beer & Branscombe,2,23441.5,24446.5,21849.5,21640.5,25496.5,29869.5,10263.5,17020.5,13642
E05011784,Broadclyst,4,20652,19209.5,22682,22140.75,21512,25980.25,8638.5,18800.75,13719.62
E05011785,Budleigh & Raleigh,5,22886.8,24965.4,21700.8,21123.6,21871.8,30216.4,8150.8,18231,13190.9
E05011786,Clyst Valley,1,25785,28944,27764,25532,29974,32383,6437,8660,7548.5
E05011787,Coly Valley,3,20724.67,24604.333333333332,24671.666666666668,22692.666666666668,27208.666666666668,32301.333333333332,5878,11164.333333333334,8521.17
E05011788,Cranbrook,4,17883.75,14909,20715.5,15736.25,16052.25,21061.75,5117.5,31788.25,18452.88
E05011789,Dunkeswell & Otterhead,2,15552.5,24584,24503,22444,26937.5,31935.5,580.5,3201,1890.75
E05011790,Exe Valley,1,18350,23964,24462,23184,27038,31226,1092,5142,3117
E05011791,Exmouth Brixington,5,19367,19418.2,17855,13440.2,18722,25340.2,8914.6,29745.4,19330
E05011792,Exmouth Halsdon,5,24023.6,23214,21209.8,19615.4,21531.8,28520.2,12813.6,28116,20464.8
E05011793,Exmouth Littleham,4,20458.75,19742.25,16767.75,17733.5,16957.5,22240.5,17289,26514.75,21901.88
E05011794,Exmouth Town,4,12911.5,14426.5,12561.5,10113.5,14434.75,14385.75,26178.75,5659,15918.88
E05011795,Exmouth Withycombe Raleigh,3,17698.33,17532.333333333332,15823.666666666666,12461,17413.333333333332,23327.666666666668,10902,23409.666666666668,17155.83
E05011796,Feniton,2,21649.5,24317,24867,25295,24639,31099.5,2087,16086,9086.5
E05011797,Honiton St Michael's,5,21608,18667.8,19461.4,14844.4,20899.4,25855.4,16488.8,28154.2,22321.5
E05011798,Honiton St Paul's,3,18073.67,17427.666666666668,12671.666666666666,15401,15587,22115,21898,20725,21311.5
E05011799,Newbridges,2,16814.5,26003.5,22743.5,23433,25185.5,30352,2222,1986,2104
E05011800,Newton Poppleford & Harpford,1,22275,23732,21834,21145,25370,29981,2641,25921,14281
E05011801,Ottery St Mary,5,23412.2,23724.2,23151,25524.8,25624.6,28663,5202.6,21786.6,13494.6
E05011802,Seaton,4,22418.5,21291.25,17444.5,18532.5,19221,28400,16746.75,24725.75,20736.25
E05011803,Sidmouth Rural,1,25135,27779,25830,27981,26642,31474,6881,8994,7937.5
E05011804,Sidmouth Sidford,4,20128,18102.5,15284.25,18090.75,21049.75,26007.5,11680,25768.25,18724.12
E05011805,Sidmouth Town,3,27575.33,27388.666666666668,24183,27042.333333333332,25665.666666666668,30531.666666666668,16861.333333333332,16411.666666666668,16636.5
E05011806,Tale Vale,1,18686,29311,25660,28706,23338,32882,540,4385,2462.5
E05011807,Trinity,1,22729,26741,26153,28297,31601,31864,2907,6044,4475.5
E05011808,West Hill & Aylesbeare,1,27813,30887,28892,31714,31544,32501,2747,22005,12376
E05011809,Whimple & Rockbeare,2,15586,20721,21265.5,22968,17865,28092.5,1831,7630.5,4730.75
E05011810,Woodbury & Lympstone,3,25805.33,26833.333333333332,26604.333333333332,25908.666666666668,27982.333333333332,31712.666666666668,4873,21131.666666666668,13002.33
E05011811,Yarty,2,19094.5,28134,29104.5,25635.5,29511.5,33127,1174.5,3062.5,2118.5
E05011812,Billingshurst,5,25821.4,21922.8,24621.4,23134.2,27640.4,19767,14052,28869.8,21460.9
E05011813,"Bramber, Upper Beeding & Woodmancote",3,23534.67,24213,25048,22687.333333333332,29926.333333333332,30975,5766.666666666667,13463,9614.83
E05011814,Broadbridge Heath,4,28604.5,23996,27053.25,26256.75,29053,22254.5,17939.75,29915.25,23927.5
E05011815,Colgate & Rusper,4,23995,22171.25,27553.75,22364.75,29122,18764,8979,17555.25,13267.12
E05011816,"Cowfold, Shermanbury & West Grinstead",4,21804.25,25537.75,29348.5,23125.5,29584.75,28940.5,2867.25,9117.75,5992.5
E05011817,Denne,6,24105.83,20880.333333333332,21346,23999.666666666668,22658.5,16731.166666666668,25345.666666666668,25172.666666666668,25259.17
E05011818,Forest,5,25989.2,22257.6,23419.8,24307.4,25375.2,23073.6,27112.8,23528.8,25320.8
E05011819,Henfield,3,22803.67,20756.666666666668,21041,18948,27975.333333333332,23490.333333333332,9839.666666666666,23414,16626.83
E05011820,Holbrook East,4,30692.5,27530,28084.5,29664.25,27914.5,28288.25,24093,30158.75,27125.88
E05011821,Holbrook West,5,27243.8,25987.8,23083,28519.2,24950.8,26242,22221.6,23230.4,22726
E05011822,"Itchingfield, Slinfold & Warnham",3,21097,24682.333333333332,24919,23161.666666666668,27509.333333333332,25672.333333333332,3842.6666666666665,7067.333333333333,5455
E05011823,Nuthurst & Lower Beeding,2,23754,29421.5,29564.5,27708.5,33018.5,29787,3334.5,5064,4199.25
E05011824,"Pulborough, Coldwaltham & Amberley",5,20967.4,23099.6,23994.8,17423.2,27803.6,20599,8459.8,12932,10695.9
E05011825,Roffey North,4,26985.75,23981.75,23166,23668.25,26811.5,23192.25,25303.5,25047,25175.25
E05011826,Roffey South,4,24643.5,21305.5,21012.25,24050,23107.5,21551.5,20460,25924,23192
E05011827,Rudgwick,2,26796.5,29764,31638,29889.5,32464.5,31333.5,2834,15313.5,9073.75
E05011828,Southwater North,4,31402.25,30099.25,31552.25,29056,31362,31062.5,14892.25,27378.25,21135.25
E05011829,Southwater South & Shipley,4,26937.75,23909,26253.75,23912.25,29344.25,23739,13005,26499.5,19752.25
E05011830,Steyning & Ashurst,4,26312.25,25627.25,26514.5,23887,29922.25,27831.75,9417.5,19993.25,14705.38
E05011831,Storrington & Washington,5,23052.4,22177.2,23093,18059,27919,23118.4,9638.4,24981.6,17310
E05011832,Trafalgar,4,30364.25,26702.5,28563.25,31072.5,28385.25,27568.25,29130.5,21907.5,25519
E05011833,"West Chiltington, Thakeham & Ashington",5,28173.8,28830,30989,24731.2,32474,30827.4,5494.8,22902.8,14198.8
E05011834,Bacton,2,10709.5,17078,13200,9631,14874,23180.5,1298,6622,3960
E05011835,Beeston Regis & The Runtons,2,17216,20495.5,17258,14497.5,22924.5,23668,5190,9334,7262
E05011836,Briston,1,11647,14940,14131,5574,19386,22124,3869,7173,5521
E05011837,Coastal,2,13201,21155.5,18365,10316.5,22972.5,29983.5,2540,1774.5,2157.25
E05011838,Cromer Town,4,11762.5,14170.5,9949.75,8431,11477.25,15323.25,18326.5,14664.25,16495.38
E05011839,Erpingham,1,16487,24405,22572,19791,28412,31088,1388,2096,1742
E05011840,Gresham,1,10664,16953,16087,6748,21540,26465,775,3595,2185
E05011841,Happisburgh,1,11314,19655,16659,12466,18392,23133,720,2252,1486
E05011842,Hickling,2,15028,22487.5,17520.5,11549.5,18306.5,28502,3040.5,6005,4522.75
E05011843,Holt,2,16871.5,16577.5,14070,7988.5,21422,23543.5,11635,24739.5,18187.25
E05011844,Hoveton & Tunstead,2,15229.5,18702,16443,10206.5,20097,27538,5794.5,15028.5,10411.5
E05011845,Lancaster North,2,19102.5,18335.5,17217,11280,18666,19556.5,20682.5,20313,20497.75
E05011846,Lancaster South,3,14069.33,16010.333333333334,11317.666666666666,7221.333333333333,11170.333333333334,22875.666666666668,19669.333333333332,23736.333333333332,21702.83
E05011847,Mundesley,2,12290,15859,10510,10158.5,12001,22165,3977.5,19047,11512.25
E05011848,North Walsham East,4,13104.75,12780.75,9858.25,9357,11101,17901.5,17974,24837.25,21405.62
E05011849,North Walsham Market Cross,1,20917,23912,15024,12683,15984,31260,13894,28377,21135.5
E05011850,North Walsham West,4,15985.25,14239.5,12252.5,11154,13982.75,24115.5,16862.5,26478.5,21670.5
E05011851,Poppyland,2,15020.5,21987,12659.5,12145,18861.5,28214.5,3726,10060.5,6893.25
E05011852,Priory,1,13157,18969,17553,13936,22498,29861,1058,3086,2072
E05011853,Roughton,1,14489,18429,17322,10880,22704,27527,3041,5213,4127
E05011854,St Benet's,1,18784,24046,16825,22603,22545,31220,3108,9003,6055.5
E05011855,Sheringham North,1,14131,17060,13266,11346,15961,15134,21758,4047,12902.5
E05011856,Sheringham South,3,21073.33,19703,16930,15287,18874,27412,17459.666666666668,22214.333333333332,19837
E05011857,Stalham,4,10868.25,12044,10690.5,8059.25,15034,20930.5,10100.75,7442.25,8771.5
E05011858,Stibbard,1,12692,16191,17250,6974,18795,25134,1719,10490,6104.5
E05011859,Stody,1,9654,18038,18060,6160,19414,25924,696,1272,984
E05011860,Suffield Park,2,13561.5,14075.5,11141.5,11127,10611,24475,15859,12583.5,14221.25
E05011861,The Raynhams,1,12152,18434,16808,8420,19057,25355,1906,3579,2742.5
E05011862,Trunch,2,15533,21560.5,18618,15460,21369,24486.5,1876,7562.5,4719.25
E05011863,Walsingham,2,12371.5,16356.5,17164,9890,20648,24924,3230.5,3320,3275.25
E05011864,Wells with Holkham,2,12272,13177.5,12570,6985,15493.5,19575.5,11691.5,8520,10105.75
E05011865,Worstead,2,16613.5,20115,24071.5,16139,19130,30315.5,2105,6424,4264.5
E05011866,"Beck Vale, Dickleburgh & Scole",4,17156.75,21000.25,19209,15641.5,24354.5,26049,4580,6219.75,5399.88
E05011867,Bressingham & Burston,3,16485,25163,21056,17313.333333333332,26313.666666666668,27627,1341,4253.666666666667,2797.33
E05011868,Brooke,3,22966.33,27960.333333333332,25968.333333333332,28160.333333333332,27882.333333333332,32318.333333333332,4076.6666666666665,5839.333333333333,4958
E05011869,Bunwell,2,16570,21875,20173,15069.5,24946,28632,1837.5,7515,4676.25
E05011870,Central Wymondham,3,21912.67,20579,16999,20065.333333333332,20239.666666666668,22443.333333333332,22197.333333333332,25853,24025.17
E05011871,Cringleford,3,28617.33,23536.333333333332,25956.333333333332,29878,27346.666666666668,26915.333333333332,18847.666666666668,26368.333333333332,22608
E05011872,Diss & Roydon,7,20061.86,18536.85714285714,16927.285714285714,11217.142857142857,22314.428571428572,21593.428571428572,21062.571428571428,24279.571428571428,22671.07
E05011874,Easton,1,22777,19871,22806,17537,23957,27109,8703,22872,15787.5
E05011875,Forncett,1,20728,26728,25982,17799,31190,31063,1727,8365,5046
E05011877,Hempnall,2,22649,27367,25598,22081.5,26896,29737.5,4329,9533.5,6931.25
E05011878,Hethersett,5,23982.8,20160.6,20892,21335.2,23993.4,25170.4,14418.6,28647.4,21533
E05011879,Hingham & Deopham,2,17947.5,20765,19143.5,18176,24226,24918.5,6406,6424,6415
E05011880,Loddon & Chedgrave,4,17460.5,18086.25,16155,15723,22719.75,21707.75,9023.5,15770,12396.75
E05011881,Mulbarton & Stoke Holy Cross,5,24795,24666.4,23732.8,23193.6,26768.6,30509,6577.6,21790.4,14184
E05011882,New Costessey,3,26588.33,26117,21841.666666666668,16583,24162.666666666668,24223.333333333332,27232.333333333332,25812.666666666668,26522.5
E05011883,Newton Flotman,2,19560.5,23566,22896.5,22775,26277,28074,4106.5,8340,6223.25
E05011884,North Wymondham,5,25638,20526.2,21226.2,22622.8,27315.2,23619.2,18543,28352.4,23447.7
E05011885,Old Costessey,7,22767.14,19929.714285714286,21657,17559.571428571428,23368.85714285714,19531.285714285714,14289.142857142857,30537.714285714286,22413.43
E05011886,"Poringland, Framinghams & Trowse",5,26956.4,25229.8,23971.8,24644.8,27544.2,24511.4,13220.2,26428.4,19824.3
E05011887,Rockland,2,22738.5,23397,21698.5,25192,25406,32927,4464.5,15271.5,9868
E05011888,South Wymondham,3,24298.67,20663,21101.666666666668,21869.333333333332,26056.333333333332,25061.333333333332,16265.333333333334,23093,19679.17
E05011889,Stratton,3,20760.67,20971.333333333332,20649.333333333332,16813,25493.333333333332,21725.666666666668,14265.333333333334,8802,11533.67
E05011890,Thurlton,2,15787,22624.5,22649.5,14039.5,24477,28526,1364,5119,3241.5
E05011891,Wicklewood,3,21933,29581.666666666668,26185.333333333332,22310.666666666668,27899.333333333332,30729.666666666668,2712.3333333333335,7284,4998.17
E05011892,Ambrook,3,25405.33,27139,25942.666666666668,23358.333333333332,24239.666666666668,31204.333333333332,8322,18166.333333333332,13244.17
E05011893,Ashburton & Buckfastleigh,7,14230.43,16179.57142857143,17523.428571428572,17540.14285714286,20724.285714285714,26177.714285714286,4014.285714285714,8412,6213.14
E05011894,Bishopsteignton,2,25375.5,26919,25830.5,24039.5,21346,32103.5,6109.5,21122.5,13616
E05011895,Bovey,4,19278.75,17520.25,17542,17159.5,18013,29179.5,8950,24616.75,16783.38
E05011896,Bradley,5,19190.6,16609.4,18374.6,12966.8,14657.6,25315.2,16214.8,28666.2,22440.5
E05011897,Buckland & Milber,5,15872.2,15828.4,14176.4,11211.6,12822.4,22838.8,16366,24393.2,20379.6
E05011898,Bushell,4,10888.75,11129.75,8428.25,9089,10325.25,12911.5,27577.5,11136.25,19356.88
E05011899,Chudleigh,4,20102,19031.5,20782.5,22084.75,19165.5,29555.75,5282,19663,12472.5
E05011900,College,4,16603.75,17767.5,16259.5,15207,13392.25,17283.25,28199.5,8340.75,18270.12
E05011901,Dawlish North East,5,15885.8,16790.6,13077.6,12088.8,14324.6,19781,11830.8,22704.8,17267.8
E05011902,Dawlish South West,4,14793.25,16552.25,12284.5,13732,13360.25,22527,13312,16183.5,14747.75
E05011903,Haytor,2,19523.5,27111,24075,23355,26340,27079.5,3083.5,7793,5438.25
E05011904,Ipplepen,2,23085,22438.5,22483.5,26800,21564.5,32751.5,5269,18919,12094
E05011905,Kenn Valley,5,20349.6,22283.6,24473.4,25434.6,20863.6,30128.4,4392.8,14270.8,9331.8
E05011906,Kenton & Starcross,2,16857.5,20955,21052.5,18855,16485.5,26485.5,3872,9787.5,6829.75
E05011907,Kerswell-with-Combe,4,19942.5,21481.5,19083,17791.75,18708.75,24692.25,7002.5,20195.5,13599
E05011908,Kingsteignton East,4,22715.75,20336.25,19625.25,17403.5,19852.25,28728,19239,25011.25,22125.12
E05011909,Kingsteignton West,4,21126.5,20097.75,17661.75,16483.75,18310,24217.75,20875.5,21583.5,21229.5
E05011910,Moretonhampstead,2,17295.5,23451.5,21535,22889,23364.5,27763.5,3136.5,3119,3127.75
E05011911,Shaldon & Stokeinteignhead,2,25549.5,28195.5,24575.5,28990,24952.5,30417,9601.5,10577,10089.25
E05011912,Teign Valley,3,14361,23713.333333333332,23139.666666666668,26714,24518.333333333332,32669,119.33333333333333,1968,1043.67
E05011913,Teignmouth Central,3,22143,20759.333333333332,18108.666666666668,20265.333333333332,19583.666666666668,28373.666666666668,19755.666666666668,19157,19456.33
E05011914,Teignmouth East,3,18304.67,19012.666666666668,12719.333333333334,18812.333333333332,16032.333333333334,20969.333333333332,19145.333333333332,18242.666666666668,18694
E05011915,Teignmouth West,3,14445.67,12953.333333333334,12353,11920.666666666666,13134.666666666666,21793.666666666668,17721.333333333332,19839.333333333332,18780.33
E05011916,Appledore,3,14011.33,14472,10772.666666666666,12975.333333333334,13717.666666666666,26261,7783.333333333333,18490.333333333332,13136.83
E05011917,Bideford East,3,10252,12209,10567,5396.666666666667,12130,20638,8469.333333333334,21186.333333333332,14827.83
E05011918,Bideford North,3,11880,12031.333333333334,9138.333333333334,10068.666666666666,12147.333333333334,14170,19839.333333333332,14607.333333333334,17223.33
E05011919,Bideford South,1,10522,11320,7567,6765,8827,16722,20162,16954,18558
E05011920,Bideford West,2,13776,11663.5,12871,9301.5,12913.5,24481,9710.5,26468,18089.25
E05011921,Broadheath,2,10091,18064.5,15701.5,13621,21963.5,31918,20,1489,754.5
E05011922,Great Torrington,4,14265.5,14902.25,13571.5,9003.75,14225.75,24093.75,7131.25,21345,14238.12
E05011923,Hartland,3,10347.67,15524.666666666666,18403.333333333332,13122,25569,30504.333333333332,187,1175,681
E05011924,Holsworthy,2,8937,12432.5,11941.5,9283.5,15546.5,26270.5,1736.5,5082.5,3409.5
E05011925,Milton & Tamarside,2,10963.5,19420,19230.5,13028,18756.5,30966,28,2374,1201
E05011926,Monkleigh & Putford,3,13129.33,23616.666666666668,20464,16987.666666666668,23043.666666666668,31775,179.66666666666666,2134.6666666666665,1157.17
E05011927,Northam,2,23681,24434,17654.5,17507.5,20319.5,32421.5,12839.5,28447,20643.25
E05011928,Shebbear & Langtree,2,11855.5,19953,19617.5,13670.5,24660.5,30686,23,2690.5,1356.75
E05011929,Two Rivers & Three Moors,2,13690.5,22699.5,21054,18261,22915.5,32809,74,3373.5,1723.75
E05011930,Westward Ho!,3,16173,17846.333333333332,13254.333333333334,14022.666666666666,11921.333333333334,23181.333333333332,7932.666666666667,26074.666666666668,17003.67
E05011931,Winkleigh,1,10361,15619,15609,18487,20397,30679,262,1172,717
E05011932,Alresford & Elmstead,4,18781.25,23239.75,18288.75,15633,13594,25322,6475.75,20526.25,13501
E05011933,Ardleigh & Little Bromley,2,21483,23488.5,23356.5,21169,19852.5,18677,7355.5,15252.5,11304
E05011934,Bluehouse,3,2324.67,3381,1880,1187.3333333333333,2537.6666666666665,5324.666666666667,6369.333333333333,30503.666666666668,18436.5
E05011935,Brightlingsea,5,16102.4,18810,16692.8,12221.2,14420.4,21737,5643.2,19442,12542.6
E05011936,Burrsville,3,8119.33,11031.333333333334,6406.666666666667,3802,6832.333333333333,17057.333333333332,6700,29786,18243
E05011937,Cann Hall,4,8068.25,10166.5,8078,3581,6506.5,16376.5,6703.75,26362,16532.88
E05011938,Coppins,5,3551.4,5059.8,3669.6,1729.8,3729.8,6066.2,8420,16346.2,12383.1
E05011939,Dovercourt All Saints,5,8969,11538.8,10114.8,6095,8786.2,7618.2,4804.6,23477.6,14141.1
E05011940,Dovercourt Bay,1,7977,9846,8133,6451,8235,12781,6811,9326,8068.5
E05011941,Dovercourt Tollgate,1,13168,16383,12088,8826,10141,20373,4317,31621,17969
E05011942,Dovercourt Vines & Parkeston,1,14552,15862,14627,8871,15323,18124,6941,20037,13489
E05011943,Eastcliff,2,11854,16564,10044.5,8004,9143,13104.5,12153,16346,14249.5
E05011944,Frinton,4,17102.75,21334.25,15932.75,9238,14096.25,23246.25,11799.5,17928,14863.75
E05011945,Harwich & Kingsway,3,1811.33,4090,2428.3333333333335,1891,4358,2249.6666666666665,2934,4336,3635
E05011946,Homelands,2,8406,9816.5,7136,4009,6137.5,22905,8626,23806.5,16216.25
E05011947,Kirby Cross,1,14830,18673,13439,4818,14577,27536,7450,30051,18750.5
E05011948,Kirby-le-Soken & Hamford,3,15496.67,18972.333333333332,14353.666666666666,7936.333333333333,12534.666666666666,22883.333333333332,8444.666666666666,28952.666666666668,18698.67
E05011949,"Lawford, Manningtree & Mistley",5,19469.6,21137.4,20546.6,19718,15470.4,23700.2,5255.8,23743.8,14499.8
E05011950,Little Clacton,2,12005.5,18500,15615.5,5308,11583.5,21364,3536,12216.5,7876.25
E05011951,Pier,1,1349,4697,1228,3960,647,864,8767,3662,6214.5
E05011952,St Bartholomew's,3,13923.33,19174,11569.333333333334,7653.333333333333,10207.333333333334,27769.333333333332,8423.333333333334,22524.333333333332,15473.83
E05011953,St James,5,5445.4,8353.4,4959.4,2758,4251.8,6264.4,10253.6,14703.6,12478.6
E05011954,St John's,4,4725,7205,4150.5,2608,3727.25,6715.25,9222.5,16295.75,12759.12
E05011955,St Osyth,3,4773.67,10536.666666666666,6389,3575.6666666666665,5967.666666666667,6577.666666666667,1837.3333333333333,4752.333333333333,3294.83
E05011956,St Paul's,2,10890.5,15204.5,10615.5,9921,7054,9822.5,13471.5,11279,12375.25
E05011957,Stour Valley,2,15448.5,20729,19840,13386.5,15904,22752.5,1985,12263.5,7124.25
E05011958,The Bentleys & Frating,1,17866,19531,20181,15501,15284,23499,4012,20464,12238
E05011959,The Oakleys & Wix,2,11698.5,19601,15559.5,9977.5,8863,27179.5,1650,10904.5,6277.25
E05011960,"Thorpe, Beaumont & Great Holland",3,13608.33,18881,16587,7320,11160,21261,4576.333333333333,16993.666666666668,10785
E05011961,Walton,2,4149,9027,5159,1235.5,4704.5,5995.5,3824.5,12434,8129.25
E05011962,Weeley & Tendring,2,11564,18559.5,14430.5,8429,10391.5,15601.5,4295,13913.5,9104.25
E05011963,West Clacton & Jaywick Sands,3,2300.33,6257,1718,478.3333333333333,2476.6666666666665,7255,3895.3333333333335,9211,6553.17
E05011964,Billesdon & Tilton,2,19626.5,27016.5,29867.5,28008,31634.5,22819,1142.5,3683,2412.75
E05011965,Bosworth,2,20805,26097,28280.5,21573.5,26516.5,26286,3578.5,4956,4267.25
E05011966,Broughton Astley-Primethorpe & Sutton,2,26106.5,26273,23527,17711.5,24274.5,20847.5,18521,26562.5,22541.75
E05011967,Broughton Astley South & Leire,3,31021.67,27415.666666666668,30723.666666666668,25313,31092.666666666668,26390.333333333332,17367.666666666668,32402.666666666668,24885.17
E05011968,Dunton,2,25167,30250.5,31694.5,27324.5,32909,29850.5,2896.5,9715.5,6306
E05011969,Fleckney,3,25091.67,23484.666666666668,26011.333333333332,18559.333333333332,28453.333333333332,27360.333333333332,5952.666666666667,30284.666666666668,18118.67
E05011970,Glen,3,25058.33,25069,25132,26051.333333333332,28680.333333333332,23954.666666666668,4664.666666666667,24925.666666666668,14795.17
E05011971,Kibworths,5,27650.4,25959.4,25677,28977,27762.6,25861.2,11457,26527.4,18992.2
E05011972,Lubenham,2,22732.5,22637.5,26175,22830.5,23868,17241.5,6027,22755.5,14391.25
E05011973,Lutterworth East,3,23200.33,21231.666666666668,19708.333333333332,19010.666666666668,21460.666666666668,19186.666666666668,25485.333333333332,25279.333333333332,25382.33
E05011974,Lutterworth West,2,28424.5,24597,28515,20738.5,29244,28101.5,17833.5,31811.5,24822.5
E05011975,Market Harborough-Great Bowden & Arden,3,25374,23462.666666666668,22190,20783,22585.666666666668,22535.666666666668,28037.666666666668,22406,25221.83
E05011976,Market Harborough-Little Bowden,3,32572.67,29996.666666666668,30976.333333333332,30872,28354,26784,27676.666666666668,30423.333333333332,29050
E05011977,Market Harborough-Logan,3,27579.33,25600.666666666668,25519.333333333332,28411,24696.333333333332,21846.666666666668,30401.333333333332,21967.333333333332,26184.33
E05011978,Market Harborough-Welland,6,25189.17,22053.333333333332,21823,23219.666666666668,21347.666666666668,25177,27304.666666666668,26335.666666666668,26820.17
E05011979,Misterton,1,25382,29557,31196,30312,30651,25676,3260,9675,6467.5
E05011980,Nevill,1,22487,30165,28785,28432,31966,30657,703,9920,5311.5
E05011981,Thurnby & Houghton,5,25839.4,23061.4,24243.8,24986,30051,18654.4,11883.8,27221.2,19552.5
E05011982,Ullesthorpe,1,21523,20534,19828,18400,23604,29172,6681,20147,13414
E05011983,Ault Hucknall,3,13790.33,13535.666666666666,12462.333333333334,13705,9841.333333333334,18265.666666666668,10633.333333333334,21279,15956.17
E05011984,Barlborough,2,24811,24982.5,24443.5,24992.5,16716,25795.5,12428.5,20012.5,16220.5
E05011985,Blackwell,3,14237.33,15604.333333333334,11976,13816.333333333334,9393.333333333334,19800.666666666668,12288.666666666666,17473,14880.83
E05011986,Bolsover East,3,15261.67,17426.666666666668,13174.333333333334,14478.666666666666,6356.666666666667,16986,21118.333333333332,24980,23049.17
E05011987,Bolsover North & Shuttlewood,2,7683.5,9339,7771,4429,7234,8745.5,12663.5,17922,15292.75
E05011988,Bolsover South,4,13473.5,16685.75,11001,13054,5134.5,16339.25,17650.75,20237,18943.88
E05011989,Clowne East,4,14257.5,14892.75,11068.75,14067.5,8456.25,19011.25,18924,19518,19221
E05011990,Clowne West,1,21152,23430,19213,22850,10215,11832,23843,22927,23385
E05011991,Elmton-with-Creswell,4,7615.75,9001.25,6506.5,7237.75,4846,9954.25,14686.5,16579,15632.75
E05011992,Langwith,3,5465,7240.666666666667,4996.333333333333,5476.666666666667,2295.3333333333335,8406.333333333334,14222.666666666666,21365.333333333332,17794
E05011993,Pinxton,3,10534.33,12481,9424.333333333334,6830,7906.333333333333,18489.333333333332,22660,9760,16210
E05011994,Shirebrook North,4,6269.5,7398.25,5965.5,2567.25,2961.5,12804.25,27737.75,20331.5,24034.62
E05011995,Shirebrook South,2,13975.5,15726.5,15519,7484.5,7152,19494.5,23478,22297,22887.5
E05011996,South Normanton East,3,14353.33,14241,11600.666666666666,11808,8544.333333333334,18210.666666666668,25779.333333333332,19575,22677.17
E05011997,South Normanton West,4,19485,21115,17988.75,14552.25,11929.25,17233.5,27248.25,20070.25,23659.25
E05011998,Tibshelf,2,15369,17124,14536,14968.5,9638.5,12913,13513.5,19080,16296.75
E05011999,Whitwell,3,10935.67,13669.666666666666,10507,10315,8042.333333333333,13425.333333333334,8921.333333333334,14639,11780.17
E05012000,Alston & Hothersall,2,25461,22589.5,22524.5,24909,22200,26581,26899,17853,22376
E05012001,Billington & Langho,2,24969,24979,21735,29343.5,19062.5,26230.5,16279,15974.5,16126.75
E05012002,Bowland,1,15398,30388,28094,26289,31517,31469,408,165,286.5
E05012003,Brockhall & Dinckley,1,30334,31542,30634,32097,30421,30405,7133,23827,15480
E05012004,Chatburn,1,20395,24132,22209,28820,23368,27499,10464,1965,6214.5
E05012005,Chipping,1,18530,25677,29776,28127,30733,27952,2954,578,1766
E05012006,Clayton-le-Dale & Salesbury,1,25814,29653,29816,32012,27975,25943,7484,5900,6692
E05012007,Derby & Thornley,2,18208,18013.5,17795.5,15538,17588.5,15100.5,29251,8045.5,18648.25
E05012008,Dilworth,2,30301.5,26922,27711.5,30489,23748,23429.5,27867.5,23621.5,25744.5
E05012009,"East Whalley, Read & Simonstone",2,26945.5,28516.5,27573.5,31629,29714,32180.5,13281,12489,12885
E05012010,Edisford & Low Moor,2,23637.5,18482.5,19169.5,25188.5,19360.5,22216.5,26387,22041.5,24214.25
E05012011,Gisburn & Rimington,1,16545,28634,23533,28982,29362,28178,1191,667,929
E05012012,Hurst Green & Whitewell,1,17815,32286,31988,26941,31451,31500,1248,228,738
E05012013,Littlemoor,2,20244,17046.5,15952,20608.5,19124,15284,33170,16697,24933.5
E05012014,Mellor,2,26666.5,26257.5,25360,32618,23832.5,31444.5,11622,11110.5,11366.25
E05012015,Primrose,2,22981,22078,21071.5,22513,19549.5,20195.5,30908.5,14970.5,22939.5
E05012016,Ribchester,1,25454,29753,29075,27926,30485,29264,9243,4180,6711.5
E05012017,Sabden,1,21401,20637,20972,26987,27507,20880,8019,8760,8389.5
E05012018,St Mary's,2,27689,25686.5,25210,29631.5,21487.5,26570.5,32723.5,13963,23343.25
E05012019,Salthill,2,24949,19853.5,21972.5,24250.5,26228,24525,32534,10756.5,21645.25
E05012020,"Waddington, Bashall Eaves & Mitton",1,21774,28057,26339,30048,27753,32703,6553,1560,4056.5
E05012021,West Bradford & Grindleton,1,26340,30152,30750,31599,32939,29854,5138,6432,5785
E05012022,Whalley & Painter Wood,1,31049,27067,28859,32171,28369,23979,23202,23653,23427.5
E05012023,Whalley Nethertown,1,28546,31137,24729,31906,29138,16093,14929,19072,17000.5
E05012024,Wilpshire & Ramsgreave,3,31338.67,31932.666666666668,30715.333333333332,31846.333333333332,31469,28796.333333333332,14761.333333333334,21147,17954.17
E05012025,Wiswell & Barrow,1,31147,30107,28459,32525,31065,23723,16919,23530,20224.5
E05012026,Bagshot,5,26540,25372.6,26053.6,23694.8,30485,19933.2,14790.6,22077.2,18433.9
E05012027,Bisley & West End,5,30864.6,29995.4,31571,28614,31776.8,27059.8,11727.4,28151.8,19939.6
E05012028,Frimley,3,29632.33,26412,27157.666666666668,24266.333333333332,32064,27212.333333333332,30605.333333333332,18705.666666666668,24655.5
E05012029,Frimley Green,5,29400,25352.6,27314,24687.8,30942.4,25769.4,27888.4,27345.4,27616.9
E05012030,Heatherside,5,32283.6,30431.8,31796.4,29997.8,33394.2,29354.6,16767,28380.2,22573.6
E05012031,Lightwater,4,31275.75,31221.25,30354,28309.75,33255.75,27423.75,15596.5,25679,20637.75
E05012032,Mytchett & Deepcut,4,27538,24610.25,26522.75,22196.75,31346,20231.25,18499,21574.25,20036.62
E05012033,Old Dean,3,11876.33,9074.333333333334,9697.666666666666,5143.333333333333,21041.666666666668,9652.666666666666,24029.333333333332,28570,26299.67
E05012034,Parkside,3,32289.67,30743.333333333332,31491.333333333332,28368.666666666668,33219.666666666664,28012.666666666668,24402.333333333332,21902,23152.17
E05012035,St Michaels,3,22046.33,16660,19557.333333333332,18163,26321,17485.666666666668,30551.666666666668,18315,24433.33
E05012036,St Pauls,4,33317.75,32990.25,33042,31938,33398.5,31974.75,20889.25,27763.5,24326.38
E05012037,Town,3,24407.67,20849.333333333332,21396.666666666668,20260,28731,14296.666666666666,28808.666666666668,22178.666666666668,25493.67
E05012038,Watchetts,3,23544.33,19598.666666666668,21099,19405,28892,17226,31837.333333333332,20453.666666666668,26145.5
E05012039,Windlesham & Chobham,5,23889.6,26059.8,24698.2,23240.4,28495.8,21031,7120.2,19677.6,13398.9
E05012040,Ashover,1,21274,28743,28416,29162,27667,23021,2842,3557,3199.5
E05012041,Barlow & Holmesfield,1,20786,21675,24445,22887,25867,19798,5411,8664,7037.5
E05012042,Brampton & Walton,2,25555.5,28613.5,24180,28649.5,21981,23181,10274.5,16002,13138.25
E05012043,Clay Cross North,4,12446.75,13722.5,10356.25,11237.25,7858.5,12941,19994.25,19993,19993.62
E05012044,Clay Cross South,2,7316.5,8869,5728,3845.5,5937.5,14011.5,14451.5,21783.5,18117.5
E05012045,Coal Aston,2,31638.5,31224,29283,27784.5,23817.5,32570.5,29187.5,20365,24776.25
E05012046,Dronfield North,3,17923.33,15536,14382,18681.333333333332,10438,21645.666666666668,32699,19539,26119
E05012047,Dronfield South,4,29310,28920,26975.5,28477.5,22656.75,28852.25,29360,25499.5,27429.75
E05012048,Dronfield Woodhouse,1,29381,30322,25086,26339,22594,25586,27685,18370,23027.5
E05012049,Eckington North,2,18978,17839.5,15183.5,14294.5,16040,16515.5,29798.5,20892.5,25345.5
E05012050,Eckington South & Renishaw,3,12417,11831.333333333334,11820,7293.333333333333,8596.333333333334,17125,23288,21091,22189.5
E05012051,Gosforth Valley,4,31837,30846,29127.25,29975,25910.25,32066.25,27048.75,23175,25111.88
E05012052,Grassmoor,3,9321.67,10305,7142.666666666667,8771.333333333334,6087.666666666667,9701,18995.333333333332,21415.333333333332,20205.33
E05012053,Holmewood & Heath,2,8010.5,10276.5,7353,3864,5168.5,9734.5,16359.5,24283.5,20321.5
E05012054,Killamarsh East,3,14808.67,16546,13791.666666666666,8355.666666666666,11693.333333333334,21018,15908.333333333334,18179,17043.67
E05012055,Killamarsh West,4,19914.5,20518.25,18265.25,12898.75,14147.5,23139.25,16150,28353.25,22251.62
E05012056,North Wingfield Central,4,13269.5,14662.75,10502.75,12084.25,7689.75,16265,19424,21855.5,20639.75
E05012057,Pilsley & Morton,3,17640.67,18822.666666666668,15580,16590.666666666668,13609,22295,10280.666666666666,20503.333333333332,15392
E05012058,Ridgeway & Marsh Lane,1,16300,19015,17059,15457,13833,17469,10945,8547,9746
E05012059,Shirland,4,12442.75,12689,10793.5,13199.25,9881.25,18049.25,9839,20558,15198.5
E05012060,Sutton,3,13025.67,15074.666666666666,10503.666666666666,12523.333333333334,7339.666666666667,19870,17409.666666666668,19262.333333333332,18336
E05012061,Tupton,3,16915,16190,13832.333333333334,15419,11854.666666666666,16516.666666666668,17861,26383,22122
E05012062,Unstone,1,13822,15567,12433,13560,11457,14277,11059,13291,12175
E05012063,Wingerworth,4,31181.25,31379.5,27250.25,29986.75,24997.25,32172.5,15349.25,31787.5,23568.38
E05012065,Brockworth East,1,11196,8523,9052,6129,12093,11713,23521,32196,27858.5
E05012066,Brockworth West,4,21736.5,16184.25,19645.25,18133.75,17984.5,19472.5,25580.75,28353,26966.88
E05012071,Cleeve St Michael's,4,21057.75,14292.25,17832,18982,18290,19685.5,24210,33395.5,28802.75
E05012072,Cleeve West,3,27735.33,21487,23958.666666666668,25710.666666666668,25170,24258.333333333332,23767.333333333332,30332.333333333332,27049.83
E05012073,Highnam with Haw Bridge,3,21595.67,23466,23400.333333333332,25192,27757.333333333332,26065,6190.666666666667,12942,9566.33
E05012076,Northway,3,21148.33,19820.333333333332,19788,11897,21705,25814.333333333332,12053,27480.666666666668,19766.83
E05012077,Severn Vale North,1,21749,23798,21089,21765,25962,23843,9168,8149,8658.5
E05012078,Severn Vale South,1,21284,25693,23672,27590,26773,20484,5226,5532,5379
E05012079,Shurdington,1,23104,14953,20903,21685,28552,22070,14473,27330,20901.5
E05012081,Tewkesbury North & Twyning,3,21815.33,24797.666666666668,23439,21743.666666666668,26032.666666666668,21522.666666666668,16895.666666666668,12006.333333333334,14451
E05012082,Tewkesbury South,4,16210,14046.25,14273,13794.5,16729.25,14162.75,22170.5,22339,22254.75
E05012083,Winchcombe,4,24366.25,23580.25,24077.25,24362.5,28017.75,25629.25,9759.25,18518.25,14138.75
E05012085,Andover Downlands,4,18629.5,15697.5,16935.75,16492.25,17921.5,18164,10208.5,33470.75,21839.62
E05012088,Andover Romans,7,14982.57,12231.57142857143,16046,11094.57142857143,16632.428571428572,10125.57142857143,13445.57142857143,31122.714285714286,22284.14
E05012093,Blackwater,4,24033,30040.75,30716,25910.75,30494,29412.5,1899.25,13567.75,7733.5
E05012097,Harewood,2,21028,29648.5,29307,28646.5,31457.5,26459.5,2322,2449,2385.5
E05012098,Mid Test,5,19527.2,25579.4,27754.8,24651.8,29039,23386,1875,6925.6,4400.3
E05012100,Romsey Abbey,4,24537.25,22072.75,21574.5,22467,23458.75,19445.75,29695.25,23171,26433.12
E05012102,Romsey Tadburn,4,27791,26278.75,24490.25,24445.75,24666.25,28268.75,25671,25973.75,25822.38
E05012104,Bitton & Oldland Common,7,26840.29,24295.285714285714,24977.571428571428,19491.85714285714,25126.571428571428,24058.14285714286,25641.14285714286,23877.285714285714,24759.21
E05012105,Boyd Valley,5,22271.2,25730.8,25817,18530.6,26524.6,25896.6,4377.4,18029,11203.2
E05012106,Bradley Stoke North,6,30843,28689.166666666668,29611.666666666668,25339.166666666668,29113.333333333332,29620.5,20214.833333333332,27995.333333333332,24105.08
E05012107,Bradley Stoke South,5,28176.2,24773.2,27193.2,26141.8,26762,21489.4,20779,28905.4,24842.2
E05012108,Charfield,2,24729,24649,28271,20592,29730.5,28776.5,5839,18721,12280
E05012109,Charlton & Cribbs,7,16393.71,16072.142857142857,17879.285714285714,11037.857142857143,19699.14285714286,14120.42857142857,7856.428571428572,25793.428571428572,16824.93
E05012110,Chipping Sodbury & Cotswold Edge,6,22916.67,25406.5,25331.333333333332,22320,27782.666666666668,24940.833333333332,14221,17058.333333333332,15639.67
E05012111,Dodington,7,24535.86,22563,22065.85714285714,14296.42857142857,23446.714285714286,24533.85714285714,23361.428571428572,25261.85714285714,24311.64
E05012112,Emersons Green,10,26570.5,22470.2,26034,22057.4,25521.9,21527.8,25349.9,29871.7,27610.8
E05012113,Filton,7,21544.14,21768.428571428572,22352.714285714286,18334,20092.714285714286,14890.57142857143,16564.85714285714,17119.285714285714,16842.07
E05012114,Frampton Cotterell,7,25457.71,25063.14285714286,23344.428571428572,23446.85714285714,27929,27751.428571428572,14202.714285714286,20439.85714285714,17321.29
E05012115,Frenchay & Downend,10,29554.1,28429,27848.3,27902.4,28127.1,26292.5,27851.2,17793.2,22822.2
E05012116,Hanham,8,25922.75,23821.5,21952.375,20224.5,23133.625,20156.625,31640.5,22633.625,27137.06
E05012117,Kingswood,5,16597.8,15849.6,16472.8,12844.6,17179.4,10109.4,30078.2,12112.6,21095.4
E05012118,Longwell Green,6,28844.67,27172.5,25583,21261.5,25391.666666666668,25581.166666666668,28802.333333333332,29949.166666666668,29375.75
E05012119,New Cheltenham,7,21837.71,20381.285714285714,19341,15760.285714285714,21951.428571428572,17911.14285714286,26449.571428571428,18864.571428571428,22657.07
E05012120,Parkwall & Warmley,5,24175,21288.6,22414.2,17371.2,21909.2,22053.2,28227.6,24495.8,26361.7
E05012121,Patchway Coniston,3,13180.67,14196.666666666666,14153.333333333334,6775.666666666667,15981,18024.333333333332,7391,19478,13434.5
E05012122,Pilning & Severn Beach,2,16686.5,22334.5,20131,12556.5,24282.5,22163.5,1289.5,19017.5,10153.5
E05012123,Severn Vale,5,25694.8,29041.8,27672.6,27913.8,30695,28190.4,6790.4,12633.4,9711.9
E05012124,Staple Hill & Mangotsfield,8,16311.75,15150.125,14146.125,11786.375,16173.625,13526.875,28110.375,15675.625,21893
E05012125,Stoke Gifford,10,25631.7,21946,24074.8,22019.9,24615.6,25301.9,21381.6,26050,23715.8
E05012126,Stoke Park & Cheswick,4,29863.5,27919.5,32391.75,20745.5,26553.5,30853.75,17025.25,30266.75,23646
E05012127,Thornbury,9,25211.89,23065.88888888889,23071,22564,23313.333333333332,24427.666666666668,20139.777777777777,26549.555555555555,23344.67
E05012128,Winterbourne,4,25569.5,23448.75,22670,21430.25,26689.75,24944.25,21440,19611.25,20525.62
E05012129,Woodstock,7,17413,16337.857142857143,15137.857142857143,11001.142857142857,14659.285714285714,15309.57142857143,29264.85714285714,21799,25531.93
E05012130,Yate Central,6,21386.5,19442.333333333332,16269.833333333334,15962.833333333334,19559.333333333332,18077,29886.833333333332,25305.333333333332,27596.08
E05012131,Yate North,7,24087.71,21421,22126.14285714286,18174.285714285714,23531.571428571428,21157.428571428572,23049.285714285714,30455.571428571428,26752.43
E05012132,Aldermaston,3,20962.33,25474.333333333332,25658.666666666668,20478,27956,30200.666666666668,5801.333333333333,3888.3333333333335,4844.83
E05012133,Basildon,2,27607.5,32469,32986.5,31884,33438.5,30755.5,3671.5,10150,6910.75
E05012134,Bradfield,4,22379.25,25531.25,28465.75,22081.75,30144.5,27096.25,4904.5,8901.25,6902.88
E05012135,Bucklebury,1,24562,26720,24704,28693,30177,27594,6116,8939,7527.5
E05012136,Burghfield & Mortimer,6,25155.83,25211.166666666668,25907.166666666668,25954.166666666668,27290,20755.666666666668,8986.666666666666,21509.166666666668,15247.92
E05012137,Chieveley & Cold Ash,4,27796.5,30819.75,31434.25,28424.25,31803.5,27982.5,7183.25,15111,11147.12
E05012138,Downlands,3,19262.67,24627,30234.666666666668,25026.666666666668,31056.333333333332,29704.333333333332,976,3872.3333333333335,2424.17
E05012139,Hungerford & Kintbury,7,19989.29,20487.85714285714,23653.85714285714,18515,23940.571428571428,23293.285714285714,9014.42857142857,12265.857142857143,10640.14
E05012140,Lambourn,3,17068.67,17721,22349,10209,24774.666666666668,20505,5373.666666666667,15139,10256.33
E05012141,Newbury Central,4,19727.25,15961,17156.75,19056.5,18662.5,14404.75,25792.75,19604.75,22698.75
E05012142,Newbury Clay Hill,5,20585.6,17996.2,19814.8,14011.8,20566.8,19883.8,16823.4,25806.8,21315.1
E05012143,Newbury Greenham,7,22418,18507.714285714286,21707.14285714286,18930.85714285714,20466.714285714286,19713.428571428572,23461.714285714286,24659.85714285714,24060.79
E05012144,Newbury Speen,6,23092,20579,22456,21944,24292.166666666668,23193.333333333332,19018.333333333332,21764.166666666668,20391.25
E05012145,Newbury Wash Common,6,29378.5,27313.666666666668,26841.833333333332,27784.666666666668,28204.666666666668,25679.333333333332,22767.333333333332,28953.333333333332,25860.33
E05012146,Pangbourne,2,27545,27010,29045.5,24599.5,30769,26078,12217.5,14375,13296.25
E05012147,Ridgeway,2,20969.5,22202,26379.5,25857.5,30902,29091,3974,5834,4904
E05012148,Thatcham Central,5,25567.2,22193.8,22937.8,17392.6,24985.4,21455.6,25739,28587.2,27163.1
E05012149,Thatcham Colthrop & Crookham,1,32290,28348,31330,24532,28856,29955,27930,31829,29879.5
E05012150,Thatcham North East,5,22793.2,19567.2,21312.6,16890,22736.8,20723.8,24361.4,29225,26793.2
E05012151,Thatcham West,4,25132.75,23726.5,24697,14337.5,24366,25685.25,18386,26983.25,22684.62
E05012152,Theale,2,23403,20776.5,21471,21751,20176,29815,13827,22247,18037
E05012153,Tilehurst & Purley,7,29790.57,29217.714285714286,27960.571428571428,25672.714285714286,29049.714285714286,28474.285714285714,15826.142857142857,28539.571428571428,22182.86
E05012154,Tilehurst Birch Copse,5,27044,25732.4,24570,20226.8,27226.8,24958.4,21939.2,28063,25001.1
E05012155,Tilehurst South & Holybrook,5,24394.2,19908,24226.6,17269.4,26473.2,21832.6,16357.4,28290,22323.7
E05012156,Berry Hill,3,18902.67,20717.666666666668,14893,15619.333333333334,23446.666666666668,25214.333333333332,8757,19897.333333333332,14327.17
E05012157,Bream,2,14762,17767,14172.5,11894,20581,15280,6451,11128,8789.5
E05012158,Cinderford East,3,14399.67,15144.666666666666,12727.333333333334,11153.666666666666,17293,11671,13233.333333333334,17529,15381.17
E05012159,Cinderford West,2,8201.5,7628,6427,6257.5,13069.5,11173.5,12392.5,18246,15319.25
E05012160,Coleford,5,14690.2,13828.8,12223.2,12019,17070.8,16846.8,12905,25921.6,19413.3
E05012161,Dymock,1,12187,22599,16589,21736,20076,26647,91,2278,1184.5
E05012162,Hartpury & Redmarley,2,19157,27787.5,28937.5,16755,29191,31230.5,1722,3945.5,2833.75
E05012163,Longhope & Huntley,3,18967,28056,26072.333333333332,25570.666666666668,27522,28793.666666666668,3315.6666666666665,1422.3333333333333,2369
E05012164,Lydbrook,1,14206,21576,19021,18968,21251,27812,2142,1314,1728
E05012165,Lydney East,3,13285.33,10949.333333333334,13178.333333333334,9962,16030.333333333334,10631.666666666666,11620.333333333334,30125,20872.67
E05012166,Lydney North,1,26576,29467,23179,18488,27711,30974,6915,30922,18918.5
E05012167,Lydney West & Aylburton,2,16344.5,19699.5,17183.5,15549.5,18390,21857.5,9665.5,11278,10471.75
E05012168,"Mitcheldean, Ruardean & Drybrook",5,15595.2,18021.4,15486.4,16499.6,18709.4,23138.4,6067.6,10283.6,8175.6
E05012169,Newent & Taynton,3,17619.33,16696,18252.666666666668,10923.333333333334,23836.666666666668,16518,9487.666666666666,24593,17040.33
E05012170,Newland & Sling,1,18101,19046,18377,15114,25643,25379,5570,10069,7819.5
E05012171,Newnham,2,11357.5,18146.5,10698.5,14418.5,16165,22614,2589.5,4451,3520.25
E05012172,Pillowell,2,14286,18401,17513,13432,24041.5,21710.5,4967.5,3960.5,4464
E05012173,Ruspidge,2,15797,17946.5,14498.5,16348,21703,17503,7044.5,12671,9857.75
E05012174,St. Briavels,1,18357,29078,24098,21402,30396,26814,1547,2671,2109
E05012175,Tidenham,5,20726,21141.6,22170,21409,26633.4,26205.6,8140,17825.4,12982.7
E05012176,Westbury-on-Severn,1,15227,22379,22433,16394,21618,27416,2058,2068,2063
E05012177,Aldenham East,3,31143.33,30025.666666666668,31063,30828.333333333332,31888.666666666668,27560,23296.666666666668,19650,21473.33
E05012178,Aldenham West,3,24816.33,25051.666666666668,26054.666666666668,23695.666666666668,26525.333333333332,25445.333333333332,15860.333333333334,15300,15580.17
E05012179,Bentley Heath & The Royds,3,21842,18545,17406.666666666668,21171,22562.666666666668,23847.666666666668,26100,15704,20902
E05012180,Borehamwood Brookmeadow,5,14466.4,11335,13652.2,15065.4,17037.8,11922.6,13709.2,18588.6,16148.9
E05012181,Borehamwood Cowley Hill,5,11562.4,9139.2,10752.4,10815,13403.4,9721.4,11263.8,25582.2,18423
E05012182,Borehamwood Hillside,6,18281.17,14727.666666666666,16301.666666666666,19384.833333333332,17307.666666666668,15532.333333333334,15816.5,21034.833333333332,18425.67
E05012183,Borehamwood Kenilworth,4,16770,12691.25,15519.5,13794.5,17123.5,17657.75,12847,26794,19820.5
E05012184,Bushey Heath,2,30921.5,27910,29215,29588.5,29224.5,27512.5,26135.5,21121.5,23628.5
E05012185,Bushey North,5,21869.6,19443.2,19259.2,21260.6,22278.8,16970.2,23505.6,16979.4,20242.5
E05012186,Bushey Park,5,29068.2,25755.2,27233.4,27965.2,27986,26046.8,21962.6,20648.8,21305.7
E05012187,Bushey St James,4,23985.25,19212.75,22238.5,23606.25,23590.25,21127.5,22917.25,21706.25,22311.75
E05012188,Elstree,3,25468.33,22870.666666666668,25457.666666666668,24820.333333333332,26007,24782.666666666668,18254,17268,17761
E05012189,Potters Bar Furzefield,4,23903.75,19673.5,22966.5,20664.75,24142.25,20328,24620.75,18561.75,21591.25
E05012190,Potters Bar Oakmere,4,16861.25,15177.25,13417.5,18393.25,18486.5,11656.75,21418.25,16316.75,18867.5
E05012191,Potters Bar Parkfield,3,28904.67,26935,25826.333333333332,28399,28627.333333333332,22328,30977.333333333332,15912,23444.67
E05012192,Shenley,4,18187.5,19217.5,20418,20092.25,18626.75,18704,6016.5,15170.75,10593.62
E05012193,Ashton,7,13851.86,16713.285714285714,13398.285714285714,18857.285714285714,8417,8181.285714285715,27913.85714285714,9700,18806.93
E05012194,Brookfield,6,7462.67,7146,6934.333333333333,6391.166666666667,5026.833333333333,6292.833333333333,24220,21611.166666666668,22915.58
E05012195,Cadley,6,19973.5,20122.833333333332,19337.833333333332,20321,14466.5,15431.166666666666,25845.666666666668,16444.333333333332,21145
E05012196,City Centre,7,5758.43,10383.57142857143,9176.714285714286,9100.857142857143,2216.714285714286,3322.5714285714284,20338.85714285714,4651,12494.93
E05012197,Deepdale,5,4261.2,4534.2,6842.6,5245.8,6162,7139.8,20532.2,3962.6,12247.4
E05012198,Fishwick & Frenchwood,6,4926.83,4604,6170.166666666667,5940.166666666667,5615,6469.833333333333,19099.833333333332,6886.833333333333,12993.33
E05012199,Garrison,6,22906.17,21106.166666666668,21840.666666666668,25782.5,14748.166666666666,21978.5,22274.5,19981,21127.75
E05012200,Greyfriars,4,28450.25,25557,26169.25,28320.5,21524,21194.25,29131.25,21198.5,25164.88
E05012201,Ingol & Cottam,6,12107,11703.166666666666,11131,15860.5,8627.833333333334,7807.833333333333,17863,30292.166666666668,24077.58
E05012202,Lea & Larches,5,11013,11777.2,9888.6,12086.6,6784.8,5604.2,20595.6,24329,22462.3
E05012203,Plungington,6,5542.83,9965.833333333334,10173.5,6874.666666666667,3075.1666666666665,3035.3333333333335,23627.833333333332,3466.5,13547.17
E05012204,Preston Rural East,4,24423.25,23260,24568.5,29847,17717,22061.75,12129,21830.75,16979.88
E05012205,Preston Rural North,3,24618.67,26149.666666666668,28523,31427,14701.666666666666,22977.333333333332,11293,20048,15670.5
E05012206,Ribbleton,5,4482.2,5535.2,4500.8,3936.4,2548.4,3688.6,19567.2,22227.4,20897.3
E05012207,St Matthew's,5,1726.2,2661.6,3279,2900,2562.6,669.4,18625.2,3970.8,11298
E05012208,Sharoe Green,6,24309.33,23582.166666666668,20337,27954,12908.833333333334,26222.833333333332,24136.166666666668,22784.166666666668,23460.17
E05012209,Blacon,9,6347.67,6557.222222222223,4756,4805.222222222223,5137.555555555556,7679.444444444444,18126.11111111111,24628.88888888889,21377.5
E05012210,Central & Grange,9,5168.78,5511.333333333333,4504.777777777777,3675.777777777778,3817.8888888888887,6235.555555555556,30991.222222222223,19142.222222222223,25066.72
E05012211,Chester City & the Garden Quarter,12,17995.75,20867.75,20887.666666666668,19288.916666666668,10724.75,12477.166666666666,27620.5,9384.833333333334,18502.67
E05012212,Christleton & Huntington,7,27452.14,27348.714285714286,27260.428571428572,29473,24826.428571428572,27779.14285714286,8613.285714285714,23591,16102.14
E05012213,"Davenham, Moulton & Kingsmead",7,27244.57,25918.85714285714,24735.14285714286,26952.714285714286,23887.85714285714,26341.714285714286,19308.571428571428,22943,21125.79
E05012214,Farndon,2,22822,25369,27564.5,29827.5,30447.5,27451,3402.5,11620.5,7511.5
E05012215,Frodsham,6,23188.67,23574.833333333332,21766.166666666668,22061.333333333332,23008.5,18596.666666666668,23655.166666666668,17055.333333333332,20355.25
E05012216,Gowy Rural,7,21102.57,23601.14285714286,21925.571428571428,19496.571428571428,20820.571428571428,22856.14285714286,7885.285714285715,16759.571428571428,12322.43
E05012217,Great Boughton,8,27704.38,26435.375,25304.5,27675.125,23434.25,25475.375,25406.375,20382,22894.19
E05012218,Handbridge Park,6,27880.33,26807.666666666668,23775.833333333332,28520,24887.833333333332,20456.666666666668,31931.666666666668,18759.333333333332,25345.5
E05012219,Hartford & Greenbank,5,25081.2,23345.6,23074.4,25915.2,21113.2,19253.4,24539.2,24011.8,24275.5
E05012220,Helsby,3,27337.67,25406,24063,26054.333333333332,26268.666666666668,25083,16100.333333333334,20597.333333333332,18348.83
E05012221,Lache,4,14718.5,12589.25,11617.5,12666.75,14111.5,14881.5,24664.5,23787.75,24226.12
E05012222,Ledsham & Manor,7,30074.86,29050.285714285714,26814.571428571428,28259.428571428572,22263.285714285714,27906.85714285714,21243,29486.14285714286,25364.57
E05012223,Little Neston,4,27581.75,26848,25774.75,27289.25,24145.5,30006.75,19474,22069.75,20771.88
E05012224,Malpas,3,19352.33,21897,21780,22802.666666666668,23955,24792,3332,13047,8189.5
E05012225,Marbury,7,21262.43,23964.14285714286,20696.428571428572,24195.85714285714,21484.571428571428,22972.85714285714,7393.428571428572,17878.571428571428,12636
E05012226,Neston,2,11983,11429,8516.5,11186,8925,11595.5,24519,23813,24166
E05012227,Netherpool,3,14790.67,16594,10285,14289,8983.333333333334,14107.333333333334,23162.666666666668,22130,22646.33
E05012228,Newton & Hoole,10,22864.4,22137,19850.6,25963,18789.1,20759.2,28341.4,16294.5,22317.95
E05012229,Northwich Leftwich,3,11969.33,11317,9591,13360.333333333334,8052.333333333333,9622,24056,22588.333333333332,23322.17
E05012230,Northwich Winnington & Castle,6,21335,20919.666666666668,21599,22313.833333333332,13856.5,18066.166666666668,26487.5,17424.833333333332,21956.17
E05012231,Northwich Witton,3,8695.33,10291.333333333334,9882,6188.666666666667,8455.666666666666,8145,30225,11240.666666666666,20732.83
E05012232,Parkgate,3,29990.67,28584,25575.666666666668,29405.666666666668,24595.333333333332,29443.333333333332,20996.333333333332,24118.666666666668,22557.5
E05012233,Rudheath,3,17441,17151.666666666668,13661,12245.666666666666,12495.666666666666,22826,20348,24950.666666666668,22649.33
E05012234,Sandstone,2,27088,27944,26857.5,30339.5,29942.5,30604,4733.5,20677.5,12705.5
E05012235,Saughall & Mollington,2,22981,24471,20682,24174,20694.5,22482.5,10636.5,18296.5,14466.5
E05012236,Shakerley,3,17499.67,20338,18243.666666666668,18956.666666666668,17216.666666666668,20152.666666666668,9731,15261.333333333334,12496.17
E05012237,Strawberry,3,29545.33,29703,26874.666666666668,21310.666666666668,22743,26943.666666666668,25689.666666666668,27481,26585.33
E05012238,Sutton Villages,8,14886.5,15040.5,13116,10514.625,10942,14623,27705.625,23313.875,25509.75
E05012239,Tarporley,3,26411.67,28007,26806.666666666668,27123,27303,25240.333333333332,12297.333333333334,19131,15714.17
E05012240,Tarvin & Kelsall,5,25170.6,27404.6,28030.4,27570.8,28004.4,27137.6,5797.2,17099.4,11448.3
E05012241,Tattenhall,2,22317.5,25540.5,24365.5,27588,27316,27531,3357.5,10595,6976.25
E05012242,Upton,7,24502.86,23167,22707,26436.714285714286,18227.428571428572,20522.571428571428,23307.571428571428,22767.571428571428,23037.57
E05012243,Weaver & Cuddington,10,22137.6,23163.4,22360.1,23513,22387,22509.5,10199.3,20899.8,15549.55
E05012244,Westminster,4,6309.25,5527,5697.25,4899.75,4745.5,9774.5,22711.25,16982,19846.62
E05012245,Whitby Groves,3,29463.67,30624.666666666668,26858.333333333332,24350.666666666668,20619.666666666668,22744,27105.333333333332,28426.666666666668,27766
E05012246,Whitby Park,4,20493.25,21088.75,17210.5,16524.25,14434.75,16390.75,32047.25,19702.5,25874.88
E05012247,Willaston & Thornton,3,26026.67,28344.666666666668,24877,29154.666666666668,22174.666666666668,25629.333333333332,10761,18795.666666666668,14778.33
E05012248,Winsford Dene,3,9795.33,12690.333333333334,9245,6615.666666666667,6205.333333333333,8638,28051.666666666668,14434.333333333334,21243
E05012249,Winsford Gravel,3,13072,14734,11736.333333333334,7679,9779.333333333334,16456,18349,19866.333333333332,19107.67
E05012250,Winsford Over & Verdin,9,12961.78,12770.111111111111,11897.222222222223,10754.444444444445,11160.444444444445,12714.333333333334,17202.555555555555,27486.777777777777,22344.67
E05012251,Winsford Swanlow,3,14170.33,14529.666666666666,12076.666666666666,9478.666666666666,12177.666666666666,10860.333333333334,16052.333333333334,30005,23028.67
E05012252,Winsford Wharton,3,7398.33,8147.333333333333,8265.666666666666,3735.3333333333335,6839,9288.333333333334,17586.333333333332,17426,17506.17
E05012253,Wolverham,3,3432.33,4271,2331,3003.3333333333335,2114,2910.6666666666665,28094.333333333332,30682.333333333332,29388.33
E05012254,Barton with Watcombe,8,10809.5,10424,9266.75,9393.375,8107.375,15630.875,12305.5,25141,18723.25
E05012255,Churston with Galmpton,5,22401.2,24798,19654.8,21824.8,17402,29911,7082.6,26750.6,16916.6
E05012256,Clifton with Maidenway,6,14635.67,14383.5,11687.333333333334,12282.833333333334,10601.166666666666,20427.166666666668,19563.833333333332,17020.333333333332,18292.08
E05012257,Cockington with Chelston,6,14550.33,15022.333333333334,13317.5,14995,11372.833333333334,16100.333333333334,19601.833333333332,14947.833333333334,17274.83
E05012258,Collaton St Mary,2,10882.5,8722.5,10566,7729.5,9183.5,20285.5,13103.5,24522,18812.75
E05012259,Ellacombe,5,8033.2,8563.4,7179,8767.8,6489,12806,21079.6,5220.2,13149.9
E05012260,Furzeham with Summercombe,7,14200.57,16770.14285714286,12614.857142857143,9791.285714285714,12407.142857142857,25138.714285714286,9526.42857142857,18062.285714285714,13794.36
E05012261,Goodrington with Roselands,5,15317.2,15642,12517.4,13348.6,10204.4,21139.4,15631.4,23964.4,19797.9
E05012262,King's Ash,5,8437.8,8454.2,7215.6,7240.2,7184.2,13051.4,10888.2,22544.8,16716.5
E05012263,Preston,7,19394.86,20342,16355.857142857143,17816.285714285714,12553.714285714286,24333.14285714286,17676.85714285714,19875,18775.93
E05012264,Roundham with Hyde,5,4633.8,6696,4229.6,4945.8,3597.4,7130,19910.2,4390.8,12150.5
E05012265,St Marychurch,9,11459.78,12655.777777777777,10245,10397.444444444445,7487.888888888889,14991.111111111111,24066.555555555555,10570.888888888889,17318.72
E05012266,St Peter's with St Mary's,5,10757.6,12635.4,10053.2,7225.2,9648.2,18941.6,10016.4,13922.2,11969.3
E05012267,Shiphay,5,20348.8,19281.8,17963.4,19072.8,12906.4,23806.8,17835.4,24731.4,21283.4
E05012268,Tormohun,7,3503.57,6112.142857142857,2996.1428571428573,5023.285714285715,2975.4285714285716,2673.714285714286,14063.714285714286,6554.571428571428,10309.14
E05012269,Wellswood,4,16182.5,19526.75,13220.5,21276.25,10410,22527,10577,12898.75,11737.88
E05012270,Aspley,10,2294.6,1575.4,2057.1,3459.3,3480.5,4270.2,10813.9,17274.4,14044.15
E05012271,Basford,10,6736.6,6962.3,6142.8,8751.7,6094.2,5697.8,19531.7,10090.3,14811
E05012272,Berridge,9,9449.89,8974.777777777777,9937.444444444445,10856.444444444445,9902,10667.222222222223,13556,5371.444444444444,9463.72
E05012273,Bestwood,11,4396.45,4658.909090909091,3425.2727272727275,4684.909090909091,3498.3636363636365,5767.090909090909,14119.181818181818,23128.18181818182,18623.68
E05012274,Bilborough,11,3757.18,3396.5454545454545,2654.181818181818,5385.181818181818,3223.2727272727275,7957,11869.545454545454,23196.636363636364,17533.09
E05012275,Bulwell,11,3316.18,3607,2782.2727272727275,3344.909090909091,2990.2727272727275,7150.727272727273,10328.363636363636,16286.818181818182,13307.59
E05012276,Bulwell Forest,9,12278,12236.888888888889,10001.444444444445,12171.333333333334,8428,13624.222222222223,22195,16008.333333333334,19101.67
E05012277,Castle,5,18099,23926.4,24882,28232.8,13335.8,11771.8,18145.2,6807.4,12476.3
E05012278,Clifton East,11,6478.55,6830.818181818182,5548,4789.181818181818,4708.272727272727,7081.545454545455,23736.909090909092,20769.81818181818,22253.36
E05012279,Clifton West,7,17853.14,18707.14285714286,17336,15944.57142857143,13478,14305.42857142857,23827.285714285714,18136.285714285714,20981.79
E05012280,Dales,9,7213.78,6787,6652.666666666667,8234.111111111111,6370.888888888889,9358.222222222223,23504.444444444445,6684.111111111111,15094.28
E05012281,Hyson Green & Arboretum,11,4232.36,8183.181818181818,9322.545454545454,4344.636363636364,4148.272727272727,3402.5454545454545,10160.727272727272,3327.2727272727275,6744
E05012282,Leen Valley,4,12876.5,11616.75,11384.25,14328.25,10858,14131.75,16416.25,13076.25,14746.25
E05012283,Lenton & Wollaton East,8,17217,20979.25,25847.25,13709.875,11844.125,18027.125,16381.25,5872.25,11126.75
E05012284,Mapperley,9,11993,13255.111111111111,11686.333333333334,17331,9901.888888888889,9942.444444444445,21495,9353.333333333334,15424.17
E05012285,Meadows,6,9233.33,9618,11531.166666666666,11674.666666666666,7870,9601.833333333334,18250.166666666668,9752.5,14001.33
E05012286,Radford,8,9596.75,15833,17127.25,7468.5,5153.875,10478.375,11736.875,6060.125,8898.5
E05012287,St. Ann's,11,4441.27,6965.727272727273,8217.545454545454,5970.363636363636,2329.6363636363635,4024.090909090909,16084.09090909091,11767,13925.55
E05012288,Sherwood,10,9831.6,12217.7,10170.1,18161.4,6836.2,11990,19553.7,5843.3,12698.5
E05012289,Wollaton West,9,26786,23422.555555555555,23940.11111111111,28468.11111111111,22157.666666666668,24659,27404,19367.555555555555,23385.78
E05012290,Alton Amery,2,32273.5,29488.5,30411,23602.5,28584,29837.5,29873.5,31634,30753.75
E05012291,Alton Ashdell,1,31376,25483,26330,27649,30638,28807,28610,29760,29185
E05012292,Alton Eastbrooke,2,15950,13268,14192.5,14493,13686,9528,32332,19127.5,25729.75
E05012293,Alton Holybourne,1,31619,28918,28730,29326,30459,26553,20620,28118,24369
E05012294,Alton Westbrooke,1,28871,28009,27657,23157,28764,15351,32882,16785,24833.5
E05012295,Alton Whitedown,2,28235.5,21489,24070.5,23254.5,28804.5,22281.5,28709,32433.5,30571.25
E05012296,Alton Wooteys,3,17778.33,14863.333333333334,15744,11922.666666666666,16580.666666666668,17480,27044.333333333332,31289.666666666668,29167
E05012297,Bentworth & Froyle,2,25074.5,31060.5,30536.5,30852,31114,26104,2265.5,10330.5,6298
E05012298,"Binsted, Bentley & Selborne",3,24482.67,27808.666666666668,29147.666666666668,28249,30311.666666666668,27348.666666666668,3797.6666666666665,10500.666666666666,7149.17
E05012299,Bramshott & Liphook,5,26744.8,25206.8,26373.6,26862.2,27891.6,22055.8,11297.8,23433.8,17365.8
E05012300,Buriton & East Meon,1,17696,23955,23568,28288,32713,20014,2069,2004,2036.5
E05012301,Clanfield,3,28019.33,25954,26679.333333333332,26093,30481.666666666668,22034.666666666668,10056.333333333334,30535.666666666668,20296
E05012302,Four Marks & Medstead,4,29820,29477,29003.5,27273.5,30092.5,27024.5,8920.75,32499.75,20710.25
E05012303,"Froxfield, Sheet & Steep",1,21713,29057,30022,29499,33495,29830,4029,1320,2674.5
E05012304,Grayshott,2,28015,26240.5,27897.5,23378.5,29871.5,30833,9378,23081.5,16229.75
E05012305,Headley,4,24395.5,25837.25,26099.25,20774.5,28908.5,25307.25,4796.25,24830.25,14813.25
E05012306,Horndean Catherington,1,31065,30119,30272,29270,32645,23088,13029,28218,20623.5
E05012307,Horndean Downs,2,29141.5,26235.5,27535.5,24768,30483.5,27137.5,15469,29814,22641.5
E05012308,Horndean Kings & Blendworth,4,30577.5,26584.5,28779.25,27009.5,28040.25,26403.75,20275.75,30909,25592.38
E05012309,Horndean Murray,2,22508,19678,18576.5,20426.5,22632.5,13258,21394,29739,25566.5
E05012310,Lindford,1,24459,20402,22095,18054,27294,22206,11696,32890,22293
E05012311,Liss,4,24535.75,25543.25,23740.25,24864,26159.25,23351,9412.25,20082.75,14747.5
E05012312,Petersfield Bell Hill,2,29200.5,25088,25723,26367.5,29127.5,28906.5,27832.5,22441.5,25137
E05012313,Petersfield Causeway,2,19349.5,13891.5,17474.5,16188.5,21088,14505.5,21450.5,29483.5,25467
E05012314,Petersfield Heath,1,26678,21992,23219,27084,32173,18323,13681,26121,19901
E05012315,Petersfield St Peter's,4,26490.5,23757.75,24968.75,27375.75,24018.5,20601.5,27659.25,21050.5,24354.88
E05012316,"Ropley, Hawkley & Hangers",1,21987,29040,30450,27530,32076,27883,1927,4086,3006.5
E05012317,Rowlands Castle,2,26589,25287,24555,26596,30374,14540,11516.5,29815.5,20666
E05012318,Whitehill Chase,5,19537.4,17078.2,19853.2,13983.4,18205.4,13581.4,16809.4,31361.6,24085.5
E05012319,Whitehill Hogmoor & Greatham,5,23836.8,24726.2,26187.6,18877.8,26577.8,23761.4,8248.2,22310.2,15279.2
E05012320,Whitehill Pinewood,1,21018,16094,21832,13803,26093,13026,13934,32509,23221.5
E05012321,Airfield,3,17062,26552,24264.333333333332,16977,15764.666666666666,31109.333333333332,850.6666666666666,13083,6966.83
E05012322,Bircham with Rudhams,1,11084,15897,15644,12678,18651,29845,1257,1785,1521
E05012323,Brancaster,2,14579,22208,20427.5,7111,14496,23008.5,4604.5,8601,6602.75
E05012324,Burnham Market & Docking,2,9760.5,16013.5,12562.5,7783.5,12765.5,26109,2038.5,3757,2897.75
E05012325,Clenchwarton,1,15714,20718,16980,13171,15749,26832,2616,13297,7956.5
E05012326,Denver,1,12342,17027,15656,10033,16432,22167,1778,7400,4589
E05012327,Dersingham,3,17864.33,22254.666666666668,16431,9879.333333333334,14554.666666666666,31146,7415.666666666667,23837,15626.33
E05012328,Downham Old Town,2,12838,13773.5,13700.5,8111,10871.5,10840.5,20781,15097.5,17939.25
E05012329,East Downham,2,17793,15662.5,15121,13194.5,13030,21290,16098,32326,24212
E05012330,Emneth & Outwell,3,10711.33,16247.333333333334,11402.666666666666,6931.333333333333,10306.333333333334,17325.666666666668,4299,13066.666666666666,8682.83
E05012331,Fairstead,3,8862.33,9007,9609,4922.666666666667,6622,10020,14669.333333333334,28500,21584.67
E05012332,Feltwell,4,11247.75,22320.25,20085.25,5216.5,17016,26696.25,799.5,5510.25,3154.88
E05012333,Gayton & Grimston,4,13734.75,19905.5,17818.5,12192.5,16343.75,26657.5,1712.5,7122.25,4417.38
E05012334,Gaywood Chase,2,14056.5,21134,17084,10674,11333,8381,32356.5,2892.5,17624.5
E05012335,Gaywood Clock,1,2992,4799,3448,318,1039,6252,29257,27272,28264.5
E05012336,Gaywood North Bank,5,22631.4,22834.4,22067.8,14127.6,13279.6,25738.8,19488.6,29926.4,24707.5
E05012337,Heacham,4,15314.25,20282.5,16372.75,8689.75,11557.25,23930,9595,17768.75,13681.88
E05012338,Hunstanton,3,10988,14124.666666666666,12016.333333333334,5981.333333333333,7857.333333333333,18493,17819,16394.666666666668,17106.83
E05012339,Massingham with Castle Acre,1,11886,17977,16229,14745,19105,31493,1022,1861,1441.5
E05012340,Methwold,1,10234,17988,17979,4717,18205,22254,909,3795,2352
E05012341,North Downham,2,20263,19978,16723.5,13873,11803,25728.5,18952.5,33398.5,26175.5
E05012342,North Lynn,4,3703.25,5012,5172.75,295.5,4282.75,6863.25,25880,23731.75,24805.88
E05012343,St. Margaret's with St. Nicholas,4,3504.25,6376.25,4298.75,2908.75,2993.75,1968.5,26055,4616,15335.5
E05012344,Snettisham,2,16571.5,17743.5,15578,12518.5,12045,30603.5,8092.5,19016.5,13554.5
E05012345,South & West Lynn,3,9622,9229.333333333334,10156.333333333334,5394.333333333333,8544.666666666666,15724.333333333334,18792.333333333332,18388.666666666668,18590.5
E05012346,South Downham,2,20720,22690.5,16505.5,13409,11592.5,31436.5,16999,33053,25026
E05012347,Springwood,2,21167,21782.5,19467,13459.5,15940.5,19600.5,25951,22454,24202.5
E05012348,Terrington,3,10447.67,16197.333333333334,14124.333333333334,7813,12086.333333333334,23878.666666666668,1478.6666666666667,7596.666666666667,4537.67
E05012349,The Woottons,5,27136.2,29047.8,25848,20257.6,20723.8,30242.2,10771.2,32466.2,21618.7
E05012350,"Tilney, Mershe Lande & Wiggenhall",4,9487.75,16513.75,13385.25,6715.5,13205.25,22817.75,806.5,7567,4186.75
E05012351,Upwell & Delph,3,9033.67,16902,13286,6937,13460.666666666666,23292.333333333332,1083,3760.6666666666665,2421.83
E05012352,"Walsoken, West Walton & Walpole",4,10051.25,16355,12240.25,5845.75,11064,19032.5,3229.5,13167.75,8198.62
E05012353,Watlington,2,14826.5,20234,16607.5,11430.5,14723,27172,2246.5,17487,9866.75
E05012354,West Winch,3,16083,21679,18789,9938.666666666666,16154,26805.333333333332,3726.6666666666665,15105.666666666666,9416.17
E05012355,Wissey,1,12091,18245,16759,8351,17375,29466,1416,4587,3001.5
E05012392,Bean & Village Park,2,18234.5,20522,21280,18384.5,17652,10148,6535,20857.5,13696.25
E05012393,Brent,3,23042,23036,25831,21616.666666666668,22232.333333333332,15475,12245.666666666666,17412.333333333332,14829
E05012394,Bridge,2,25889.5,26375.5,31535,30014,20143,17977,4352,31906.5,18129.25
E05012395,Burnham,2,19863,17181.5,23273,23096.5,20922.5,7476.5,15745,16602.5,16173.75
E05012396,Darenth,2,9131.5,11322,11366,8350,9357,9407.5,1907,23957.5,12932.25
E05012398,Greenhithe & Knockhall,4,20130.75,19375.75,21806.75,19594.75,21451.5,11281,9271.5,24156,16713.75
E05012399,Heath,4,29937,29367.5,30036.25,25990.25,26892,21342,25324.25,18453.25,21888.75
E05012400,Joyden's Wood,3,31248.67,31533.666666666668,31301.333333333332,23811.666666666668,27854.333333333332,26345.333333333332,19182,27570.333333333332,23376.17
E05012401,"Longfield, New Barn & Southfleet",4,24867.25,28269.25,25265.5,20442.5,26093.25,24079.25,6239,25792,16015.5
E05012402,Maypole & Leyton Cross,2,24063,24898,23338,21696,22031,13952.5,16194,21490,18842
E05012403,Newtown,3,14121.33,15038,17687,17431,18102.666666666668,7882.333333333333,9916,5682.333333333333,7799.17
E05012404,Princes,4,10563.5,9993.75,9905.5,11774.25,10883.25,8106.75,11590,15958.5,13774.25
E05012405,Stone Castle,4,19040,18655,20542.75,20237.5,18487,13806,6555.25,23222.5,14888.88
E05012406,Stone House,4,11738.25,14949.75,13575.25,15059,11745.5,4682.5,7665.5,16364.25,12014.88
E05012408,Temple Hill,6,9339,8444.666666666666,8817.833333333334,12003.833333333334,10202.5,6225.166666666667,8603.166666666666,23745,16174.08
E05012409,Town,3,15096.67,14249,18902.333333333332,19140,14396.333333333334,4225,12543.333333333334,17049,14796.17
E05012410,West Hill,4,25758.75,23589.25,26502.5,24431.25,25017.25,19209.5,20689.75,13129,16909.38
E05012411,"Wilmington, Sutton-at-Hone & Hawley",5,18720,23185.6,21494.8,19509.8,20202.8,17542.8,4583,16044.2,10313.6
E05012412,Barnstaple Central,2,5508.5,7546,5053,9922,2242,6499.5,17111.5,5432,11271.75
E05012413,Barnstaple with Pilton,5,12802.4,13374.6,11502.8,8966,12865.6,19890.4,9557.8,18258,13907.9
E05012414,Barnstaple with Westacott,5,10612.6,11230.8,9797.4,6601,10957.6,17555.6,8105.6,24659.4,16382.5
E05012415,Bickington,5,16900.6,15521.4,14924.8,12468.2,16759.4,23537.4,7859,30947.6,19403.3
E05012416,Bishop's Nympton,1,11079,21557,21014,16618,23015,31920,88,375,231.5
E05012417,Bratton Fleming,1,12223,21328,20149,21245,23615,32863,107,868,487.5
E05012418,Braunton East,2,25862.5,25317,24805,27013,25570,31312.5,8733,17422,13077.5
E05012419,Braunton West & Georgeham,4,22119,24040.75,24520.75,23602.75,22780.75,28447.25,6829.75,16123.5,11476.62
E05012420,Chittlehampton,1,12979,22192,25778,19147,29254,31630,20,742,381
E05012421,Chulmleigh,1,10888,16487,17630,13397,20869,30261,594,1241,917.5
E05012422,Combe Martin,2,11759.5,18251.5,15500.5,13230.5,19878.5,28945.5,2080,3655.5,2867.75
E05012423,Fremington,3,18384,21419.333333333332,17601.666666666668,12678.666666666666,18689.333333333332,30693.333333333332,2917.6666666666665,32638.666666666668,17778.17
E05012424,Heanton Punchardon,1,22225,19297,24673,19036,21455,31254,4982,25065,15023.5
E05012425,Ilfracombe East,5,8429.4,10195.2,8527,7570.6,7976.8,12278.6,14851.2,6798.8,10825
E05012426,Ilfracombe West,3,12646.33,13290.333333333334,11682.333333333334,9700.666666666666,14588,25885,11269,13225.333333333334,12247.17
E05012427,Instow,2,15640.5,19551,21447,19567,25033.5,26531,783,8591.5,4687.25
E05012428,Landkey,2,20532.5,24808.5,23581,23122.5,23634,31703.5,1820.5,14631,8225.75
E05012429,Lynton & Lynmouth,1,12013,21038,20451,14938,26311,29032,1032,222,627
E05012430,Marwood,2,12769,20165,21139.5,17286,23225,27013,785.5,1796.5,1291
E05012431,Mortehoe,1,19342,24472,25004,20464,27026,23167,1394,9918,5656
E05012432,Newport,3,14635.33,15149.666666666666,11977,15119.666666666666,11893.333333333334,16606.666666666668,17451.666666666668,16484.333333333332,16968
E05012433,North Molton,1,10907,20533,22056,12571,26398,32562,51,475,263
E05012434,Roundswell,2,24704,25100,21987,22783,21791,22488,14196,23397,18796.5
E05012435,South Molton,3,13405.67,12836,12223.333333333334,7482.666666666667,14263.666666666666,24050,9797.666666666666,23520.666666666668,16659.17
E05012436,Witheridge,1,10366,18052,14088,15024,17984,29775,197,2222,1209.5
E05012437,Belmont,3,26320.67,24550.333333333332,23010,23043.333333333332,19570.666666666668,25776.666666666668,26071.333333333332,28268,27169.67
E05012438,Brotton,5,11364.2,12613.4,8030.6,14357.8,7021.6,14283.8,12288.2,19146.2,15717.2
E05012439,Coatham,3,5662.67,8754,4670.333333333333,9632,2699.6666666666665,3434.6666666666665,31709.333333333332,5061,18385.17
E05012440,Dormanstown,3,5644.67,5030,3835.3333333333335,8386,4662.666666666667,9060.666666666666,25384.333333333332,17688.666666666668,21536.5
E05012441,Eston,6,5223.17,6534.666666666667,4361,5923,3282.1666666666665,4015.3333333333335,23508.333333333332,17932.333333333332,20720.33
E05012442,Grangetown,4,326.25,323.25,146.5,1636.25,641.5,916,19364.25,20276,19820.12
E05012443,Guisborough,5,8869.2,10462,6242.6,13471.2,6508.2,7398,26109.4,12926.4,19517.9
E05012444,Hutton,3,31027.33,30292,27738.333333333332,31264.333333333332,25058.666666666668,27844,19273.666666666668,28700.333333333332,23987
E05012445,Kirkleatham,5,6793,7022,5102.6,10530.2,3242.6,5712,21630.6,27448.4,24539.5
E05012446,Lockwood,1,3129,5890,2306,8836,2289,6279,3042,4615,3828.5
E05012447,Loftus,4,6221.75,8249,5480,8110.5,6844,13661.5,6795.25,10411.75,8603.5
E05012448,Longbeck,2,18766,20021,13936.5,21361,14808.5,20704,12912.5,21313,17112.75
E05012449,Newcomen,4,12249.25,10239.75,9755.5,13954,7062,12321.25,29882,24019.5,26950.75
E05012450,Normanby,5,16558.6,16816.8,13562.4,15493.4,11250,12770.6,26767,24955.2,25861.1
E05012451,Ormesby,4,15809.75,16481,12997.5,14659.5,9602.5,13394.5,25318.5,22334.25,23826.38
E05012452,St Germain's,5,20794.2,20678.2,14703.6,23527.6,12874.8,20722.2,25187.6,23047,24117.3
E05012453,Saltburn,4,14619.5,17476.25,12146,22405.5,8271.25,15406.25,23241.5,12009,17625.25
E05012454,Skelton East,2,16188.5,18382.5,13656,16515.5,11962.5,15512,12398.5,17943,15170.75
E05012455,Skelton West,3,7365,9219.666666666666,5960.666666666667,11186.333333333334,7667,11008.333333333334,9595,11366.333333333334,10480.67
E05012456,South Bank,3,5074.67,4340.333333333333,4502,4669.666666666667,3603.6666666666665,3369,24179.666666666668,21153.666666666668,22666.67
E05012457,Teesville,4,15621.25,17675.75,12895.75,14970.75,9489,10064.75,29746,18856.5,24301.25
E05012458,West Dyke,4,18629.25,18929,14810,20811.75,11671.25,15099.5,28315.75,19521,23918.38
E05012459,Wheatlands,3,31270,29272.333333333332,29981,30270,23959.666666666668,24103.333333333332,21772.666666666668,32216.333333333332,26994.5
E05012460,Zetland,3,13859.33,14771.666666666666,11272,17332,9474,13782.666666666666,26986,8004.333333333333,17495.17
E05012461,Bathavon North,5,27519.4,27871,28727,28402.4,30271.4,27137.4,11503.8,14794,13148.9
E05012462,Bathavon South,3,22536.67,30008.333333333332,29477,27506.666666666668,29460.666666666668,27622.333333333332,6047.666666666667,3598.3333333333335,4823
E05012463,Bathwick,4,26424.5,31034.5,30227.5,31008.25,28547.75,20813.5,19611.5,7738.5,13675
E05012464,Chew Valley,4,24928.75,27945,28654.5,29475.25,30177,29551.75,4727,9516.5,7121.75
E05012465,Clutton & Farmborough,2,24707.5,25356.5,23026,25249,26877,24110,7293,18983,13138
E05012466,Combe Down,5,22685,19553.4,20323.8,22383,22014.6,20010.2,18597,23166.2,20881.6
E05012467,High Littleton,2,27308,26918.5,27951.5,26270,26349.5,29959,8245,20468,14356.5
E05012468,Keynsham East,4,31188.25,28961.5,27435.25,29575.5,29342,27443,27571.75,30383.25,28977.5
E05012469,Keynsham North,2,19183.5,18122,16503,16308.5,19173,8875,31945,24756,28350.5
E05012470,Keynsham South,5,19980.2,16775.2,16517.2,16832,17265,14960.8,26433,29098.2,27765.6
E05012471,Kingsmead,4,17818.75,20936.25,21954.75,22644.5,18313,10071.75,16490,5017,10753.5
E05012472,Lambridge,3,26248,24692,24363,27926,25698.666666666668,24424.666666666668,21248,15626.333333333334,18437.17
E05012473,Lansdown,4,25242.75,26761.75,26334.5,23664.5,24856.75,21999.25,23071.75,14147.75,18609.75
E05012474,Mendip,2,24602.5,24398.5,26762,24440,29413,29772.5,5963,14236.5,10099.75
E05012475,Midsomer Norton North,3,26892.67,24360.666666666668,24087.666666666668,20675.333333333332,25821,29952.333333333332,18751,25334,22042.5
E05012476,Midsomer Norton Redfield,4,20811,18176.5,18165,17094.5,21176,17711.5,21622.5,22648,22135.25
E05012477,Moorlands,3,20984,19602,17665.333333333332,19569.666666666668,21647.333333333332,17577.333333333332,28642,17209.333333333332,22925.67
E05012478,Newbridge,4,29377.5,26633.5,27999.75,31092.5,26150.25,25546,28233.5,14249.75,21241.62
E05012479,Odd Down,4,20131.5,17613.75,17993.75,15546.25,20314.5,16214.25,23745,22463.75,23104.38
E05012480,Oldfield Park,2,28588.5,29483,30247.5,29770,24401,25591,25936.5,7707,16821.75
E05012481,Paulton,3,21220.33,19395.333333333332,19760,19227,22996,21985.666666666668,7819.333333333333,24774.666666666668,16297
E05012482,Peasedown,4,22955.75,21139.5,20912.75,18451.25,23707,25683.25,12767,24081,18424
E05012483,Publow & Whitchurch,2,21047,21893.5,22421.5,21580.5,23177,19080,18505,14237,16371
E05012484,Radstock,4,14809,12462.75,12986,14907.75,16283.5,15791.25,13031.25,17246.75,15139
E05012485,Saltford,5,27020,29073.4,27376.6,24941,26813.2,28175.4,15780.8,19139.2,17460
E05012486,Southdown,5,24349.4,21800.6,23779,17368.4,23821,21722.6,27052.4,19146.2,23099.3
E05012487,Timsbury,2,23305.5,23003,22219.5,23404.5,23366,28830,7875,20749.5,14312.25
E05012488,Twerton & Whiteway,5,5281,6347.6,5034.8,1959.8,6471.6,5383.6,16484.8,24608.8,20546.8
E05012489,Walcot,3,22668,21384.333333333332,21570.666666666668,25407.333333333332,25702.333333333332,18074,21205,8786.666666666666,14995.83
E05012490,Westfield,4,20617.5,17221.5,17783.75,14413.5,18651.25,21295.5,23096.5,26052.75,24574.62
E05012491,Westmoreland,4,27867,29324.5,32426.75,25895.75,26879.25,20563.5,25863.5,9114.5,17489
E05012492,Weston,4,23527.75,22574.75,20980.5,23348,21666.5,21218.5,19990,24193.75,22091.88
E05012493,Widcombe & Lyncombe,4,29014,31492.5,31942.5,31418.75,30253.5,25916.5,29230,5239.5,17234.75
E05012494,Ascot & Sunninghill,7,30415.29,28019,30583.571428571428,28617.85714285714,32643,26554.428571428572,15615.857142857143,27051.14285714286,21333.5
E05012495,Belmont,5,27592,24635.6,26715,26216.6,30584.8,24839.4,25246.2,14336,19791.1
E05012496,Bisham & Cookham,4,28346.75,29393.5,29624.25,28653.25,31871,26312.5,15925,14960.5,15442.75
E05012497,Boyn Hill,4,29611.25,26097.5,30020.25,26243,32928.25,24329.75,21748.5,20051.25,20899.88
E05012498,Bray,5,27870.8,30691.4,30391.8,28255.6,32783,25752,6030,18586.6,12308.3
E05012499,Clewer & Dedworth East,5,20946.8,18276,19208.2,19413.2,26576.4,17865.4,18223.4,17983.8,18103.6
E05012500,Clewer & Dedworth West,4,25989.75,24307,28020.25,19782,31066.5,24049.5,14770.75,16450.25,15610.5
E05012501,Clewer East,4,28782.75,24486.25,27897.25,26994.25,30137.25,25340,24768.5,15997.25,20382.88
E05012502,Cox Green,5,28654.2,27701.8,26502.6,26486,30662,25856.8,16312.8,27327.2,21820
E05012503,"Datchet, Horton & Wraysbury",6,21955.5,23003.833333333332,25297.833333333332,19510.5,30833.166666666668,16968,8259.5,12484.833333333334,10372.17
E05012504,Eton & Castle,7,24699.86,25786.85714285714,27842.714285714286,23376,31730.428571428572,16278.142857142857,21613.428571428572,8654.57142857143,15134
E05012505,Furze Platt,5,25928,21719.6,23727,22362.6,30252.8,23094.4,21626.4,27137.4,24381.9
E05012506,Hurley & Walthams,4,20152.25,24683.25,25695.75,21414.75,30412.5,25560,3958.5,8996.5,6477.5
E05012507,Old Windsor,4,28085.75,28854.5,28460.75,24971.5,32755.75,25021.75,15278.75,15864.25,15571.5
E05012508,Oldfield,4,23370.5,20496.5,22457.25,18986,26915,21605.25,22886.25,20951,21918.62
E05012509,Pinkneys Green,5,28902.6,26679.2,27166,27051.8,30751.6,28221.4,21165.4,25966.4,23565.9
E05012510,Riverside,4,30377.75,28282,30767.5,27658.5,33059,26178,16868,24478.25,20673.12
E05012511,St Mary's,4,19437.75,14993.75,16993.75,19834.25,24123.75,13300.75,21525.25,17937.75,19731.5
E05012512,Sunningdale & Cheapside,3,31353.67,29647.333333333332,30651,30392,32610.666666666668,28901.333333333332,13679.333333333334,27778.666666666668,20729
E05012565,Assington,1,22370,29640,25867,27936,30232,26224,1784,8431,5107.5
E05012566,Box Vale,1,19008,23221,26229,21422,31940,23456,2794,3321,3057.5
E05012567,Brantham,2,21629.5,22390.5,22173.5,17397.5,23386.5,28453,4329.5,26158,15243.75
E05012568,Brett Vale,2,22234.5,28136.5,28731,26063.5,30391,31894,2880,4498,3689
E05012569,Bures St Mary & Nayland,2,18637,22943.5,23480,23512,28358.5,27365,3284.5,3814,3549.25
E05012570,Capel St Mary,2,28762.5,27702,28761,21538,30564,28644.5,9165,31698,20431.5
E05012571,Chadacre,3,19186.33,22963.666666666668,23417.333333333332,15799.666666666666,25677,28312.333333333332,3918.3333333333335,13752,8835.17
E05012572,Copdock & Washbrook,2,22023.5,26028.5,25358.5,23963,25878,24048,4804.5,10037,7420.75
E05012573,East Bergholt,2,25941.5,26182.5,25896.5,26130.5,29304.5,27938,6017.5,18282.5,12150
E05012574,Ganges,1,20323,26785,27937,19921,29586,30996,1358,6425,3891.5
E05012575,Great Cornard,6,14642.17,13809,14836.333333333334,9100.5,17798,13591.5,8537.333333333334,30714.333333333332,19625.83
E05012576,Hadleigh North,1,22116,16913,21567,16258,20062,24549,14045,29193,21619
E05012577,Hadleigh South,5,21933.8,19995.6,20264.2,16419.2,22074.8,24750,16005.8,22736,19370.9
E05012578,Lavenham,3,18856,17104.333333333332,18591,17108.666666666668,24301,27622.333333333332,4875,19005,11940
E05012579,Long Melford,3,20457.33,19785.333333333332,20642,17466.666666666668,24841.333333333332,24639,6536.333333333333,18704,12620.17
E05012580,North West Cosford,2,15351.5,20096,21309.5,16848.5,30413,28141,1126,3299,2212.5
E05012581,Orwell,1,15252,20770,18310,13972,26341,23655,1874,5349,3611.5
E05012582,South East Cosford,1,21809,27655,26768,22332,28628,32404,1912,8398,5155
E05012583,Sproughton & Pinewood,4,23833.5,23271,23465.5,15431.5,24519.5,21413.75,19680.25,25708.25,22694.25
E05012584,Stour,2,22410,26279.5,25300,24189,29708.5,31717,3481,7681,5581
E05012585,Sudbury North East,1,9758,9823,10183,2485,15833,9117,12848,30040,21444
E05012586,Sudbury North West,4,17228.25,15143,15636.25,11999.5,17065,15667.75,22020.25,23824.5,22922.38
E05012587,Sudbury South East,3,15198.67,16174,12210.666666666666,10918,15133.333333333334,12424,20996,19424,20210
E05012588,Sudbury South West,1,19060,20890,18700,13529,17655,17270,19577,10280,14928.5
E05012589,Bacton,2,19136,25612.5,24535.5,16150,26876.5,30564,1722.5,10060,5891.25
E05012590,Battisford & Ringshall,2,22294.5,28890,29610.5,21871.5,25150,31061.5,1315.5,14887.5,8101.5
E05012591,Blakenham,1,25408,23107,26437,20538,23066,28837,7494,29172,18333
E05012592,Bramford,2,20629.5,23902.5,21126.5,16150,19817.5,23851.5,5342,22332,13837
E05012593,Chilton,4,19714.75,19177.75,18449,14029,18021.5,18575.5,17417.5,27944.25,22680.88
E05012594,Claydon & Barham,4,22589,25663.5,27387.25,22456,23735.5,28265,6115.75,13925,10020.38
E05012595,Combs Ford,4,15670.5,16858.5,14811,10988.75,14312.75,14368.25,15778.75,23339.5,19559.12
E05012596,Debenham,1,22498,23606,24354,24769,29664,31083,7126,5171,6148.5
E05012597,Elmswell & Woolpit,3,22059,20655.666666666668,21613.666666666668,15742.333333333334,21522.666666666668,24658.333333333332,9644.333333333334,29115,19379.67
E05012598,Eye,1,16762,17171,15539,12249,21820,26493,9161,9856,9508.5
E05012599,Fressingfield,1,15779,23234,19348,19162,26260,31762,810,4243,2526.5
E05012600,Gislingham,2,19755,26099.5,24804,21831,25733,30759.5,2063.5,5904.5,3984
E05012601,"Haughley, Stowupland & Wetherden",3,18810,19750.666666666668,21303.666666666668,15266.666666666666,23929.333333333332,26756.333333333332,4338,14923,9630.5
E05012602,Hoxne & Worlingworth,2,17754,27565.5,27228,21370.5,30111,31053,337.5,4235,2286.25
E05012603,Mendlesham,3,18732,25056,23514.666666666668,18360.666666666668,26536,29426,1883.6666666666667,6467,4175.33
E05012604,Needham Market,3,21456,20135.666666666668,19851,16364.333333333334,19806,25300,13278.333333333334,22321.666666666668,17800
E05012605,Onehouse,2,22133,27946,25001,21071,25249,27171,2698,15250.5,8974.25
E05012606,Palgrave,1,21943,27156,23316,21261,29792,22312,5327,7661,6494
E05012607,Rattlesden,1,18261,24265,23396,19056,28806,31477,1205,6024,3614.5
E05012608,Rickinghall,2,17672,23503,22699,14812,28395,30089,2940.5,4659,3799.75
E05012609,St Peter's,1,15124,14147,9748,14444,13879,10244,26914,26080,26497
E05012610,Stonham,1,21415,27293,28463,24163,29263,30500,2401,4638,3519.5
E05012611,Stow Thorney,3,24061.33,20719.666666666668,23494,19341.333333333332,21662.333333333332,22041.333333333332,17679.666666666668,24363,21021.33
E05012612,Stradbroke & Laxfield,2,19341,23284,24428.5,20026.5,27194,31999,1729.5,7900,4814.75
E05012613,Thurston,4,23404.25,22107,24139,23793.5,26738,28211.75,5581,22041.25,13811.12
E05012614,Walsham-le-Willows,2,18176.5,21882.5,24950,18602,26647,30895,1647,6927.5,4287.25
E05012615,Bishop's Tachbrook,4,21279.75,14257.75,19920.5,22699.25,21165,17353.75,15536,32263.5,23899.75
E05012616,Budbrooke,3,26392,24854.666666666668,26119.666666666668,30309.666666666668,29519.666666666668,26204,6076.333333333333,20766.333333333332,13421.33
E05012617,Cubbington & Leek Wootton,3,25511,27947,28110.666666666668,26189.666666666668,26254.666666666668,27349.333333333332,6934.666666666667,17915,12424.83
E05012618,Kenilworth Abbey & Arden,7,25781.57,30752.428571428572,31807.571428571428,30231,31734.714285714286,26502.428571428572,11067.285714285714,9715.857142857143,10391.57
E05012619,Kenilworth Park Hill,6,29821,28112.5,28738.166666666668,30137.5,25438.333333333332,26186.5,26089,23864.333333333332,24976.67
E05012620,Kenilworth St John's,6,30123,27274,26812.666666666668,30468.5,26249.166666666668,26865.5,30493.333333333332,23563.666666666668,27028.5
E05012621,Leamington Brunswick,6,14719.33,15418.666666666666,17683.5,9314,13081,9937.166666666666,26483.5,15179.166666666666,20831.33
E05012622,Leamington Clarendon,6,21543.67,21704.666666666668,23265.833333333332,26778.833333333332,18615,11712.833333333334,31202.166666666668,9678.333333333334,20440.25
E05012623,Leamington Lillington,8,23339.75,21432.5,21301.75,21679.375,21487.875,21543.125,24852.625,24270,24561.31
E05012624,Leamington Milverton,7,30284.57,29871.428571428572,29058.571428571428,31807.714285714286,27051.14285714286,26985.571428571428,32069.14285714286,15853.285714285714,23961.21
E05012625,Leamington Willes,7,20117,20660,21263.85714285714,18661.85714285714,16142,14729.285714285714,27010.85714285714,16567,21788.93
E05012626,Radford Semele,2,23105.5,21097.5,22646,23987.5,22406.5,27525.5,6978,21471,14224.5
E05012627,Warwick All Saints & Woodloes,6,22509.67,21176,18323.833333333332,20129.666666666668,17085.166666666668,22543.833333333332,27757,22013,24885
E05012628,Warwick Aylesford,5,24706.4,22897.8,23375.6,22255.6,23025,17999,30335,20148.8,25241.9
E05012629,Warwick Myton & Heathcote,5,26151.8,22738.2,22951.8,28215.4,24334.6,20688.2,27928.6,20648.8,24288.7
E05012630,Warwick Saltisford,3,20441.33,16923,17577.666666666668,18416.666666666668,17418.666666666668,19650.333333333332,29435,19896,24665.5
E05012631,Whitnash,4,26286.5,24066.25,23657.75,20131.25,21445.75,23403.5,25487,25955,25721
E05012632,Barleythorpe,2,28600,21656.5,25392.5,28932,24502,23995,24410.5,32957,28683.75
E05012633,Braunston & Martinsthorpe,2,20803,29728.5,30161,32095.5,30094.5,29813,1135,2916.5,2025.75
E05012634,Cottesmore,1,25929,29165,31457,26724,31782,33547,2579,12833,7706
E05012635,Exton,1,23614,28811,26585,28645,30991,26756,2989,8199,5594
E05012636,Greetham,1,18182,30487,32533,15460,28237,18471,270,8497,4383.5
E05012637,Ketton,2,24768.5,27693,27031,30182.5,29732.5,31256.5,4487,9347,6917
E05012638,Langham,1,24684,28587,26726,31732,27020,29869,6720,5543,6131.5
E05012639,Lyddington,1,23949,31477,31087,31875,33317,30507,1613,5815,3714
E05012640,Normanton,2,26672,27292.5,31143,30909.5,30489,32415.5,2572.5,18660.5,10616.5
E05012641,Oakham North East,2,26579.5,22827,23390.5,24462.5,27802,24051,28043,21889,24966
E05012642,Oakham North West,2,23595.5,18686.5,17613,24835,20676,23739.5,26967,23232.5,25099.75
E05012643,Oakham South,3,28240,22404.333333333332,21383.666666666668,27120,24905,26983,27259,29809.333333333332,28534.17
E05012644,Ryhall & Casterton,2,24974,28206,23637,25928,29087.5,27451.5,6719.5,12866.5,9793
E05012645,Uppingham,3,25779.67,22759.333333333332,24288.333333333332,24639,28114.666666666668,22810.333333333332,13332.333333333334,22179.666666666668,17756
E05012646,Whissendine,1,24818,23356,23027,31134,30623,28555,4243,19581,11912
E05012647,Beeston & Holbeck,16,7549.12,6979.5625,9172.25,8320.125,9410.9375,5588.9375,22449.25,7018.5,14733.88
E05012648,Farnley & Wortley,16,11650.44,12516.75,11749.125,10167.3125,11303.4375,6415.8125,23239.4375,11552.875,17396.16
E05012649,Alderney & Bourne Valley,10,16234.1,14345.9,14557.2,11758.5,15602.1,13376.3,22618.3,24324,23471.15
E05012650,Bearwood & Merley,9,24605,24848,22433.444444444445,18875.333333333332,22642,25354.666666666668,13103.666666666666,29763.11111111111,21433.39
E05012651,Boscombe East & Pokesdown,6,15135.5,15317.833333333334,12792.5,17982.333333333332,16880,11119.333333333334,18170.333333333332,9493.833333333334,13832.08
E05012652,Boscombe West,7,7163.43,7683.142857142857,7167.142857142857,10013.142857142857,7213.714285714285,4028.1428571428573,16537.285714285714,8181.142857142857,12359.21
E05012653,Bournemouth Central,9,13995.67,18699.11111111111,20145.555555555555,16133.222222222223,12637.666666666666,5819.555555555556,12788.555555555555,8627.555555555555,10708.06
E05012654,Broadstone,7,32589.43,31370.428571428572,30500.571428571428,29060.14285714286,28588.714285714286,30313.85714285714,25419.714285714286,31388.428571428572,28404.07
E05012655,Burton & Grange,6,12967.83,12825.166666666666,11932.666666666666,10128,12678.833333333334,16157,9270.833333333334,26698.166666666668,17984.5
E05012656,Canford Cliffs,5,27228.2,29939.2,26396,25254,23698,21016,16754,23629.2,20191.6
E05012657,Canford Heath,10,20907.5,17980.6,18167.2,15871.1,17828.8,19465,23014.8,29086.7,26050.75
E05012658,Christchurch Town,7,17666.71,15107.714285714286,15586.857142857143,18717,14865.714285714286,17174.85714285714,20522,18733.571428571428,19627.79
E05012659,Commons,6,23004.17,20551.666666666668,20435.833333333332,22611.333333333332,21541,23785.333333333332,15464.333333333334,22890.333333333332,19177.33
E05012660,Creekmoor,6,19949.83,17006.166666666668,18405.333333333332,14412.166666666666,18479.666666666668,20860.5,17192.833333333332,28651.833333333332,22922.33
E05012661,East Cliff & Springbourne,8,9110.12,10426.125,9221.75,12379.875,8770.125,5476.5,14048.25,8927.25,11487.75
E05012662,East Southbourne & Tuckton,6,27397.83,26540.333333333332,23058,27619,22790.666666666668,23500.666666666668,23107.5,23573.666666666668,23340.58
E05012663,Hamworthy,9,14611.56,12720.222222222223,12999.888888888889,9238.111111111111,14238,14747,19430.444444444445,25603.222222222223,22516.83
E05012664,Highcliffe & Walkford,5,26137.6,26275,22916.2,22680,25161.2,29166.8,9133.8,28981.4,19057.6
E05012665,Kinson,11,7151.45,7426.909090909091,5858.363636363636,5767.818181818182,7773.545454545455,6850.818181818182,13705.818181818182,23349.545454545456,18527.68
E05012666,Littledown & Iford,6,28101.33,25437,26344.166666666668,28371.666666666668,26440,20171.833333333332,26855.166666666668,20413.166666666668,23634.17
E05012667,Moordown,6,24146,19539,21543.833333333332,24045.833333333332,22354.833333333332,20853,23857.333333333332,18977.833333333332,21417.58
E05012668,"Mudeford, Stanpit & West Highcliffe",7,27776.86,26229.714285714286,25806.85714285714,23571.14285714286,27634,27006.714285714286,12585,28425.571428571428,20505.29
E05012669,Muscliff & Strouden Park,11,17950.55,14793.363636363636,14183,17007.454545454544,15137,18738.81818181818,20294,24280.090909090908,22287.05
E05012670,Newtown & Heatherlands,10,15341.7,13173.4,14739.9,11606.4,14345.6,13341.7,22736.3,18554.8,20645.55
E05012671,Oakdale,6,25183.83,21902,22064.833333333332,19078.666666666668,23268,24042.666666666668,28653,21270.833333333332,24961.92
E05012672,Parkstone,6,24851.33,22356.166666666668,22083.333333333332,27463.166666666668,23423.166666666668,18543.333333333332,24758.666666666668,17141.333333333332,20950
E05012673,Penn Hill,7,26061.29,24950.428571428572,25078.85714285714,28522.428571428572,24789,21234.571428571428,22646.714285714286,20606.285714285714,21626.5
E05012674,Poole Town,9,13861.67,12266.888888888889,12106.888888888889,14503,11617.333333333334,12595.222222222223,27482.222222222223,15576.333333333334,21529.28
E05012675,Queen's Park,6,17827.67,15941.5,17204.666666666668,21265.166666666668,17898,11350.166666666666,19379.166666666668,13723,16551.08
E05012676,Redhill & Northbourne,6,22171.17,20279.833333333332,17771.833333333332,20420.333333333332,20789.5,19576,20356.666666666668,20629.833333333332,20493.25
E05012677,Talbot & Branksome Woods,9,22049.33,20356.777777777777,20494,24987.777777777777,19746.11111111111,17481.555555555555,18788.88888888889,16129.111111111111,17459
E05012678,Wallisdown & Winton West,6,18796,16548.833333333332,17389,19660.5,16333.666666666666,14222.833333333334,21287,18847.833333333332,20067.42
E05012679,West Southbourne,6,18355.67,16553.166666666668,14628.5,21857.333333333332,16561.5,16988.166666666668,16347.5,18166.333333333332,17256.92
E05012680,Westbourne & West Cliff,6,16392.83,16468.5,14821.333333333334,23627.333333333332,13207.166666666666,12216.166666666666,17099.833333333332,11560,14329.92
E05012681,Winton East,6,17769.17,16481.166666666668,19361.833333333332,19431.166666666668,17350.333333333332,11933,16383.666666666666,11347,13865.33
E05012682,Beacon,3,18499.67,29150.333333333332,26822,20642.333333333332,27821.333333333332,27165.333333333332,1461.3333333333333,3151,2306.17
E05012683,Beaminster,3,15041,15229.666666666666,17442.666666666668,13565.333333333334,19855.666666666668,27148,5229.666666666667,15047.666666666666,10138.67
E05012684,Blackmore Vale,2,15645,21789,21525,17983,27309,29494,326,7377,3851.5
E05012685,Blandford,5,20296.4,16741.6,16730.8,18814.2,19652.2,20616.6,17083,25799.8,21441.4
E05012687,Chalk Valleys,1,15286,23151,23980,20352,29596,28503,219,3056,1637.5
E05012688,Charminster St Mary's,3,18465,23480,23080.333333333332,20810.666666666668,26974,29173,1910.3333333333333,11669.333333333334,6789.83
E05012690,Chickerell,5,16002.2,14137.6,15249.4,13777.8,17309.8,21172.6,6612,27276.2,16944.1
E05012691,Colehill & Wimborne Minster East,5,28237.6,27888.8,27263.8,25216.4,28555.6,28964.4,8892.2,31157.2,20024.7
E05012692,Corfe Mullen,7,28848.71,26534.428571428572,27137.571428571428,23969,27440.14285714286,29116.285714285714,13859.57142857143,31623.285714285714,22741.43
E05012693,Cranborne & Alderholt,3,20936.33,24431,25396,19416.666666666668,27819.666666666668,26840.666666666668,2264.3333333333335,21864.666666666668,12064.5
E05012694,Cranborne Chase,3,16781.33,24744,27431.666666666668,24658.666666666668,28845.666666666668,29849,659.3333333333334,3125.3333333333335,1892.33
E05012695,Crossways,2,17431,21144,18322,17115.5,22445.5,24305.5,2066,16472.5,9269.25
E05012696,Dorchester East,6,22864.17,21087.5,19553,21261.166666666668,20080.5,22532.833333333332,25605.166666666668,23393.5,24499.33
E05012697,Dorchester Poundbury,3,18215.33,14797,12656,15576,15232,20019.333333333332,24089.333333333332,31302,27695.67
E05012698,Dorchester West,5,21283.2,19208.4,17361.6,19364,17043.6,23534.2,22554.8,20772.4,21663.6
E05012700,Ferndown North,6,25514.17,24481.333333333332,21240,18491.833333333332,22935.166666666668,28003.166666666668,17460.666666666668,28020.666666666668,22740.67
E05012701,Ferndown South,5,20151.6,19090.2,17316,14754.4,20821,19637,16462,27226.6,21844.3
E05012702,Gillingham,8,22118.12,22277.125,21323.625,17869.375,24076,26387.625,12184.5,22565.625,17375.06
E05012703,Hill Forts & Upper Tarrants,3,18626.33,22319.333333333332,20492,18695,27056.666666666668,27549.666666666668,2278.3333333333335,10668.666666666666,6473.5
E05012704,Littlemoor & Preston,6,18388.33,19147.166666666668,16454.833333333332,13532.833333333334,17198.5,18242.333333333332,11473.333333333334,30635.333333333332,21054.33
E05012705,Lyme & Charmouth,3,18089,19567.333333333332,19105.666666666668,17576.333333333332,24225.333333333332,22426,5170.333333333333,15372.333333333334,10271.33
E05012706,Lytchett Matravers & Upton,7,20663.29,19156.285714285714,20353.571428571428,15734.714285714286,21388.571428571428,22023.285714285714,13824.714285714286,20881.571428571428,17353.14
E05012708,Melcombe Regis,3,5278.67,8905.333333333334,4171.666666666667,2997.3333333333335,5730,5915,25300,7068.333333333333,16184.17
E05012709,Portland,7,11574.14,13832.285714285714,12490.57142857143,8683.42857142857,13109.142857142857,15497,5431.571428571428,17147.428571428572,11289.5
E05012710,Puddletown & Lower Winterborne,4,17474.75,22803.75,20977.75,21928.75,26420.75,29529,1465.75,7992,4728.88
E05012711,Radipole,5,21735.2,21603.2,17331.2,18920,18320.6,22075,21403.6,21437.6,21420.6
E05012712,Rodwell & Wyke,9,14197.22,15240.222222222223,12516.222222222223,10449.555555555555,16171.222222222223,16586.88888888889,11277.555555555555,17485.555555555555,14381.56
E05012713,St Leonards & St Ives,4,26195.25,27696.25,24120.25,24049,26528.75,26454.5,6407.25,29759.75,18083.5
E05012714,Shaftesbury Town,5,20012.8,19383.6,18417.8,14290.8,20854.2,21048,15037.6,23294.4,19166
E05012715,Sherborne East,3,20095,16934,14430,18072.333333333332,22079.666666666668,25367,21737,21564.333333333332,21650.67
E05012716,Sherborne Rural,2,20067.5,24100,25626.5,25425.5,30307.5,30066.5,2729.5,3934,3331.75
E05012717,Sherborne West,4,20250.5,17603.75,16304.5,17151,18798,25600.25,18017.75,24373.5,21195.62
E05012718,South East Purbeck,2,17431,19862.5,21399.5,18078.5,25991.5,23919,3894.5,5449,4671.75
E05012719,Stalbridge & Marnhull,3,18538,20158.666666666668,19001,21017,25869.666666666668,31539.333333333332,2553.6666666666665,15361,8957.33
E05012720,Stour & Allen Vale,3,19606.67,25023,25956.666666666668,18145,27952.333333333332,25435.333333333332,1980.6666666666667,12466.666666666666,7223.67
E05012721,Sturminster Newton,3,16346,17063.333333333332,17956.333333333332,13542.666666666666,19297.333333333332,21256.666666666668,4862.333333333333,18236.333333333332,11549.33
E05012722,Swanage,7,17217.29,17267.14285714286,14231.42857142857,15253.42857142857,18382.571428571428,19500.85714285714,12911.857142857143,17048.714285714286,14980.29
E05012723,Upwey & Broadwey,2,24616.5,25937,22357.5,21035.5,22850,27084,14708,14317,14512.5
E05012724,Verwood,9,26521.11,25997.222222222223,24803.777777777777,20945.555555555555,25375.444444444445,27032,10560.666666666666,32032.222222222223,21296.44
E05012725,Wareham,7,19230.14,17930.85714285714,17811,15657.142857142857,21026.714285714286,23511.285714285714,12174.857142857143,21700.85714285714,16937.86
E05012726,West Moors & Three Legged Cross,6,19481.83,21215.5,16699.5,14854.333333333334,18371.833333333332,26392.833333333332,6493.666666666667,29347,17920.33
E05012727,West Parley,3,30594.67,31913.333333333332,29163.666666666668,25053.666666666668,28066.333333333332,29333.333333333332,14625.666666666666,26989.333333333332,20807.5
E05012728,West Purbeck,6,16378.83,19267.833333333332,18873.5,15366.166666666666,20513.333333333332,25137.333333333332,3711,15808.166666666666,9759.58
E05012729,Westham,5,10290.2,10759.6,8699.4,7147.4,10930.6,9887,17389.4,20039.4,18714.4
E05012730,Wimborne Minster,5,22107.4,18096,19640.6,20010.8,22581.6,18746.4,21323.8,23596.8,22460.3
E05012731,Winterborne & Broadmayne,2,19651,22727.5,23617.5,20022.5,24921.5,27252,1921.5,12899.5,7410.5
E05012732,Winterborne North,2,19990,18057,19401,16670,24891,24782.5,7326,24064.5,15695.25
E05012733,Yetminster,3,15940.33,23087.666666666668,24482,20340,29230.333333333332,30212.666666666668,765.3333333333334,3153.3333333333335,1959.33
E05012735,Beccles & Worlingham,9,18052.22,17272.333333333332,15636,13153.111111111111,17180.777777777777,22070.666666666668,19107.666666666668,22867.222222222223,20987.44
E05012736,Bungay & Wainford,5,13671.6,18538,15737.2,12814.4,19020.2,22487.4,6112.2,12569.6,9340.9
E05012737,Carlford & Fynn Valley,4,23028.75,26704,23611.75,23448,26209,30779.25,5357.25,12902.75,9130
E05012738,Carlton & Whitton,6,16014.17,16374,12198.166666666666,10057.666666666666,14165.833333333334,19436.333333333332,20229.166666666668,26896.833333333332,23563
E05012739,Carlton Colville,4,23898,20494.5,20890.25,16616.5,21131.5,24045.75,19660,31972.5,25816.25
E05012740,Deben,3,18899.67,26293,26612,18784,23990.666666666668,29485.333333333332,939.3333333333334,9554.666666666666,5247
E05012741,Eastern Felixstowe,7,20623.43,22666.85714285714,19884.14285714286,14771.142857142857,16548.428571428572,23778.285714285714,20356.285714285714,16861.85714285714,18609.07
E05012742,Framlingham,5,17507.4,23996.8,25662.2,19544.8,25058.6,31126.6,1581.8,8973,5277.4
E05012743,Gunton & St Margarets,6,11844.17,13374.5,8580.166666666666,8920.666666666666,9536.833333333334,13809.666666666666,17143.666666666668,27999.5,22571.58
E05012744,Halesworth & Blything,5,13911.6,16959.8,14643,12804.4,19429.2,27865,2394,16811.6,9602.8
E05012745,Harbour & Normanston,10,3640.1,4596.3,2942.3,3578.3,4458.1,3789.6,21775.6,7953.2,14864.4
E05012746,Kelsale & Yoxford,2,12273,18107,17474,13470.5,20501,24205,2223,5679,3951
E05012747,Kesgrave,8,28691.88,26204.625,27084.375,23254.875,22743.125,29437,18131.375,31320.25,24725.81
E05012748,Kessingland,3,9792.33,11518,7807,4510,11514.666666666666,21121,10816.666666666666,17218.333333333332,14017.5
E05012749,Kirkley & Pakefield,10,10056.3,11683.3,7973.8,8559.9,9469.7,12353,22836.5,10254,16545.25
E05012750,Lothingland,3,17168.67,21452.666666666668,19362.666666666668,16282.666666666666,18709.333333333332,25128.666666666668,3853,11704,7778.5
E05012754,Oulton Broad,9,17780.44,16853.777777777777,14127,14283.888888888889,14657.666666666666,22431.444444444445,18260.88888888889,21342.88888888889,19801.89
E05012755,Rendlesham & Orford,3,18406,22865.333333333332,23307.333333333332,17854.666666666668,19891,28231,2278,17581.666666666668,9929.83
E05012756,Rushmere St Andrew,3,32669,31881.666666666668,31535.333333333332,28137,27435.333333333332,32522.666666666668,22583.333333333332,29939,26261.17
E05012758,Southwold,2,17476.5,18436,16111.5,11453,21283,28706,7979,17703,12841
E05012759,Western Felixstowe,8,13853.25,13996.5,14033.25,6454.625,11091.125,19244.125,21569.625,22506,22037.81
E05012760,Wickham Market,1,13088,14645,12806,11696,13759,20967,2760,21871,12315.5
E05012762,"Wrentham, Wangford & Westleton",2,12865.5,21193.5,17597.5,8412.5,20998,22479,1755.5,4526.5,3141
E05012763,Abbeygate,4,15878.5,17289.75,15279.75,15969.5,13567,8363.75,31184.75,9966.5,20575.62
E05012764,Bardwell,2,17428,23858.5,24210,15176,25541.5,27211,1091,8646.5,4868.75
E05012765,Barningham,2,15675.5,23298,22756.5,10963.5,23852.5,24025.5,1900,5792,3846
E05012766,Barrow,1,22003,21165,22898,19561,26165,31982,5318,14467,9892.5
E05012767,Brandon Central,1,5606,8597,9028,1584,6571,5904,4564,15573,10068.5
E05012768,Brandon East,2,17662,24250,20491,5895,20489.5,27197.5,3856,24546,14201
E05012769,Brandon West,2,14249,17619,15821.5,6900,16920.5,21312,3310.5,25842,14576.25
E05012770,Chedburgh & Chevington,1,19212,25757,26174,23688,24780,32560,679,7930,4304.5
E05012771,"Clare, Hundon & Kedington",5,20210.8,26956.6,26936,19306.6,27109.6,24244.4,2488.2,10351.2,6419.7
E05012772,Eastgate,2,16862,17697.5,13975,18677.5,11614.5,18742.5,31851.5,9145.5,20498.5
E05012773,Exning,1,22880,20124,23280,22815,27131,19626,7930,18986,13458
E05012774,Haverhill Central,1,17244,16552,18397,6668,22066,11718,21014,21571,21292.5
E05012775,Haverhill East,3,13238,14493.666666666666,13814,5746.666666666667,16966,10081.666666666666,13392.666666666666,24604,18998.33
E05012776,Haverhill North,2,23266.5,25033,23394,17929,22230.5,18368.5,13084,27459.5,20271.75
E05012777,Haverhill South,4,9942,9156.25,10033.25,5991,13005.75,8069,8792.5,31837.5,20315
E05012778,Haverhill South East,1,29311,30936,29033,17968,26982,31726,10793,32860,21826.5
E05012779,Haverhill West,3,23038.67,21961.333333333332,22943.666666666668,16437.666666666668,24320.333333333332,21597,8690.333333333334,32479.666666666668,20585
E05012780,Horringer,1,22529,26873,26313,22794,24738,29022,5568,6400,5984
E05012782,Ixworth,1,21773,20063,24530,16553,23064,23711,7741,18295,13018
E05012783,Kentford & Moulton,1,23987,29016,29827,24843,29245,30512,2492,9809,6150.5
E05012784,Lakenheath,5,17931.2,26399.6,27929.4,7995,25544.2,29692.2,1596,12940.4,7268.2
E05012786,Mildenhall Great Heath,2,8255.5,7503,7881.5,5267.5,8656,13238,7565.5,29019,18292.25
E05012787,Mildenhall Kingsway & Market,2,15217,16886,17341,7798.5,15376,8709.5,12942,25616.5,19279.25
E05012788,Mildenhall Queensway,1,29498,28536,29755,17585,26688,32490,13675,33073,23374
E05012789,Minden,4,19485.75,19327.75,17187,14742.75,18707.25,16003.25,23771.75,24283,24027.38
E05012791,Newmarket East,5,16669.8,16405.2,19918,12933.6,18371.4,10128.4,21248.4,15152,18200.2
E05012792,Newmarket North,3,22065.33,18015,23465.666666666668,14976.666666666666,22962.333333333332,20915,16113,20909,18511
E05012793,Newmarket West,3,22795.67,20985.666666666668,22812.333333333332,15358,22300.333333333332,18000.666666666668,19596.666666666668,22400.666666666668,20998.67
E05012794,Pakenham & Troston,2,19231,26673,28166.5,21580.5,26617.5,30489,902.5,8544,4723.25
E05012795,Risby,2,20037.5,27110.5,25413,22079.5,21173.5,32493.5,3439.5,5548,4493.75
E05012797,St Olaves,4,12039.25,10228.5,12347.25,4974.5,14017,11056,22490.75,30966,26728.38
E05012798,Southgate,3,25003.67,24568.333333333332,21047.333333333332,20983,18439,21790.333333333332,24104.333333333332,27448,25776.17
E05012799,Stanton,2,18934,20679.5,19398,11826.5,21321.5,28786,5362.5,19802,12582.25
E05012800,The Fornhams & Great Barton,2,27959.5,28171.5,25922.5,22096.5,29833,29785.5,9552,26408,17980
E05012801,The Rows,5,16276.2,22817.2,23652.2,7781.4,21509.8,22738.2,3112.4,11608.6,7360.5
E05012802,Tollgate,4,15792.25,14684.5,15296.5,9655.25,17186.25,9727.25,27547.25,22321,24934.12
E05012803,Westgate,3,30092.67,29829,27380.333333333332,21139,26740,27799,21646,28177,24911.5
E05012804,Whepstead & Wickhambrook,1,19967,24433,27260,23795,29699,30570,1597,4935,3266
E05012805,Withersfield,1,21406,22600,26742,22106,29681,23071,3055,10476,6765.5
E05012841,Adel & Wharfedale,14,26079.64,24589.928571428572,24661.35714285714,27851.214285714286,25181.35714285714,21059.285714285714,20609.5,21771.428571428572,21190.46
E05012842,Alwoodley,16,24776.25,23543.8125,22491.8125,27268.125,24083.1875,19002.625,24088.9375,19021.8125,21555.38
E05012851,Ditchingham & Earsham,5,16643.2,20945.4,18442.4,16245,23044.2,24179.8,5430,5600.4,5515.2
E05012852,Harleston,3,18868.33,19141.666666666668,17714,11111.666666666666,22171.333333333332,22545.666666666668,10947,21180,16063.5
E05012854,Sonning Common,5,29416.6,27056.2,28322.2,29137.4,31564.4,29886.6,11746,27121.2,19433.6
E05012855,Alkham & Capel-le-Ferne,2,17235.5,23763,17890.5,13540,22391,24085,1873,16001,8937
E05012856,"Aylesham, Eythorne & Shepherdswell",7,13210.57,15993.42857142857,15343.285714285714,10836.42857142857,17576,17475.14285714286,2931.285714285714,25649.14285714286,14290.21
E05012857,Buckland,5,6593,6681.6,5937.6,5868.4,8009.4,6770.8,8561.8,22565.4,15563.6
E05012858,Dover Downs & River,3,25580,27254.666666666668,25447,23421,24471.666666666668,22478.333333333332,7237.666666666667,26654.333333333332,16946
E05012859,Eastry Rural,5,15229.4,18945.8,15620.4,17535.8,18806.6,18680.8,4166.4,16724,10445.2
E05012860,"Guston, Kingsdown & St Margaret's-at-Cliffe",4,18615.75,24010.25,20139.75,22937.25,23802.5,21795,1790.75,16341.5,9066.12
E05012861,Little Stour & Ashstone,3,15390.67,17017,15834,21188,22274,19275.666666666668,2309.3333333333335,11630,6969.67
E05012862,Maxton & Elms Vale,3,19381,20754,19357.333333333332,16470.333333333332,19021,16250,12618,15815.333333333334,14216.67
E05012863,Middle Deal,5,13979.8,14352,10785.2,11772.6,13561.8,11346.4,19462.6,22003.2,20732.9
E05012864,Mill Hill,5,12974.8,13058.8,11129,9373,11744.6,11835.8,14765.6,27219.6,20992.6
E05012865,North Deal,5,14950,16337.6,13378.2,15443.4,15820.6,13275.4,18104.8,13583.8,15844.3
E05012866,St Radigunds,4,3448.25,4293,3692,3447.25,5597,1697.5,12516.25,13227,12871.62
E05012867,Sandwich,4,17758,18123.75,17327,18000.25,23401.25,18989.5,9557.5,16713,13135.25
E05012868,Tower Hamlets,2,3730,4234,3714,3848.5,7754.5,1444.5,12221.5,12588.5,12405
E05012869,Town & Castle,5,2740.4,5136.2,2464.6,2980.2,5052.2,2493.4,7292.2,9492.4,8392.3
E05012870,Walmer,4,18617,18561.25,15191.75,19122.75,18552.25,16251.5,12836,21720.75,17278.38
E05012871,Whitfield,3,20349.67,21372.666666666668,19030.333333333332,16995,20840.333333333332,23158,5055,30621.333333333332,17838.17
E05012872,Banstead Village,6,28371,26148.333333333332,25457.166666666668,25304.833333333332,27316.333333333332,20128,30051.166666666668,19278.5,24664.83
E05012873,"Chipstead, Kingswood & Woodmansterne",6,29603.17,29200,29867.833333333332,27003.333333333332,30904,22501.333333333332,14286.166666666666,24818.833333333332,19552.5
E05012874,Earlswood & Whitebushes,6,23798.17,22229.833333333332,25357.5,22522.166666666668,24637.833333333332,18887.333333333332,16415.333333333332,14000,15207.67
E05012875,"Hooley, Merstham & Netherne",6,19663.67,18747.5,19660.166666666668,18348.666666666668,21458.166666666668,13995.166666666666,15134.333333333334,18586.166666666668,16860.25
E05012876,Horley Central & South,6,19443.67,17790.5,18880.833333333332,15099.166666666666,21796.666666666668,14029.166666666666,21471,17703.666666666668,19587.33
E05012877,Horley East & Salfords,6,26003,24299.166666666668,28265.833333333332,19769.333333333332,28663.166666666668,24030.833333333332,16295.333333333334,19759.166666666668,18027.25
E05012878,Horley West & Sidlow,6,21716.83,19183.5,21737.333333333332,15412.666666666666,21700.166666666668,18944.666666666668,18951.333333333332,27570.833333333332,23261.08
E05012879,"Lower Kingswood, Tadworth & Walton",7,29183.71,29327.571428571428,30384.571428571428,26321.571428571428,29396.428571428572,26459.428571428572,12358.285714285714,23165.285714285714,17761.79
E05012880,Meadvale & St John's,5,31015.4,28381,30033.8,31962.8,29684.2,28073,27774.6,16329.8,22052.2
E05012881,Nork,6,31882.17,30758,30450.166666666668,27344.166666666668,31189.666666666668,25138.333333333332,26078.333333333332,24887.666666666668,25483
E05012882,Redhill East,6,24774.33,21811.5,24879.333333333332,25964,23253.333333333332,17591.166666666668,21268.5,18636.833333333332,19952.67
E05012883,Redhill West & Wray Common,6,23353.33,19966.666666666668,21170.833333333332,23394.333333333332,21804.166666666668,19293.5,26961.666666666668,22423,24692.33
E05012884,Reigate,6,29994,28800.833333333332,29231.166666666668,31577.666666666668,29844.166666666668,26366.5,21663.833333333332,16344.666666666666,19004.25
E05012885,South Park & Woodhatch,6,20633,17737.166666666668,18316.166666666668,19935.166666666668,20206.666666666668,18109,16137.333333333334,24362.5,20249.92
E05012886,Tattenham Corner & Preston,6,20230.67,17346.666666666668,17797.166666666668,14800.333333333334,21886.666666666668,14602.833333333334,21540.166666666668,28497.5,25018.83
E05012887,Addlestone North,3,18266.67,16218.333333333334,17368.333333333332,17918.666666666668,19054,9190.666666666666,24206,15130.666666666666,19668.33
E05012888,Addlestone South,4,18633.5,17676,18353,19222,20824.75,14926.5,17480,13716.25,15598.12
E05012889,Chertsey Riverside,3,20980.67,18618.333333333332,20937.666666666668,21198.333333333332,20699,12060.666666666666,20459,15851,18155
E05012890,Chertsey St Ann's,5,17757.4,17661.6,18654.8,16869,20297.8,13192.2,16514.4,12264.2,14389.3
E05012891,Egham Hythe,4,16976.25,15637.25,19456,12399.5,21231.25,15777.25,13135.25,14857.25,13996.25
E05012892,Egham Town,4,25405,23784.5,27356.25,26065,24073.5,17249.25,19266.25,14365.5,16815.88
E05012893,Englefield Green East,2,30679.5,33205,33677.5,32053.5,32989,22428.5,14227,13162.5,13694.75
E05012894,Englefield Green West,4,17378.25,18486.5,21597,13616.5,18393.75,12739,7368.75,24251,15809.88
E05012895,"Longcross, Lyne & Chertsey South",2,20469,21077,20763,19073,20403.5,18344,9910.5,15749,12829.75
E05012896,New Haw,4,24327.75,24885.75,24591.75,22823.5,24657.75,17610.5,14253.75,16291,15272.38
E05012897,Ottershaw,4,25565.75,24796.5,26301,23591.25,25407.25,21923,10926.25,20590,15758.12
E05012898,Thorpe,4,25747.5,28405.75,29693.75,20221,29979.5,19330.25,10380.25,15777.75,13079
E05012899,Virginia Water,4,29724,30148.5,31292.75,24707.75,32519.5,25569.25,11046.5,23205.25,17125.88
E05012900,Woodham & Rowtown,5,27630.6,26213.2,26535.4,25415.2,26418.8,22268,18120.2,24475.4,21297.8
E05012901,Bowthorpe,6,10892.83,9656.5,11426,7457.833333333333,8756.666666666666,11654.666666666666,14662.166666666666,30211.666666666668,22436.92
E05012902,Catton Grove,6,10723.5,10313.5,10294.5,6447.333333333333,11433.166666666666,11714,15825,21953,18889
E05012903,Crome,8,7388.12,9583.625,7422.375,4631,6681,7314.375,14028.25,24548.25,19288.25
E05012904,Eaton,7,26886.14,25720.14285714286,26012.428571428572,25217.14285714286,25082.285714285714,24271.285714285714,26204.714285714286,20456.285714285714,23330.5
E05012905,Lakenham,6,7427.33,7331.333333333333,6886.833333333333,4528,7880.166666666667,8644.166666666666,26207.333333333332,19653.166666666668,22930.25
E05012906,Mancroft,5,7464.6,9570.4,7154.6,11713,5729,3405.4,21893,10296.6,16094.8
E05012907,Mile Cross,7,5677.57,5987.285714285715,6640.285714285715,5216.428571428572,5847.428571428572,5214.857142857143,21094.285714285714,17159.285714285714,19126.79
E05012908,Nelson,8,22026.62,23256.75,24860.125,26140.375,19769,18710.875,28624,5583.25,17103.62
E05012909,Sewell,6,13280.83,14601.666666666666,15412.833333333334,14823.833333333334,11531.833333333334,9727.166666666666,28971.833333333332,8674.833333333334,18823.33
E05012910,Thorpe Hamlet,7,15840.86,17946.285714285714,15965.285714285714,20009.571428571428,14290.714285714286,7154.428571428572,22681,10992.42857142857,16836.71
E05012911,Town Close,6,20131.17,19768,20707.833333333332,20650.833333333332,16407.333333333332,16112.833333333334,28297.333333333332,12760.666666666666,20529
E05012912,University,6,13012.83,13112.5,16063.833333333334,5676.5,11766.166666666666,13178.5,15365.833333333334,25452.166666666668,20409
E05012913,Wensum,7,6917,6547.571428571428,8086,4443,6139.285714285715,6747,18720.571428571428,21244.571428571428,19982.57
E05012914,Bewbush & North Broadfield,8,9638.88,9116.125,12373.625,5189.875,12545.125,11537.875,4937.25,25927,15432.12
E05012915,Broadfield,6,8446.83,7578.833333333333,9301.666666666666,5140.833333333333,13255,7793,7076.833333333333,29597.666666666668,18337.25
E05012916,Furnace Green,4,20815.75,17206.5,17931.25,14731.5,20549.75,18990,23258.5,24269.75,23764.12
E05012917,Gossops Green & North East Broadfield,3,17827.33,15227.333333333334,16305.666666666666,13018.666666666666,19533.333333333332,16568,13628,24968,19298
E05012918,Ifield,6,15551.83,13229.333333333334,14435.666666666666,9659.333333333334,16235.5,14707.666666666666,16840.666666666668,28773.166666666668,22806.92
E05012919,Langley Green & Tushmore,5,11721.8,9513.6,13061.4,7305.2,15523.6,11745.2,8350.8,26878.6,17614.7
E05012920,Maidenbower,5,24096.8,24224.4,28487.6,24525.4,28968.4,25916.2,3274.6,27273.2,15273.9
E05012921,Northgate & West Green,6,11826.5,10109.166666666666,13270.333333333334,9402.833333333334,17438.5,9733.666666666666,10744,20086,15415
E05012922,Pound Hill North & Forge Wood,5,21787,19346,24591,19160.4,25688.2,18949,8821.2,22579,15700.1
E05012923,Pound Hill South & Worth,5,24741.8,23492.8,24552.6,21253.4,25571,23323.8,13897.2,24650.8,19274
E05012924,Southgate,5,13037.2,12035.2,12547.2,10535.4,14304,9665.4,14086.2,24167.2,19126.7
E05012925,Three Bridges,5,15039.6,13341.8,16934.8,10818,19257.6,12910,10243.2,18306.4,14274.8
E05012926,Tilgate,4,14063.25,11309.25,14418,8431.25,16627.75,9053,18304.5,27442,22873.25
E05012927,Ampfield & Braishfield,1,28526,31727,32464,32226,32992,30230,6535,9068,7801.5
E05012928,Andover Harroway,6,21404.17,18401.333333333332,19777.666666666668,15734.666666666666,17680.666666666668,19866,24203.333333333332,30870.333333333332,27536.83
E05012929,Andover Millway,6,30315.17,27668.666666666668,28385.833333333332,26840.166666666668,26241.666666666668,27536.666666666668,25694.5,24415.166666666668,25054.83
E05012930,Andover St Mary's,6,13473.67,12847.166666666666,13484.166666666666,8874.666666666666,11204.5,9281.5,26175.666666666668,24339.166666666668,25257.42
E05012931,Andover Winton,4,25980.25,24467.75,23944.75,20780.75,23422.25,18614.75,28015,27013.5,27514.25
E05012932,Anna,3,24862.67,28052.666666666668,27334,25302.333333333332,28326.333333333332,30144.333333333332,5718.333333333333,14420,10069.17
E05012933,Bellinger,2,19787,26954,25830.5,21072.5,24248,26840,2597.5,5169,3883.25
E05012934,Bourne Valley,2,15862,22676,19650.5,20026.5,21152,22814,4740.5,15147.5,9944
E05012935,Charlton & the Pentons,2,26468.5,30628,29778,27209,25587.5,27360.5,10902,15281.5,13091.75
E05012936,"Chilworth, Nursling & Rownhams",5,30649.4,29186,30164.8,27045.2,29059.8,27362.8,20062.2,27510,23786.1
E05012937,North Baddesley,4,25002,23845.25,23785.75,22134.5,23351.5,19661.25,14772.75,27644.25,21208.5
E05012938,Romsey Cupernham,6,25112.5,23589.666666666668,23585,23132.5,24030.666666666668,18636.833333333332,16483.833333333332,26998.166666666668,21741
E05012939,Valley Park,4,32703,31441.75,32834,31666.75,31894.5,31149.75,15966.75,32266.75,24116.75
E05012953,Little Stour & Adisham,3,15757.33,18719.666666666668,16189.666666666666,19891.333333333332,19905.333333333332,17229.333333333332,2657.6666666666665,15220.666666666666,8939.17
E05012954,Nailbourne,3,22908,27785,24108.666666666668,29479.333333333332,24870.333333333332,25868.666666666668,2558.6666666666665,14630,8594.33
E05012955,Reculver,2,17074.5,19945,16397.5,16495,19726,20009,5110.5,15171,10140.75
E05012956,Sturry,5,15746.4,15554.6,14990.6,14338.6,19867.4,13788,7174.6,20611.2,13892.9
E05012957,Credenhill,2,22176.5,23168,22372.5,20724.5,21496.5,30204,5679,20569,13124
E05012958,Queenswood,2,20480.5,23174,22903,20978.5,21252,30734,3422,12577,7999.5
E05012959,Stoney Street,2,16306.5,19244,18455,14878.5,17665,24756,2729,16608.5,9668.75
E05012960,Sutton Walls,2,20251,23667,22674.5,19091,22706.5,30644,2428.5,18206.5,10317.5
E05012961,Gosfield & Greenstead Green,1,23666,25421,23136,17370,22134,26730,7835,22125,14980
E05012962,Halstead St Andrew's,4,20987,18900.75,20804.25,13018,21414.25,17138,24712,20576,22644
E05012963,Halstead Trinity,4,16123.5,15365.5,16312.75,8742.25,19186.5,14382.25,18336.25,22747.5,20541.88
E05012964,Hatfield Peverel & Terling,4,20106.25,22504.5,21563,20521.5,21582.75,21465.5,10109.5,13797.75,11953.62
E05012965,Silver End & Cressing,4,16264,15540,16689,13221.5,16916.25,14553.5,8417.5,22480.5,15449
E05012966,Witham Central,4,14741.25,14676.5,14296.75,12346.25,12658,12569.5,17086,19094.25,18090.12
E05012967,Witham North,4,12810,11987.75,11706.25,9460.5,13942.75,11237.5,12113.75,24026.25,18070
E05012968,Bicester South and Ambrosden,8,26179.12,21341.25,28430,21600.875,27353.375,23561.5,14972,30330.125,22651.06
E05012969,Fringford and Heyfords,6,21964.83,25907.666666666668,28295.666666666668,23363.5,29091,26863,3287,12217.5,7752.25
E05012970,Abingdon Dunmore,4,32535.75,30514.75,30344.75,30177.5,31554.5,32694.25,22987.75,31199.75,27093.75
E05012971,Abingdon Peachcroft,5,31161,28459.8,28417.4,26539.2,30233.6,31731,22454.6,31676.4,27065.5
E05012973,Faringdon,5,22168.4,17823,21241.4,18235.4,25472,18988.4,15073,25268.4,20170.7
E05012974,Grove North,4,25115.5,22848,24437.5,13754.25,27167.25,25239.75,17088.25,32293.25,24690.75
E05012975,Hendreds,2,25792,24810.5,27667,25386,30640.5,29212,7312,17347,12329.5
E05012977,Marcham,2,29106,25950.5,29282,23157,30991.5,32159.5,10416,28753,19584.5
E05012978,Wantage & Grove Brook,5,26654.8,22819.8,23397.2,18146.2,28937.8,22533.4,20542,30373.6,25457.8
E05012979,Wantage Charlton,4,23840,19259.5,22011,18976.75,25786.25,19178,20723.75,26719.75,23721.75
E05012980,Watchfield & Shrivenham,4,25402.25,18489.75,25104.75,22047.25,28822.5,28159.5,9709.5,32433.5,21071.5
E05012990,Barton,6,14727.83,13508.666666666666,13670.166666666666,15586,16096.333333333334,9776,17712.166666666668,23734.166666666668,20723.17
E05012991,Chartham & Stone Street,4,15514.75,22312,18299.5,22043,25107,20161,577.75,16317,8447.38
E05012992,Kingston Bagpuize,2,26797,23908,25590.5,21038,30425.5,29670,9641.5,30245,19943.25
E05012993,Anston & Woodsetts,9,21385.56,22215.88888888889,19453.444444444445,17013.222222222223,14081.111111111111,21276.88888888889,19686.444444444445,24212.444444444445,21949.44
E05012994,Aston & Todwick,6,21392.33,22042.5,19539.666666666668,18847.5,12902.666666666666,21087.666666666668,21647.5,22201,21924.25
E05012995,Aughton & Swallownest,5,14599.6,15211.8,13274.6,14336.8,9423.2,10843,20975.4,20479.2,20727.3
E05012996,Boston Castle,8,7356.88,6229.125,7554.125,7726.125,6494.625,8078.125,26301.125,10981.375,18641.25
E05012997,Bramley & Ravenfield,6,21419,21645.666666666668,17799.833333333332,22145,12221.166666666666,22382.333333333332,19558.666666666668,23214.666666666668,21386.67
E05012998,Brinsworth,7,16110.86,16843.428571428572,14282.57142857143,10783.857142857143,11227,17851,24453.571428571428,18890.285714285714,21671.93
E05012999,Dalton & Thrybergh,6,2312,3621.1666666666665,2158.3333333333335,2302.8333333333335,1414.1666666666667,3043.5,14665,24651.166666666668,19658.08
E05013000,Dinnington,8,12159.25,13547.625,11479,10075.5,8105.75,12483.25,18340.25,18914.25,18627.25
E05013001,Greasbrough,6,5696.33,8029.666666666667,4914,7983.833333333333,2375.5,5608.833333333333,19051.833333333332,20719.333333333332,19885.58
E05013002,Hellaby & Maltby West,6,19329.5,21857.166666666668,16914.5,15228.333333333334,11733,20213,15676.333333333334,25732.166666666668,20704.25
E05013003,Hoober,6,11140.17,14337.333333333334,10996.166666666666,12953.833333333334,6599.333333333333,11840.5,16898.666666666668,17975.333333333332,17437
E05013004,Keppel,10,13514.8,14394.6,12631.2,14060,8819,14204.3,17606.7,22893.2,20249.95
E05013005,Kilnhurst & Swinton East,5,13562.4,14238.6,11240.2,10978.8,8240.8,16724.2,16178.8,22683.6,19431.2
E05013006,Maltby East,6,4706.5,6401.666666666667,4426.333333333333,2857,3558.5,6879.833333333333,12327.5,16339.166666666666,14333.33
E05013007,Rawmarsh East,6,6305.83,7196,5407.333333333333,5854.166666666667,4184.5,6785.5,23101,15360,19230.5
E05013008,Rawmarsh West,6,10036.33,10968.833333333334,8254.666666666666,10555.833333333334,5226.166666666667,9747.666666666666,23841.5,21641,22741.25
E05013009,Rother Vale,5,19809.6,19129,20032.4,17865.2,11692.8,18011.8,16782.2,24535.6,20658.9
E05013010,Rotherham East,10,1315,1204.3,1283,930.7,1313.8,4309,22085.2,15338.9,18712.05
E05013011,Rotherham West,9,9479.11,9904.222222222223,8656.444444444445,9504.666666666666,6226.111111111111,7978.444444444444,23209.777777777777,12332.444444444445,17771.11
E05013012,Sitwell,8,23341.62,21118.125,20630.375,22720.375,15522.5,21372,26084.625,23379.625,24732.12
E05013013,Swinton Rockingham,6,9716.33,10427.333333333334,8046.5,9632.666666666666,6536.666666666667,9263,21399,19157.333333333332,20278.17
E05013014,Thurcroft & Wickersley South,5,14059.8,14092.4,12294.4,14345.4,9271.8,12029,20611,24628,22619.5
E05013015,Wales,6,18520.17,17985.833333333332,17663.666666666668,16146.833333333334,12595.833333333334,18628.5,16847.833333333332,22450.166666666668,19649
E05013016,Wath,7,10734.14,11006.714285714286,8188.428571428572,10947.57142857143,5288.142857142857,14665,25937.571428571428,20894,23415.79
E05013017,Wickersley North,8,19440.12,18743.5,17159.375,19025.375,10391,16955.25,21963.375,27690.875,24827.12
E05013018,Barton & Winton,9,7354.22,7901.777777777777,8099.111111111111,9891.222222222223,5081.111111111111,5576.111111111111,18382.444444444445,9450.666666666666,13916.56
E05013019,Blackfriars & Trinity,8,13370.62,20888.75,22749,19124.375,7347.125,7888.875,9398.625,6475,7936.81
E05013020,Boothstown & Ellenbrook,8,27900.88,28402.375,25948,28491.125,21553.5,21295.75,22331.875,22229.625,22280.75
E05013021,Broughton,8,3018.62,2942.75,5722.75,3857.375,2320.875,6780.375,7537.25,11151,9344.12
E05013022,Cadishead & Lower Irlam,7,12436.71,13384.142857142857,11915.714285714286,10791.42857142857,8669.42857142857,12346.714285714286,16408,16757,16582.5
E05013023,Claremont,10,16186.3,18408,16662.9,18713.8,10146.3,13988.2,23413.1,8273.4,15843.25
E05013024,Eccles,8,13352.38,14849.25,13106,19180.5,8854.875,8481.125,22712.25,11446.625,17079.44
E05013025,Higher Irlam & Peel Green,10,8596.5,9812.1,8008.2,8360.9,5968.8,8055.4,16254.3,14714.3,15484.3
E05013026,Kersal & Broughton Park,7,8301.86,6889.571428571428,11054.57142857143,8429.57142857143,10530.857142857143,12042.142857142857,5196.428571428572,11531.142857142857,8363.79
E05013027,Little Hulton,9,3274.89,2829.6666666666665,2830.6666666666665,3761.8888888888887,2627.4444444444443,4208.444444444444,14153.555555555555,24507.555555555555,19330.56
E05013028,Ordsall,6,11345.33,14418.333333333334,17362.333333333332,13365.5,7712.833333333333,5872.833333333333,12046.666666666666,12350.666666666666,12198.67
E05013029,Pendlebury & Clifton,8,9544.38,12323.75,9460.125,9920.875,6280.75,7519.625,13518.375,16185.5,14851.94
E05013030,Pendleton & Charlestown,8,2916.5,5102.375,6538.75,2186.625,1693.875,2115.625,8940.125,12698,10819.06
E05013031,Quays,7,24024.57,30264.85714285714,32200,19591.285714285714,15079.42857142857,14416,16678.285714285714,12811.142857142857,14744.71
E05013032,Swinton & Wardley,9,10076.11,11863.777777777777,9895.666666666666,10784.888888888889,8283.777777777777,8215.444444444445,22483.11111111111,9720.555555555555,16101.83
E05013033,Swinton Park,8,13785.38,14469.75,13152,13548.5,8987.625,12378,24738,11206.25,17972.12
E05013034,Walkden North,8,6832.88,7222.125,6407.875,7289.875,4690.75,4880.875,20014.125,17395.375,18704.75
E05013035,Walkden South,6,17295,18017.5,15737.5,19197.833333333332,13323.166666666666,10989,26632.166666666668,13426.5,20029.33
E05013036,Weaste & Seedley,9,5389.11,7096.666666666667,7050.444444444444,7065.444444444444,3199.222222222222,5556,12106.666666666666,9090.333333333334,10598.5
E05013037,Worsley & Westwood Park,8,19580.75,20989.25,20246.625,21035,16529.625,12118.625,21856.25,13234.5,17545.38
E05013038,Burn Valley,6,8173.17,9677.333333333334,7278.5,12397.833333333334,4769.5,7327.333333333333,29753.333333333332,8040.5,18896.92
E05013039,De Bruce,5,5457.6,5887,3460.6,7283.6,2602.8,7741.6,23161.6,23992.6,23577.1
E05013040,Fens & Greatham,3,21121.67,22156.333333333332,15465,22487.333333333332,10490.333333333334,23567.333333333332,21509,25171,23340
E05013041,Foggy Furze,6,8881.83,10273.333333333334,7100.5,10599.666666666666,4064.3333333333335,7681,29747,12885.333333333334,21316.17
E05013042,Hart,4,24476,22852,20828.5,27793.75,10592.5,26813.25,21158,32112.25,26635.12
E05013043,Headland & Harbour,5,1927,2762.8,1179.4,4706.2,940.4,4128.8,21329.4,16940.6,19135
E05013044,Manor House,6,1902.33,2196.6666666666665,1074.8333333333333,3437,1087.6666666666667,3137.5,21984,25148.5,23566.25
E05013045,Rossmere,5,5362.2,6194.6,3535.2,6194.4,2532.4,7647,23341.6,24866.2,24103.9
E05013046,Rural West,4,28352,28124,27559,31327.75,18990.5,19007.25,17376.75,31401.75,24389.25
E05013047,Seaton,4,21028,21299.75,17798.5,24284.75,9869,22412,18917.25,24475,21696.12
E05013048,Throston,5,8795.4,9243.4,7253.4,11824.8,5492.2,6801,26988,21784,24386
E05013049,Victoria,4,4914,6158.25,4312.25,10833.25,2503.5,4415.5,30164.25,3556.75,16860.5
E05013050,Abbey,6,14481.67,13554.333333333334,14802,13080.333333333334,15734.166666666666,7998,17513.666666666668,20305.666666666668,18909.67
E05013051,Arbury,6,19672.33,17866.833333333332,18088,23040.5,19741.166666666668,12668,20297.333333333332,20421.666666666668,20359.5
E05013052,Castle,4,31178.25,30817.5,31007,32568.25,31308,29029.25,21433.75,16070.5,18752.12
E05013053,Cherry Hinton,6,23618,20441.833333333332,21505.666666666668,23351.333333333332,21235.166666666668,18386.333333333332,22827,26765.333333333332,24796.17
E05013054,Coleridge,6,25991.83,24039.833333333332,25945.5,23836.166666666668,23005.666666666668,19855.166666666668,26221.833333333332,17022.833333333332,21622.33
E05013055,East Chesterton,6,17426.17,14982,17049.666666666668,15879,16354.666666666666,12483.333333333334,19276,21866.5,20571.25
E05013056,King's Hedges,6,14081.17,12306.5,15315.666666666666,14357.833333333334,13027.333333333334,8773,15733.833333333334,23895.166666666668,19814.5
E05013057,Market,4,23742.25,30277.75,29952,27577.25,26166,8586.5,26995.25,3901.25,15448.25
E05013058,Newnham,2,31629,33161.5,33591.5,32913,33644,25623,28346,9824,19085
E05013059,Petersfield,7,23893.14,25305.285714285714,26896.285714285714,27032,24071.714285714286,12502,28419.714285714286,8622,18520.86
E05013060,Queen Edith's,6,29875.5,28417.166666666668,30140,25898.833333333332,30214.666666666668,28631.5,26599.666666666668,19689.166666666668,23144.42
E05013061,Romsey,5,25543.6,25733.4,28663.2,25551.6,23262.8,18630.8,26535.6,8617.2,17576.4
E05013062,Trumpington,8,25166.88,19118.25,24042.125,23807.875,27769,16709.625,21220.125,25077,23148.56
E05013063,West Chesterton,6,27020.17,28852.333333333332,29669.833333333332,32747.833333333332,28577.666666666668,15118.833333333334,28718.833333333332,7456.166666666667,18087.5
E05013064,Adlington & Anderton,4,22020.5,23367.5,19974.25,22314.25,17536.25,17188.25,25465.75,12562.5,19014.12
E05013065,Buckshaw & Whittle,7,26371.86,24481.14285714286,24725.428571428572,28494.714285714286,16282.42857142857,21994.85714285714,22192.714285714286,27325.85714285714,24759.29
E05013066,Chorley East,5,9568,10016,8912.8,12539.4,6108.6,8298,32116.2,8263.6,20189.9
E05013067,Chorley North East,4,24950.5,27197,25949,30432.75,24638.75,25511.5,8876.75,12190.75,10533.75
E05013068,Chorley North West,5,19290.2,20802.6,15184.8,21848,11898.2,16800.2,32801.4,13999,23400.2
E05013069,Chorley North & Astley,5,13012.2,12105.6,9669.4,17319.8,7831.2,15131.2,27027.4,16981,22004.2
E05013070,Chorley South East & Heath Charnock,5,17687.2,18443.8,15277,19833.6,13474.2,12709.2,28019.6,14263.8,21141.7
E05013071,Chorley South West,4,15772.75,15324.75,13503.25,15524.75,10162.75,12455.25,26236,24283.5,25259.75
E05013072,"Clayton East, Brindle & Hoghton",6,13928.67,15542.833333333334,13681,14754.333333333334,11636.666666666666,12079.666666666666,20875.666666666668,22745.666666666668,21810.67
E05013073,Clayton West & Cuerden,5,24538,23716,20844.2,24374.2,16545.6,20568.8,23190.6,26631.8,24911.2
E05013074,Coppull,5,16156.4,18824.2,14926,15096.8,11212.2,17294.2,14344,14976.6,14660.3
E05013075,"Croston, Mawdesley & Euxton South",5,24275.6,27475.4,26146.8,26966.4,18814.6,26356.4,7965.8,17434.8,12700.3
E05013076,"Eccleston, Heskin & Charnock Richard",5,26473.2,28805.8,27297.4,27763.6,20844.4,25061,10718.6,17468,14093.3
E05013077,Euxton,5,27504.8,27132.4,24994.6,26991,19173,28347.4,21092.4,24038.4,22565.4
E05013078,Basing & Upton Grey,6,28969.67,29168,30076.5,29500.333333333332,29989.666666666668,29039.666666666668,9698.5,24268.666666666668,16983.58
E05013079,Bramley,6,24605.67,25006.833333333332,28273.666666666668,24955.833333333332,27127.166666666668,22503.5,4605.833333333333,24089.833333333332,14347.83
E05013080,Brighton Hill,7,18865,16860,17612.428571428572,13091.285714285714,15682.285714285714,18235.85714285714,20020.428571428572,28956.714285714286,24488.57
E05013081,Brookvale & Kings Furlong,6,21199.5,19767.666666666668,23091.833333333332,20127.833333333332,19321.833333333332,9461.333333333334,26348,18602.166666666668,22475.08
E05013082,Chineham,6,30472,28585.166666666668,30652.833333333332,29657,27563,26862.166666666668,12081.5,32391,22236.25
E05013083,Eastrop & Grove,6,23245.33,22120.666666666668,22139.166666666668,18745,20284.166666666668,18022.166666666668,21926.333333333332,22682,22304.17
E05013084,Evingar,6,21514.67,26820.666666666668,28038,24632.333333333332,29237,26554.833333333332,2581.8333333333335,8561.333333333334,5571.58
E05013085,Hatch Warren & Beggarwood,7,31113,29533.714285714286,31441.285714285714,29383.285714285714,27881.571428571428,29666.14285714286,16716,30754.14285714286,23735.07
E05013086,Kempshott & Buckskin,7,23020.86,22918.85714285714,22832,19067.285714285714,21645.285714285714,20421.285714285714,16963.14285714286,30726.285714285714,23844.71
E05013087,Norden,6,16455,14599.333333333334,16899.5,13030.833333333334,13715.833333333334,12919.5,19751.833333333332,23428.166666666668,21590
E05013088,Oakley & The Candovers,6,25765.5,26378.166666666668,26494.333333333332,29311.166666666668,29009.666666666668,25813.5,8046.333333333333,21971.166666666668,15008.75
E05013089,Popley,7,13847.43,12933.714285714286,14337.57142857143,12532.142857142857,11306.42857142857,11559.142857142857,10124.285714285714,25771.14285714286,17947.71
E05013090,Sherborne St John & Rooksdown,6,21064,18820.833333333332,23414.166666666668,20265.166666666668,17111.166666666668,17384.5,9899.5,29766.333333333332,19832.92
E05013091,South Ham,7,13045.14,13017.142857142857,12352,7775.285714285715,12611,7610.428571428572,23328.571428571428,28991.714285714286,26160.14
E05013092,Tadley & Pamber,8,27152.38,28679,28855.75,18767.375,25279.375,24847,11262.5,27078.5,19170.5
E05013093,"Tadley North, Kingsclere & Baughurst",7,23158.86,25708,25772.571428571428,19489.714285714286,26526.714285714286,20620.714285714286,7140.857142857143,21033.428571428572,14087.14
E05013094,"Whitchurch, Overton & Laverstoke",6,27132.67,25311,27029,24704.666666666668,26989.666666666668,26068.333333333332,11821,22398.333333333332,17109.67
E05013095,Winklebury & Manydown,5,20126.4,19767.6,20046.4,14245.4,16989,15657.8,16566.2,25395.4,20980.8
E05013096,Barton & Sandhills,3,14510.33,12940.333333333334,16565.333333333332,7446.333333333333,19923.666666666668,14240.666666666666,9156.666666666666,29114.333333333332,19135.5
E05013097,Blackbird Leys,4,7267,7573.25,8669.25,1674.75,11037.5,7836.75,9740,31234.5,20487.25
E05013098,Carfax & Jericho,3,26848.67,29201,30585.666666666668,23328.666666666668,29108.333333333332,17254.333333333332,18201.666666666668,9881.666666666666,14041.67
E05013099,Churchill,4,16436.75,15463,20369,9263,15913.25,16052.25,11505,23765.5,17635.25
E05013100,Cowley,5,19634.4,18292,21762,12176.4,21869.2,12443.8,15871,23464.2,19667.6
E05013101,Cutteslowe & Sunnymead,4,28499.5,27242.5,27925.25,29408.75,31193.75,24871.75,20508.75,18028.5,19268.62
E05013102,Donnington,4,18199,18132,21261.75,11016,19617.75,13629.25,18225.5,16855.75,17540.62
E05013103,Headington,5,28620.4,26607.6,28019,27995.4,28721.4,23529,26473.4,19772.6,23123
E05013104,Headington Hill & Northway,3,24038,20490.666666666668,26319.666666666668,20846.666666666668,25767,22322,15979,18389.333333333332,17184.17
E05013105,Hinksey Park,4,22185.25,22557.5,22737.5,23510,23408.75,12764.5,16809.25,14294.25,15551.75
E05013107,Littlemore,3,10231.67,8508.333333333334,11818.666666666666,5978.666666666667,15775.333333333334,7608.333333333333,13889.666666666666,25660,19774.83
E05013108,Lye Valley,4,20539.25,18820.5,22971,10134,23801,22132.75,13900,20645.5,17272.75
E05013109,Marston,4,29076.75,25556.75,29449,25958.75,30380,22882.5,17327,23368.75,20347.88
E05013110,Northfield Brook,4,9231.25,9300.5,10699.5,4242.25,11514.75,9238.25,7585.75,32350.25,19968
E05013111,Osney & St Thomas,3,24668,27560,29757.333333333332,22698.333333333332,23119.333333333332,15456.333333333334,18720.333333333332,9984.333333333334,14352.33
E05013112,Quarry & Risinghurst,4,27556.75,25017,27634,25516.5,28071.75,23289,20270.25,19359.5,19814.88
E05013113,Rose Hill & Iffley,4,14431.25,13053,15849,8268.25,19420.5,12026.75,14800,22197,18498.5
E05013114,St Clement's,4,20298.5,24191.25,26494.75,17077,20437.25,7855.25,21239,9013,15126
E05013115,St Mary's,4,23879.75,28308.5,29597,22358,23556.5,12026.25,25229.75,7119.75,16174.75
E05013116,Summertown,3,32311.33,33153.333333333336,33231.333333333336,30041.666666666668,33592.333333333336,30377,28102.666666666668,11710,19906.33
E05013117,Temple Cowley,2,19319.5,15461.5,23382,12547,24230,16178.5,13122,16953,15037.5
E05013118,Walton Manor,3,31616.67,33164.666666666664,33680.666666666664,31610,32422,31552.666666666668,28080.333333333332,7472,17776.17
E05013119,Wolvercote,3,24859.33,19498.666666666668,22647.333333333332,27799.333333333332,29684.666666666668,19562.333333333332,14514,22185,18349.5
E05013169,Appleton,4,6969.75,8246.75,6739.5,10480,3688.75,4332.75,21901.5,10121.5,16011.5
E05013170,Bankfield,4,11241.75,13405.75,9047.5,11094.25,6899.25,11552.5,18166.5,19598.75,18882.62
E05013171,Beechwood & Heath,5,27612.8,29893,24000,25702.4,15444,27423.4,21022.2,24756,22889.1
E05013172,Birchfield,4,31271.5,31944,29886,31420,23106.75,22839.75,20345,29228.25,24786.62
E05013173,Bridgewater,4,7400.5,7956.75,5976,7438.75,4381,7537.25,27636.25,16856.5,22246.38
E05013174,Central & West Bank,4,4275.5,4863.75,4246.75,5155.5,2938.75,3525.5,16602.5,12501.5,14552
E05013175,"Daresbury, Moore & Sandymoor",3,27940.33,29274,28271.333333333332,26728.333333333332,20155.333333333332,31821,12317,23419.333333333332,17868.17
E05013176,"Ditton, Hale Village & Halebank",5,8350.6,10305.8,7988.8,9665.2,5188.6,9833.6,12849.4,16172.4,14510.9
E05013177,Farnworth,3,25989.67,25711.666666666668,22831.666666666668,26795.666666666668,18755,24007.666666666668,21868.333333333332,25114,23491.17
E05013178,Grange,5,7634.6,9195,6709.4,7745.4,4033,7691.4,24141.6,17845,20993.3
E05013179,Halton Castle,4,3019.75,4165.5,1832.75,3644.75,1869.75,5266,24861.5,20848,22854.75
E05013180,Halton Lea,5,2608.8,3843,1613.8,2773,1157.4,5033.6,24042,21650,22846
E05013181,Halton View,5,13900.2,16885.4,11087.6,13942,7139.4,17532.4,16192.4,19610.6,17901.5
E05013182,Highfield,3,17330.67,18906,17391.333333333332,19028.333333333332,11409.666666666666,12198.333333333334,25728.666666666668,11435.333333333334,18582
E05013183,Hough Green,5,9793.8,11318.8,8056.4,9406.2,5715.4,9690.2,13492.2,27882.4,20687.3
E05013184,Mersey & Weston,7,8608.71,12152.714285714286,8036.142857142857,10933.857142857143,4211.571428571428,9249.142857142857,19821.428571428572,10733.57142857143,15277.5
E05013185,Norton North,5,12886.4,12927.4,10923.6,11232.4,7131.8,14775,20108.2,27746.2,23927.2
E05013186,Norton South & Preston Brook,5,5324.8,6364.2,4343.6,5603.8,3069.6,6275.8,18678.4,21635.2,20156.8
E05013187,Amberley and Woodchester,1,30521,32210,32922,32247,33003,30707,11426,11203,11314.5
E05013188,Bisley,1,25134,28282,29764,28864,31551,24344,6687,5966,6326.5
E05013189,Chalford,4,29699.5,29325.5,30208.25,29921,30501,30429.5,9647,21656.5,15651.75
E05013191,Kingswood,1,27097,27173,30590,29321,31017,32563,6933,9463,8198
E05013192,Minchinhampton,3,22633.67,25632,21166.666666666668,24803.333333333332,23092.333333333332,27505.333333333332,7675.666666666667,15898,11786.83
E05013193,Nailsworth,4,21978.5,21333.5,21363.25,23352.5,24803.5,20281.5,12171,14017.25,13094.12
E05013194,Rodborough,3,27895,27662.666666666668,28073.333333333332,25414,27998.333333333332,25721.333333333332,19768.666666666668,12553,16160.83
E05013197,Stroud Trinity,1,18831,17846,16786,18329,23241,16830,20459,7419,13939
E05013198,Thrupp,2,25472,26447.5,25653,30811.5,25455.5,30662,9775,8376,9075.5
E05013199,Wotton-under-Edge,4,25412.5,25538,24815.5,25447.75,27010.75,25604.5,10979,18214.25,14596.62
E05013201,Barrowford & Pendleside,4,21162.75,23229.25,22385.25,25632,20632.25,20853.75,11378.5,9332,10355.25
E05013202,Boulsworth & Foulridge,5,18214.6,23938.4,23231,24692,17892.2,25104.2,5005.4,8131.6,6568.5
E05013203,Bradley,5,1886.6,1910.4,3833,1837.6,5824.8,8330.4,5982.2,2734.2,4358.2
E05013204,Brierfield East & Clover Hill,5,8614,7485.2,9072.2,8649,10908.2,16088,10120.4,7974.8,9047.6
E05013205,Brierfield West & Reedley,4,7254,7644.25,7359.5,6655.25,10438.75,12406.25,8531.25,8590.75,8561
E05013207,Fence & Higham,2,21271,30266.5,27688.5,28710,23416.5,29136,2671,5514.5,4092.75
E05013208,Marsden & Southfield,5,3512.6,3413.8,4618.6,3240.6,5839.2,5009.6,7285.6,9171.8,8228.7
E05013209,Vivary Bridge,5,7403.6,8381.8,9153.8,8612.4,5403.6,8549.4,16510,7626.6,12068.3
E05013210,Waterside & Horsfield,5,5249.2,7059.6,5428.6,7339.6,4551.4,6256.4,15310.4,3327.4,9318.9
E05013211,Whitefield & Walverden,5,3069.6,2859.2,5000.6,2778,8956.2,9332.6,6872.4,1018.2,3945.3
E05013212,Cainscross,4,21137.5,18370.25,18622.75,16997,22637.5,20447.75,15223,25239.5,20231.25
E05013273,Bodmin St Mary's & St Leonard,5,8431.6,8408.6,6840.2,5523.4,9874.8,15067,12147.8,17004,14575.9
E05013274,Bodmin St Petroc's,3,15094.33,12559,13180.333333333334,8267.333333333334,17488,19228.666666666668,15909,24241.666666666668,20075.33
E05013275,Bude,3,12161,11855,9567.666666666666,10096,16805,18545.666666666668,7274,22451,14862.5
E05013276,Callington & St Dominic,4,13656.25,15103,13089.25,11482.5,18152.5,26203.5,4369.25,18172.25,11270.75
E05013277,Calstock,4,13215.75,20201.5,16052.25,16319,20207,30063,1278,6428.25,3853.12
E05013278,Camborne Roskear & Tuckingmill,3,9547.33,7197.333333333333,8426.666666666666,9616,8929.666666666666,12519.333333333334,21155.333333333332,16412.666666666668,18784
E05013279,Camborne Trelowarren,4,10784.75,10624.25,8659.25,10364.75,10944.25,11500.5,25855.75,9551,17703.38
E05013280,Camborne West & Treswithian,4,12055.75,12011.5,10058.75,12874,11799.75,19332.75,16300.25,14300,15300.12
E05013281,Camelford & Boscastle,4,9532.5,14391,12809.75,10988,19775.75,22639.75,2546.75,3374,2960.38
E05013282,"Constantine, Mabe & Mawnan",3,19376,22757.666666666668,24486.333333333332,23363,26868.666666666668,31709.666666666668,2726.6666666666665,7238,4982.33
E05013284,Falmouth Arwenack,3,26994,29722.333333333332,28545.333333333332,29989.333333333332,25764.333333333332,19429,18755.666666666668,11657,15206.33
E05013286,Falmouth Penwerris,5,16360,16808.6,17966,16115,15307.8,16711.4,18871.6,10656,14763.8
E05013288,Feock & Kea,3,23071.33,26707,24874.333333333332,25905.666666666668,27587.666666666668,32422.666666666668,4458.333333333333,12367,8412.67
E05013289,"Four Lanes, Beacon & Troon",5,8145.2,8968.8,8079.8,7897.6,10844.6,17316.6,8232.8,12279.8,10256.3
E05013290,"Fowey, Tywardreath & Par",4,16843.5,18940,17391.75,18699.75,19891.25,26019.25,3484.5,10792.25,7138.38
E05013291,"Gloweth, Malabar & Shortlanesend",4,19119.75,17895,18665.5,16736.25,16436.25,24713.25,12641.75,23623.75,18132.75
E05013292,Gwinear-Gwithian & Hayle East,4,15019.5,13302.5,14134,15831,18967,25396.75,8009.5,12363.25,10186.38
E05013293,Hayle West,4,14304.25,12194.75,12948.5,11104.75,14125.25,18070.25,18033.25,21025.75,19529.5
E05013295,Helston South & Meneage,4,13776.75,13350,14296.25,12046,18145,22127.25,13521.5,16981.75,15251.62
E05013297,Land's End,5,10241.8,14921.4,13370.8,16256.2,19191.4,28040.8,3753,472,2112.5
E05013298,"Lanivet, Blisland & Bodmin St Lawrence",4,12031.5,16892,16698.75,13879,17805.25,25396,4457.5,8036.5,6247
E05013301,Launceston South,4,13960.75,12918.25,11890.75,11381.25,12994.5,20995,11578.25,22649.5,17113.88
E05013303,Liskeard South & Dobwalls,5,11405.2,13569,12839.4,10846.2,15710.2,23649,4219,15441.8,9830.4
E05013305,Looe East & Deviock,4,13447.25,18660.25,16736.25,13846.75,20392.5,24666.25,2942,8744,5843
E05013306,"Looe West, Pelynt, Lansallos & Lanteglos",3,10307.33,16285,13690,11129,13509,22463.666666666668,2974.6666666666665,5072.333333333333,4023.5
E05013307,Lostwithiel & Lanreath,4,12540,17118.5,13418.75,19721,20733.5,26738.75,1871.25,5339.5,3605.38
E05013308,"Ludgvan, Madron, Gulval & Heamoor",4,11282.5,13407.25,12624.25,13107.5,16116.75,23477.75,9889.75,3913.75,6901.75
E05013309,Lynher,2,11859,19998,16914.5,15868.5,22130,30532.5,117.5,4922.5,2520
E05013311,"Mousehole, Newlyn & St Buryan",3,12452.67,15252,12898.666666666666,14335.333333333334,16459.333333333332,24730.333333333332,10201.333333333334,2092,6146.67
E05013312,Mullion & St Keverne,4,11192,17222,17097.75,13269.75,23482.5,30442.75,1166.25,1366,1266.12
E05013313,"Mylor, Perranarworthal & Ponsanooth",4,19381,23418.5,21453.5,25143,25691,32484,4138.75,4798.25,4468.5
E05013314,Newquay Central & Pentire,3,12304,11604.333333333334,10145,15094,12627.333333333334,10684.666666666666,16973.666666666668,15465.333333333334,16219.5
E05013315,Newquay Porth & Tretherras,4,23070.75,19139.75,19320,19805.75,22650.5,23292.5,17349.25,26194.25,21771.75
E05013317,Padstow,5,14925,15300,18376.4,13963.6,21052,28123,3091.2,12327.6,7709.4
E05013319,Penwithick & Boscoppa,4,14318,14563.25,13639,14317.25,17344,24013,6928.25,12924,9926.12
E05013320,Penzance East,5,5176.4,6421.6,4110.8,6524,7525.8,9474.6,21839.2,6459.2,14149.2
E05013321,Penzance Promenade,3,12163.33,11272.333333333334,8419.333333333334,14800.333333333334,12094.333333333334,16464.666666666668,23295.666666666668,11458.666666666666,17377.17
E05013323,Pool & Tehidy,5,10150.6,10277.2,8080.4,9184.6,10744.2,17670.4,12066,16262.6,14164.3
E05013324,"Porthleven, Breage & Germoe",4,12158.25,16553.5,16315,12303.75,18863.75,25415,4648.25,1677.5,3162.88
E05013325,Poundstock,2,11043,16497,17063.5,11764,23224,31293.5,71,3686.5,1878.75
E05013327,Rame Peninsula & St Germans,4,14285.75,18613.25,16376.25,20186,21854,26316,4169,7743.5,5956.25
E05013329,Redruth North,3,7197.67,6960.333333333333,5332.333333333333,10196.666666666666,7667.333333333333,17674.666666666668,14001.333333333334,14372.333333333334,14186.83
E05013330,Redruth South,3,16791.67,14162.666666666666,13372,20385,15504.666666666666,20605.666666666668,21444.333333333332,11468.333333333334,16456.33
E05013331,Roche & Bugle,3,6887.67,10270.666666666666,10912.666666666666,6648,14328.666666666666,17492,1540.3333333333333,1325.3333333333333,1432.83
E05013336,St Blazey,4,11964.75,12134.25,11326,9165,14874.25,20709.25,4829.5,18737.25,11783.38
E05013338,"St Columb Major, St Mawgan & St Wenn",3,12845.33,13428,15551.666666666666,15659,18473.333333333332,28258.333333333332,2740.3333333333335,9267,6003.67
E05013341,"St Goran, Tregony & the Roseland",4,15145.5,20529,21652.5,21558.75,24165.25,31641.75,2411,2180.5,2295.75
E05013346,St Stephen-in-Brannel,4,8106.5,12707,11984.75,12005.5,15020.5,23318.25,364.25,2313.5,1338.88
E05013347,St Teath & Tintagel,3,11534,15753.333333333334,15410.333333333334,14896.333333333334,19614.333333333332,26311.333333333332,2794.3333333333335,1052.3333333333333,1923.33
E05013348,Saltash Essa,6,19141.5,18060,15528.666666666666,18030.833333333332,16189.833333333334,24139.666666666668,18596.166666666668,19126,18861.08
E05013349,Saltash Tamar,3,15808,14738,11362.666666666666,17320.666666666668,14210.333333333334,19360.333333333332,16682.666666666668,21595.333333333332,19139
E05013350,Saltash Trematon & Landrake,4,22157,22407.25,23804.5,25087,20829,29088.75,7882.5,16787.5,12335
E05013351,"Stratton, Kilkhampton & Morwenstow",4,14483.25,16475,15634.5,12312.25,18718,29952.5,4040.5,13542,8791.25
E05013353,Torpoint,4,14492,13980.75,11518.75,13582.25,12020.75,19831,14540.5,18808,16674.25
E05013354,Truro Boscawen & Redannick,4,19008.5,17168.25,13462.25,19474.5,15113.5,25814.75,25464.75,16687,21075.88
E05013355,Truro Moresk & Trehaverne,4,16190,16777,12517,22220.75,11512.5,16013,21735.5,13591,17663.25
E05013356,Truro Tregolls,3,15834,12745.333333333334,11224.666666666666,10971.666666666666,18534.333333333332,18451.333333333332,18931.666666666668,30485.666666666668,24708.67
E05013357,Wadebridge East & St Minver,3,19765.33,18374.333333333332,19050,18427,22057.666666666668,29266.333333333332,8579.333333333334,16213.666666666666,12396.5
E05013358,Wadebridge West & St Mabyn,5,14707,16125.2,17316.2,15149.6,21162.6,28097,6537.2,9386.2,7961.7
E05013359,Bembridge,2,21777.5,23740,19769,23176,17747,28113.5,5681,21958.5,13819.75
E05013360,Binstead & Fishbourne,2,23880.5,25371.5,23900.5,20752.5,16349.5,28009.5,7627,27819,17723
E05013361,Brading & St Helens,2,12607,15261.5,11130,15782,10593,20810,3930,14739.5,9334.75
E05013362,"Brighstone, Calbourne & Shalfleet",3,12220,20289.666666666668,16430.333333333332,16474,17020,24771.666666666668,936.6666666666666,5328,3132.33
E05013363,Carisbrooke & Gunville,2,14083.5,14384,15371.5,13755.5,11587,19379.5,10394,18075,14234.5
E05013364,Central Rural,3,12215.67,18957.333333333332,18465.333333333332,15060,12763,21790.333333333332,1267.3333333333333,7113.666666666667,4190.5
E05013365,"Chale, Niton & Shorwell",2,9483.5,17740.5,12322.5,16858.5,15720.5,23586.5,77.5,2650.5,1364
E05013366,Cowes Medina,3,13608.67,11381.333333333334,11932,12270,9434.666666666666,22399.666666666668,19340.666666666668,16115,17727.83
E05013367,Cowes North,2,19186,17034.5,19249,18885,15760,18439.5,22328.5,11322,16825.25
E05013368,Cowes South & Northwood,2,23645.5,22186,19729.5,21803,15769.5,29262,15919,26026,20972.5
E05013369,Cowes West & Gurnard,2,25319,25286.5,21350,24584,18763.5,27541,14761,24712,19736.5
E05013370,East Cowes,3,13344,13909.666666666666,11226.333333333334,11984.666666666666,9766,19457.333333333332,13762,17156.666666666668,15459.33
E05013371,Fairlee & Whippingham,2,14630,16779.5,13880.5,12675,10555.5,14614.5,14699.5,18353,16526.25
E05013372,Freshwater North & Yarmouth,2,8392,12264,8399.5,6650,8912,19961.5,1718,19711,10714.5
E05013373,Freshwater South,2,13223,17817,12123,13959.5,13247,17495,2541,19465,11003
E05013374,Haylands & Swanmore,3,12048.33,12839,11294.333333333334,14587.666666666666,7489.333333333333,18404,9217,18944,14080.5
E05013375,Lake North,3,10512.67,10618,8084.666666666667,10018.333333333334,6927.333333333333,15740.333333333334,15215,20646,17930.5
E05013376,Lake South,3,15355.67,17154.333333333332,11103.333333333334,10861,9127.333333333334,22356.666666666668,18290.666666666668,26534.333333333332,22412.5
E05013377,Mountjoy & Shide,3,10690.33,12437.333333333334,9108.333333333334,12584,7234.666666666667,11514,17788,14409.333333333334,16098.67
E05013378,Nettlestone & Seaview,2,21893,26124.5,20549,20445.5,17590.5,26748,5526,23116.5,14321.25
E05013379,"Newchurch, Havenstreet & Ashey",2,16807.5,20200,17600.5,17399.5,12513,27319,2248,25478,13863
E05013380,Newport Central,2,5733,7319.5,6279.5,7458.5,2701.5,5253,22112.5,7612,14862.25
E05013381,Newport West,2,22479,19567.5,20262,17750,14533,21555,23886.5,28158,26022.25
E05013382,Osborne,2,11378,11454,10774,7975.5,10136.5,18240,7401,29431.5,18416.25
E05013383,Pan & Barton,2,3830.5,4175,3529,2415,2857.5,4430,14120.5,29062,21591.25
E05013384,Parkhurst & Hunnyhill,3,13017,15523.333333333334,13805.666666666666,9887.333333333334,8129.333333333333,15646.666666666666,15113.333333333334,19066,17089.67
E05013385,Ryde Appley & Elmfield,3,12482,13439.333333333334,10720,12356,7873.333333333333,15603.333333333334,12584.666666666666,19298.333333333332,15941.5
E05013386,Ryde Monktonmead,2,6690.5,8620,5393.5,9588,6175.5,7220,16407.5,5783,11095.25
E05013387,Ryde North West,3,8455.67,12609,6814,11332.333333333334,5839,9514.333333333334,16201.666666666666,6332,11266.83
E05013388,Ryde South East,1,1852,1377,1640,925,3786,5763,8992,25583,17287.5
E05013389,Ryde West,2,7756.5,8797,5180,10254,4928,11568.5,15095,23543,19319
E05013390,Sandown North,2,9139.5,12271,7505.5,10799.5,6909.5,5605,14133,16806,15469.5
E05013391,Sandown South,2,6858,7396.5,4432,8217.5,5729.5,8449,15119.5,23826,19472.75
E05013392,Shanklin Central,2,10523,11711,8703,11334,7051.5,10678.5,15905,19425,17665
E05013393,Shanklin South,2,11682,13586.5,9886.5,13274,8676.5,15868,11506,12255.5,11880.75
E05013394,Totland & Colwell,2,14047,18838,15067.5,13176.5,12661,20864,2312,17430,9871
E05013395,Ventnor & St Lawrence,3,8168.67,13553.666666666666,9497.333333333334,13052,8325.333333333334,13083,2206,3925.6666666666665,3065.83
E05013396,Wootton Bridge,2,17107,19929,15726,17042,12769.5,24275.5,4471,24283,14377
E05013397,"Wroxall, Lowtherville & Bonchurch",2,7811,10550,7638,7615.5,9220.5,15781.5,1965,17183,9574
E05013398,Aldbourne & Ramsbury,4,23748.5,27005.5,28093,27360.5,30839.5,30877,2681.25,11175.25,6928.25
E05013399,Alderbury & Whiteparish,3,23927,26568,25285.333333333332,24222.666666666668,25877,27814.333333333332,3800.3333333333335,21451.666666666668,12626
E05013400,Amesbury East & Bulford,3,24783,26360,27075,14213,17543,28159.333333333332,12077,32840,22458.5
E05013401,Amesbury South,3,21772,16161.666666666666,21791.333333333332,17087.666666666668,17385.666666666668,18243.333333333332,18122,33653.666666666664,25887.83
E05013402,Amesbury West,4,16696.75,16865,16923.25,9672.75,14916.25,15291.5,19565.5,23676.25,21620.88
E05013403,Avon Valley,4,21448.75,23566.75,27350.75,16675.5,24761,30442.75,4556.25,16374.25,10465.25
E05013405,Box & Colerne,4,27369.75,28958.75,29014,29495.25,29435,32000.75,6473.25,17373,11923.12
E05013410,By Brook,3,21312.67,29318.333333333332,29741.333333333332,27898.666666666668,31528.666666666668,29987.333333333332,2652.6666666666665,3580.3333333333335,3116.5
E05013416,Chippenham Cepen Park & Derriads,3,25827.33,24478,22855.666666666668,19386.666666666668,21477,26042,28201.333333333332,29419,28810.17
E05013417,Chippenham Cepen Park & Hunters Moon,3,32541.33,30774,30759,27042.333333333332,28598.333333333332,31418,25723.666666666668,31729.333333333332,28726.5
E05013418,Chippenham Hardenhuish,4,23739,21795,21754.5,19235,22944.25,24570.5,23536.75,24271.75,23904.25
E05013420,Chippenham Lowden & Rowden,2,19517.5,18631,17523.5,16159,16580.5,15086,29147,20209.5,24678.25
E05013421,Chippenham Monkton,1,30693,25261,22579,30078,27544,26893,31134,33277,32205.5
E05013423,Chippenham Sheldon,5,15317,13584.6,12914.6,10525.8,12898.4,16863.8,29048.6,20782,24915.3
E05013424,Corsham Ladbrook,3,18290.33,15173.666666666666,14233.666666666666,13051,19444,25744.666666666668,18685,23190.666666666668,20937.83
E05013425,Corsham Pickwick,3,27653.67,23258.666666666668,22264.333333333332,25905.333333333332,25861,27432.333333333332,19950,28087.666666666668,24018.83
E05013426,Corsham Without,3,23234.33,23427.333333333332,24332.333333333332,21165.666666666668,26471.666666666668,27124.666666666668,7743,18103.666666666668,12923.33
E05013427,Cricklade & Latton,3,22471.33,23779,22329.666666666668,18931.333333333332,25372,24834.666666666668,7289.666666666667,22349,14819.33
E05013428,Devizes East,5,22135.6,17525,18615.6,17869.2,20265.2,21387.6,22482.2,28648.8,25565.5
E05013429,Devizes North,2,11908.5,12388,8274,10972,13229.5,12091.5,23550.5,13516.5,18533.5
E05013430,Devizes Rural West,2,16718,21663,21578.5,17239.5,26372,25645,5420,1828,3624
E05013431,Devizes South,3,22816.67,21000.666666666668,19163.333333333332,19504.333333333332,20304,20071,24889.333333333332,24419.666666666668,24654.5
E05013432,Downton & Ebble Valley,3,22776,22463.666666666668,23193,23299.666666666668,21452.333333333332,25011.666666666668,9254.333333333334,15477.333333333334,12365.83
E05013433,Durrington,3,23025.67,20784.666666666668,23062,15791.666666666666,22929,22645,13213.333333333334,30900.333333333332,22056.83
E05013435,Fovant & Chalke Valley,2,18519,24477,24600,26812.5,29701,28819,789,5156,2972.5
E05013436,Hilperton,2,27105,22559,24827,22140.5,24050,25731.5,20560,28860,24710
E05013437,Holt,3,22648.33,21216,19231.666666666668,24192.333333333332,25858.333333333332,26253.333333333332,8327,21049.333333333332,14688.17
E05013439,Laverstock,3,27327,24370.333333333332,24667.333333333332,25100.333333333332,24930.333333333332,23636,21807.333333333332,27705.333333333332,24756.33
E05013440,Ludgershall North & Rural,3,13361.33,17723.666666666668,17673,12543,18012.666666666668,18090.666666666668,6969.666666666667,5977.666666666667,6473.67
E05013441,Lyneham,3,25142,28621.333333333332,28454,21404.666666666668,24554.333333333332,32580.333333333332,5999,15893.333333333334,10946.17
E05013442,Malmesbury,3,24464.67,22392.333333333332,24175,21871.666666666668,26199,26702,15295.666666666666,21762,18528.83
E05013443,Marlborough East,2,17547.5,15663,16025.5,10426,19657,20646,12668,23028,17848
E05013444,Marlborough West,4,25943.5,26022,25506.75,24710.5,28805.75,27153.75,17203.75,17258,17230.88
E05013448,Melksham Without North & Shurnhold,2,22091.5,20308.5,19242.5,15465.5,24100,27655.5,13207.5,23543.5,18375.5
E05013449,Melksham Without West & Rural,5,20539.4,23544,21905.6,21182.6,22483,28384.4,7324.4,11843,9583.7
E05013450,Mere,3,17264.33,19301.666666666668,18848.333333333332,17555,22889.666666666668,21560.666666666668,5421.666666666667,12087.333333333334,8754.5
E05013451,Minety,3,22010.33,26922,27701.333333333332,28719.666666666668,30580.666666666668,31928,2164,5517.666666666667,3840.83
E05013452,Nadder Valley,3,14811.33,24013.333333333332,23617,21645,27690,25485,867.6666666666666,1114,990.83
E05013453,Old Sarum & Lower Bourne Valley,4,21240.75,19533.75,21541,18297.5,17395.75,20870.75,10035,31404.25,20719.62
E05013455,Pewsey Vale East,3,20004,26996.333333333332,27248.666666666668,25080,31377.666666666668,29502.666666666668,2537.6666666666665,3779,3158.33
E05013457,Purton,4,24942.25,23121.25,24873,19038.25,24235.25,27144.25,11391.5,25516.5,18454
E05013458,Redlynch & Landford,3,26252.33,29298.666666666668,30101,27790.666666666668,29705.333333333332,30658,2851.3333333333335,19560.333333333332,11205.83
E05013459,Royal Wootton Bassett East,3,28282,30782,28653.666666666668,26527,29272.333333333332,30617.333333333332,13830,22608,18219
E05013460,Royal Wootton Bassett North,3,23176,20201.666666666668,19052.333333333332,17273.666666666668,19846,23563,27611,26133,26872
E05013462,Salisbury Bemerton Heath,2,9707,8734.5,9528.5,5477,12257,8409,13053,30593.5,21823.25
E05013463,Salisbury Fisherton & Bemerton Village,4,17706.5,17198.5,14662,13580.5,16360,16807,26335,20546,23440.5
E05013464,Salisbury Harnham East,4,22408.75,20600,20137.75,19541.25,19925,19081.75,29584.5,22412.5,25998.5
E05013465,Salisbury Harnham West,2,22960,21864,19820.5,20785.5,20233,20621.5,27069.5,23499,25284.25
E05013467,Salisbury St Edmund's,3,17208.67,20041,16979,21649.666666666668,14178.666666666666,11935,33621,4996.666666666667,19308.83
E05013469,Salisbury St Paul's,3,21762,21217.333333333332,19473,19382.666666666668,18291.333333333332,18697.666666666668,33009.333333333336,9661,21335.17
E05013470,Sherston,3,23967,29906,29612.333333333332,29051.666666666668,29219,30906.333333333332,6222.666666666667,5549,5885.83
E05013472,The Lavingtons,3,19773.33,25813.333333333332,26375.666666666668,22803.333333333332,24811,25513.666666666668,4357.666666666667,3620.6666666666665,3989.17
E05013473,Tidworth East & Ludgershall South,3,27740.67,26490,31124.666666666668,17865,26632.333333333332,28739.333333333332,8298.333333333334,33322.333333333336,20810.33
E05013474,Tidworth North & West,5,20403.6,19486,23500.8,12691.8,17639.8,21792.8,9358.2,29561.8,19460
E05013475,Till Valley,2,19348,25417.5,24534.5,24069.5,26837,24142.5,2884.5,4210,3547.25
E05013476,Tisbury,3,17267.33,22591.666666666668,24020,22552.666666666668,26515.333333333332,28765,4036,2452,3244
E05013477,Trowbridge Adcroft,2,11835,10649,9728.5,7747,11138,14880.5,24745.5,19075,21910.25
E05013478,Trowbridge Central,4,13233,15030.5,13124,14074,11561.75,8234.5,26309.75,9164.25,17737
E05013482,Trowbridge Park,2,18632.5,16045.5,14440,11596,19796,14623.5,28477.5,33093.5,30785.5
E05013483,Trowbridge Paxcroft,4,23933.25,19949,21255.5,21786,17715.75,18862.75,23970.75,30467,27218.88
E05013484,Urchfont & Bishops Cannings,3,22315.67,21705.333333333332,24018,20060.666666666668,27736,26198,8128.333333333333,16034.666666666666,12081.5
E05013485,Warminster Broadway,2,23429.5,21202,20893.5,18290,20483,25352.5,15540.5,27323.5,21432
E05013486,Warminster East,3,18374.67,17497,16585.666666666668,14797,18137.333333333332,16899.666666666668,19658,24044.666666666668,21851.33
E05013487,Warminster North & Rural,4,23875.25,25142.5,24512.25,21107.75,22406.25,26086.5,14866.25,18345.25,16605.75
E05013488,Warminster West,4,20050.75,18799.25,17755.25,17531.75,20439,16277.25,13746.5,24564.25,19155.38
E05013491,Westbury West,3,16618.33,12133.333333333334,14190.666666666666,13442,18186,18126,14860.666666666666,30466,22663.33
E05013492,Wilton,3,20493.67,19355.666666666668,18699.666666666668,19766.333333333332,17163.333333333332,23865.333333333332,12576.666666666666,17417.333333333332,14997
E05013493,Winsley & Westwood,3,26577.67,29306.666666666668,26707,31327,28935.666666666668,30612.666666666668,6638.666666666667,11781,9209.83
E05013494,Winterslow & Upper Bourne Valley,4,25428,30658.75,29937.25,27303.25,30326.75,32203,3125,11505.25,7315.12
E05013495,Wylye Valley,4,16667.5,24988.75,25657,25192,25363,27572,1741,1231.75,1486.38
E05013496,Alperton,7,9400.57,7485.428571428572,18134.714285714286,6097.714285714285,25952.14285714286,17655.85714285714,808.4285714285714,11662.714285714286,6235.57
E05013497,Barnhill,6,9908.5,6339.166666666667,12595.5,15472.166666666666,20228.5,13788.666666666666,2561.1666666666665,12570.5,7565.83
E05013498,Brondesbury Park,8,13933.5,12745.625,16119.125,23311.875,21327.75,14005,4143,7706.875,5924.94
E05013499,Cricklewood & Mapesbury,8,9033.12,8082.875,10818,16258.5,17569.75,10709.5,3205.375,6384.5,4794.94
E05013500,Dollis Hill,12,3506.33,1684.75,5475.416666666667,7851.666666666667,14723.083333333334,10143.5,365.0833333333333,10751,5558.04
E05013501,Harlesden & Kensal Green,10,5881.1,4507.2,7549.7,13233.6,16074.2,8332.3,1503.4,5122.8,3313.1
E05013502,Kenton,11,17633.64,15694.181818181818,21116.454545454544,19782.727272727272,26484.636363636364,19446.545454545456,5241.909090909091,12415.272727272728,8828.59
E05013503,Kilburn,9,9129.33,6692.555555555556,9655.222222222223,20703.666666666668,13707.222222222223,9851.222222222223,5765.111111111111,8604,7184.56
E05013504,Kingsbury,6,12531.33,9140.5,14867.166666666666,15889.5,25101,14836.5,5178.166666666667,10725,7951.58
E05013505,Northwick Park,7,17826.57,14802.57142857143,21686.85714285714,21539.714285714286,25197.571428571428,22870.714285714286,3986.1428571428573,12605.714285714286,8295.93
E05013506,Preston,6,13815.67,10081.666666666666,19982.333333333332,16007.166666666666,27053.833333333332,22834.833333333332,1617.6666666666667,11837.833333333334,6727.75
E05013507,Queens Park,10,13719.7,13924.9,16041.8,26179.4,21911,14130,4372.8,4628.9,4500.85
E05013508,Queensbury,9,13701.56,11730.666666666666,17205.666666666668,13507.111111111111,24415.333333333332,17101.666666666668,3185.5555555555557,12875.333333333334,8030.44
E05013509,Roundwood,8,2430.38,1007.75,3456.125,8873.625,9747.375,6245.625,725.375,8863.125,4794.25
E05013510,Stonebridge,12,3646,1819.5,5012.416666666667,9715.5,11188.583333333334,9639.166666666666,704.9166666666666,10920.666666666666,5812.79
E05013511,Sudbury,7,10587.86,8787.714285714286,16448.571428571428,12845.42857142857,22983.714285714286,19343.14285714286,582.4285714285714,11086.714285714286,5834.57
E05013512,Tokyngton,5,10378.2,8850,17932.8,9057.8,22407.6,20106.4,1319.4,10226.6,5773
E05013513,Welsh Harp,10,10366.8,8276.6,12521.3,11564.6,21995.3,16202.9,2115.9,10833.4,6474.65
E05013514,Wembley Central,7,9137.71,7660.714285714285,19372.14285714286,7550,25258.714285714286,17470,329.7142857142857,10201.714285714286,5265.71
E05013515,Wembley Hill,8,9436.38,8310.125,16432.5,11174.5,22541.875,10408.25,1176.625,10412.75,5794.69
E05013516,Wembley Park,4,17653.25,15023.25,23402,24733.5,20876,10106,11159.5,14529.75,12844.62
E05013517,Willesden Green,11,8714.82,6972.909090909091,10784.818181818182,16237.272727272728,18634.909090909092,11827.272727272728,2153.3636363636365,6743,4448.18
E05013518,Central Greenford,8,11768.62,9134.5,15334.75,14884.75,22032.5,17999.125,2483.875,9356.875,5920.38
E05013519,Dormers Wells,8,7536.62,5815.125,11285.875,8768.25,15833.625,13475.75,1050.375,12501.625,6776
E05013520,Ealing Broadway,9,18680.56,17317.222222222223,21381.555555555555,28605.222222222223,24063.222222222223,17089.222222222223,10982.777777777777,5422.888888888889,8202.83
E05013521,Ealing Common,11,16389.73,15213.727272727272,17184.545454545456,26787.909090909092,21942.272727272728,15133.363636363636,8841.454545454546,7186.363636363636,8013.91
E05013522,East Acton,7,11365.86,9272.142857142857,13471.142857142857,19286.714285714286,18924.714285714286,13353.285714285714,4585.857142857143,8209.857142857143,6397.86
E05013523,Greenford Broadway,9,8926.78,6376.111111111111,11211.333333333334,13778.222222222223,18655.555555555555,13254.111111111111,1795.7777777777778,14960,8377.89
E05013524,Hanger Hill,9,17942,15800.777777777777,20137.88888888889,25364.555555555555,28503.88888888889,20947.11111111111,8467.888888888889,6192.888888888889,7330.39
E05013525,Hanwell Broadway,8,12218.25,11440.875,14051.625,23351.875,18926.125,14936.375,3730.75,6130.625,4930.69
E05013526,Lady Margaret,9,9294.33,8523.555555555555,14434.111111111111,9400.888888888889,17001.444444444445,17258.222222222223,1136.888888888889,10309.111111111111,5723
E05013527,North Acton,9,11524.33,10607.444444444445,14318.888888888889,18546,19141.222222222223,16141.222222222223,3403.5555555555557,7010.111111111111,5206.83
E05013528,North Greenford,8,14826.75,11013,18475.75,16378,25857.25,20903.625,3377.625,13163.5,8270.56
E05013529,North Hanwell,9,10859.22,9079.111111111111,13043.333333333334,20727.666666666668,19767.11111111111,16850.555555555555,1400.2222222222222,10956.222222222223,6178.22
E05013530,Northfield,8,22523.88,21810.625,25951.125,32041.5,28192,24117.875,8478.375,5495.5,6986.94
E05013531,Northolt Mandeville,9,8290.56,6143.222222222223,11940.777777777777,11802.111111111111,19338.11111111111,12613.555555555555,1083,12742.444444444445,6912.72
E05013532,Northolt West End,9,5883.11,4188,9024,9139,13751.444444444445,10186,816.5555555555555,12975.555555555555,6896.06
E05013533,Norwood Green,7,7957.71,6613.857142857143,10535.285714285714,12282.285714285714,15079.142857142857,12415,1402,13809.142857142857,7605.57
E05013534,Perivale,9,10030.89,6584.777777777777,12276.888888888889,14732,21656.11111111111,14995.222222222223,3082.777777777778,9812.222222222223,6447.5
E05013535,Pitshanger,9,15862.33,13032.222222222223,16909.777777777777,24561.555555555555,22636.444444444445,19438.777777777777,8574.666666666666,8873.888888888889,8724.28
E05013536,South Acton,10,10944.1,8030.6,11138.6,23648.6,15151.3,10803,10018.7,7400.8,8709.75
E05013537,Southall Broadway,6,6002.5,5371.166666666667,12451.833333333334,6164.166666666667,15579.833333333334,9625.333333333334,718.6666666666666,7400.666666666667,4059.67
E05013538,Southall Green,8,5591.12,4978.25,11842.75,4633.375,16820.25,10239,280.75,8935.5,4608.12
E05013539,Southall West,2,7688,5729.5,15127.5,5639.5,19740,16758,725,9840.5,5282.75
E05013540,Southfield,9,21575.33,20884.222222222223,24203.222222222223,31112.444444444445,27291.444444444445,22241.88888888889,10145.222222222223,6033.222222222223,8089.22
E05013541,Walpole,9,17442.22,15349.555555555555,20620.222222222223,28838.222222222223,23716.88888888889,16745.11111111111,9112.333333333334,4746.666666666667,6929.5
E05013542,Belmont,4,21416.25,14877.5,25580.5,25014.25,30490,25792.25,5193.25,16800.75,10997
E05013543,Canons,4,17848.5,14423.75,19731.75,25385.25,26857.25,23100.75,3362.75,12883.75,8123.25
E05013544,Centenary,8,20840,14542.75,25061.25,20819.125,30459.375,27069.25,6362.625,16319.75,11341.19
E05013545,Edgware,9,12820.78,9360.777777777777,15825.666666666666,11356.333333333334,26638.444444444445,16859.777777777777,5123,11382,8252.5
E05013546,Greenhill,8,15578.25,11716.75,17603.375,23006.75,22451.875,12028,7699,13375.5,10537.25
E05013547,Harrow on the Hill,5,17984.4,17052.4,20655.2,24256.4,25638.2,19045.8,4769,11203.6,7986.3
E05013548,Harrow Weald,9,14173.56,9740.444444444445,14536.666666666666,16926.777777777777,19026.555555555555,17462.88888888889,10708.222222222223,12909,11808.61
E05013549,Hatch End,6,29841.67,24875,28301.833333333332,30397.5,31695,29883.5,25810,17688.833333333332,21749.42
E05013550,Headstone,9,22285.78,16234,22340.555555555555,26577.88888888889,28125.222222222223,23138.11111111111,13319,13898.666666666666,13608.83
E05013551,Kenton East,9,15449.33,10379.777777777777,19583.777777777777,12228.333333333334,26387.11111111111,22345.11111111111,6337.555555555556,15388.333333333334,10862.94
E05013552,Kenton West,6,21979,15685.5,22303.666666666668,20766.166666666668,28814.333333333332,24205.166666666668,12185.833333333334,17984.333333333332,15085.08
E05013553,Marlborough,4,13680.5,9631,15484.75,20020.5,24628,16113.75,6101.75,9934,8017.88
E05013554,North Harrow,4,26135.75,20193.75,25552.75,28015,30088.75,26527.75,17248.25,13627.5,15437.88
E05013555,Pinner,7,23917,19970.428571428572,22847,28121.428571428572,28640.714285714286,23311.14285714286,16694.714285714286,15438.42857142857,16066.57
E05013556,Pinner South,9,29687,24772.444444444445,28824.333333333332,30979.11111111111,31968,28610.222222222223,23602.555555555555,17490.11111111111,20546.33
E05013557,Rayners Lane,6,21156.5,11733.833333333334,21909.166666666668,21693.166666666668,28900.5,25003.666666666668,13769.166666666666,18927.166666666668,16348.17
E05013558,Roxbourne,5,10601.2,5807.2,12434.2,14441,18628.2,13715,5560.8,17097.2,11329
E05013559,Roxeth,9,13680.11,8504.333333333334,16337.777777777777,16878.444444444445,23317,15663.444444444445,7138.888888888889,11676.555555555555,9407.72
E05013560,Stanmore,8,17163.38,15064.75,18999.75,22830.125,26654.625,23511.125,2245.75,18731.125,10488.44
E05013561,Wealdstone North,5,10017,5921.8,11219.2,12930.2,21357.4,13888,4334.8,14460.2,9397.5
E05013562,Wealdstone South,4,9033.25,6791.5,12305,12341.75,20611.75,13287,1844.25,8435.75,5140
E05013563,West Harrow,6,16865.83,11822.666666666666,18314.166666666668,22052.833333333332,25757.666666666668,20302.333333333332,10160.333333333334,9478.166666666666,9819.25
E05013564,Belmore,9,12009.22,8586.444444444445,15286.333333333334,9884,19518.11111111111,13774.444444444445,6477.222222222223,14568.777777777777,10523
E05013565,Charville,7,13043.29,9971.285714285714,15499.142857142857,11452.857142857143,20048.14285714286,17893,5296.857142857143,16300.142857142857,10798.5
E05013566,Colham & Cowley,10,12636.2,11328,15058.5,13075.9,15943.2,12737.4,5587.4,14454.6,10021
E05013567,Eastcote,10,26252.8,23078.7,25152.9,26818.8,27635.2,23766.3,18822.5,17904.1,18363.3
E05013568,Harefield Village,4,13385.75,16008.75,17529.75,11876.25,17088,18318,1285.75,17931.75,9608.75
E05013569,Hayes Town,8,9811.88,6539.5,13259.125,11086.875,17483.5,10676.5,6487.875,12854.875,9671.38
E05013570,Heathrow Villages,7,8142.43,8440,16836.14285714286,8233.857142857143,20950.571428571428,11458.714285714286,661.8571428571429,5354.285714285715,3008.07
E05013571,Hillingdon East,10,18759.4,15378.2,18832,20482.5,21594.4,19490.9,10178.9,14849.1,12514
E05013572,Hillingdon West,6,20468.83,17615.666666666668,20750.666666666668,22819.5,22186.833333333332,17411,14322.333333333334,15578.333333333334,14950.33
E05013573,Ickenham & South Harefield,9,27405.78,26132.777777777777,27972.444444444445,26616.222222222223,27931.666666666668,25343.777777777777,14110.555555555555,19310.88888888889,16710.72
E05013574,Northwood,7,24607.86,21363.571428571428,22827.571428571428,26070.428571428572,24568.714285714286,24608.428571428572,15507,17011.85714285714,16259.43
E05013575,Northwood Hills,7,20027.57,17093,19532.85714285714,23624.428571428572,23471.714285714286,20084.571428571428,11115,16624.571428571428,13869.79
E05013576,Pinkwell,9,10072,8298,14334.333333333334,8540.222222222223,18684.11111111111,10995.444444444445,5404,9074.666666666666,7239.33
E05013577,Ruislip,10,25901.8,23895,26658.3,26073.3,27288,23029,15736.2,17210.2,16473.2
E05013578,Ruislip Manor,6,28336.83,25781.666666666668,28519.833333333332,25811.333333333332,27859.666666666668,26261.333333333332,22091.666666666668,14019.333333333334,18055.5
E05013579,South Ruislip,9,22144,18118.444444444445,22885.444444444445,24425.222222222223,24658.88888888889,22565.222222222223,11822.333333333334,15217.555555555555,13519.94
E05013580,Uxbridge,9,15943.56,14290.222222222223,17914.88888888889,19143.88888888889,19760.222222222223,12514.555555555555,9292.555555555555,11124,10208.28
E05013581,West Drayton,9,9293.67,9219.333333333334,12046,12245.111111111111,13319.333333333334,10434.444444444445,1995.4444444444443,14439.555555555555,8217.5
E05013582,Wood End,10,8650.6,5854.2,9998.2,9803.8,15339.5,11307.3,5585.1,13254.9,9420
E05013583,Yeading,8,9156.38,6393.5,10725.375,10156.375,16022.75,9229.625,3864.5,21287.125,12575.81
E05013584,Yiewsley,6,8669.33,8029.833333333333,10513.333333333334,10708,13698.333333333334,10852.833333333334,2671.3333333333335,15588.5,9129.92
E05013585,Alexandra Park,6,24197.83,23701.833333333332,24230.333333333332,32668.5,28757.833333333332,20255.333333333332,17782,6430.666666666667,12106.33
E05013586,Bounds Green,4,9094.75,8463.75,10447.5,18663.5,19305.75,12366.75,2169.25,6350.5,4259.88
E05013587,Bruce Castle,7,3423,2189.8571428571427,4561,6058.285714285715,11541.714285714286,6600.428571428572,2157.4285714285716,7376.714285714285,4767.07
E05013588,Crouch End,7,22146.86,21049.428571428572,22277.14285714286,31703.714285714286,27113.571428571428,18292.14285714286,13797.285714285714,6415.142857142857,10106.21
E05013589,Fortis Green,7,24387.43,22827.14285714286,24708,30910.428571428572,28945.14285714286,21029.714285714286,20268.428571428572,8015.285714285715,14141.86
E05013590,Harringay,7,11623.57,11195.714285714286,13507.857142857143,22019.428571428572,18577.714285714286,10993.142857142857,6162.857142857143,3521.285714285714,4842.07
E05013591,Hermitage & Gardens,4,10597,10618.25,14728.5,17559.75,19704.75,8771.25,5614.25,3602.75,4608.5
E05013592,Highgate,8,23594.38,24890.125,25335,31085.625,27164.125,19292.625,16859.875,4494.375,10677.12
E05013593,Hornsey,11,15656.82,14742.454545454546,15905.272727272728,25551.363636363636,19007.909090909092,14233.727272727272,10651.363636363636,8503.09090909091,9577.23
E05013594,Muswell Hill,5,24832.4,24686,25657.4,31476.2,28323.4,18957,23206.4,5328.8,14267.6
E05013595,Noel Park,8,4982.5,4940.625,7072,11057.875,13749.125,5355,1490,5317.625,3403.81
E05013596,Northumberland Park,8,1892.25,1151.25,2758,5017.125,8977.75,4688,573.5,9069.25,4821.38
E05013597,St Ann's,6,6518.5,6242.666666666667,8370.166666666666,11976.5,12973.333333333334,6712.5,2406,6907.833333333333,4656.92
E05013598,Seven Sisters,4,4006.75,2132.5,6630,9297.5,10246.5,7177.25,2222,5761,3991.5
E05013599,South Tottenham,9,4170.78,2510.777777777778,8623,6976.444444444444,12562.666666666666,10475.666666666666,2596.4444444444443,5676.111111111111,4136.28
E05013600,Stroud Green,7,15607,15944.714285714286,15475.285714285714,28589,20852.428571428572,14522.42857142857,6632,6157.142857142857,6394.57
E05013601,Tottenham Central,8,6020.75,5278,7934.5,11125.625,15703.625,6849.125,1825.75,5522,3673.88
E05013602,Tottenham Hale,6,7283.33,5820.5,10113.5,8669.166666666666,17090,7239.5,4049.5,6966.333333333333,5507.92
E05013603,West Green,8,7538.75,6730,9398.375,13545.75,15978.625,9101.375,3074.25,8243.75,5659
E05013604,White Hart Lane,8,4479.25,3777,5914.875,6729.125,12170,7623.875,2169.875,6619.875,4394.88
E05013605,Woodside,9,6448.22,6261.777777777777,9529.666666666666,13437.888888888889,15652,11194.111111111111,739.8888888888889,5693.555555555556,3216.72
E05013606,Bedfont,7,9324.43,8683.285714285714,12171.42857142857,8336.714285714286,18709.85714285714,12622.714285714286,2793.714285714286,13013.857142857143,7903.79
E05013607,Brentford East,5,10264.8,7497.6,11049.8,16628.8,16525.4,9933,7566.8,9979.4,8773.1
E05013608,Brentford West,3,15447.67,12661,16931.666666666668,27024.333333333332,26074,16711,6412.333333333333,6108.333333333333,6260.33
E05013609,Chiswick Gunnersbury,8,18193.25,19326,20614.5,26593.125,27275.5,15949.875,7845,4677.125,6261.06
E05013610,Chiswick Homefields,9,22192.78,24700.88888888889,26296.666666666668,29687,28909.444444444445,16984.444444444445,12734,4963.333333333333,8848.67
E05013611,Chiswick Riverside,6,18810.83,18097.333333333332,20805.833333333332,30212.833333333332,26350.5,15876,10426.333333333334,4615.333333333333,7520.83
E05013612,Cranford,7,7992.71,7484.571428571428,13326.285714285714,8906.857142857143,22250.428571428572,12315.57142857143,572.7142857142857,8181.857142857143,4377.29
E05013613,Feltham North,6,9484.67,8403.833333333334,13762.5,7918.5,18797.833333333332,13110.166666666666,3397.1666666666665,9281.5,6339.33
E05013614,Feltham West,9,11024.78,9930.444444444445,13366.444444444445,12236.444444444445,17344.777777777777,11470.444444444445,3541.3333333333335,17719.555555555555,10630.44
E05013615,Hanworth Park,6,12364.5,11410.166666666666,14406.166666666666,13269.333333333334,21946.333333333332,12258.166666666666,4027.8333333333335,11598,7812.92
E05013616,Hanworth Village,8,8416.75,7101.25,9684.5,9890,15643.625,10196.875,4431.125,11568.25,7999.69
E05013617,Heston Central,7,10213.14,10185.857142857143,14711.857142857143,12512.714285714286,20757.285714285714,12390.42857142857,1990.2857142857142,6445.571428571428,4217.93
E05013618,Heston East,6,11213,9387.5,13882.166666666666,13517.333333333334,23384.333333333332,13544.333333333334,4623.833333333333,7308.666666666667,5966.25
E05013619,Heston West,8,8563.25,6648.5,12434,9043.875,20543,13388.5,2222.375,8686.5,5454.44
E05013620,Hounslow Central,4,9037,8571.25,15983.25,16663.75,25582.5,6218,1938.25,3519.25,2728.75
E05013621,Hounslow East,5,10851.4,8934.2,15011.2,14978.4,21636.2,7805.8,5923.6,6199.8,6061.7
E05013622,Hounslow Heath,8,8108.75,7043.375,12632.125,12040.375,23039.5,9364.875,1597.375,5807,3702.19
E05013623,Hounslow South,8,18048.12,16205.375,19552.5,20534.75,25276.375,21012,9263.25,6846.75,8055
E05013624,Hounslow West,8,9629.25,9137.875,15896.125,11973.125,22056.125,12262,1229.375,6507.75,3868.56
E05013625,Isleworth,7,14131.43,12326,15117.714285714286,21534.428571428572,21185.571428571428,17714,7786.571428571428,7721.428571428572,7754
E05013626,Osterley & Spring Grove,7,19554,17905.14285714286,22788.714285714286,26115.14285714286,29594.428571428572,18224.714285714286,7262.857142857143,5674,6468.43
E05013627,Syon & Brentford Lock,8,12316.12,10439.5,13863.125,19672.375,18433.75,11320.5,4702.25,9037.375,6869.81
E05013628,Barnet Vale,10,20565.1,17822,19121.4,27951.5,26680.2,20893.8,11080.2,9443.7,10261.95
E05013629,Brunswick Park,10,22729.7,19134.4,20363.7,25395,27768.7,22089.9,15759.2,13374.8,14567
E05013630,Burnt Oak,13,8141.54,5508.076923076923,9853.461538461539,11974.307692307691,18642,12918.846153846154,2478.4615384615386,11161.461538461539,6819.96
E05013631,Childs Hill,11,15164.27,13363.818181818182,15926.818181818182,23161.363636363636,26574.272727272728,13475.272727272728,8251.272727272728,7506.272727272727,7878.77
E05013632,Colindale North,6,7207.33,3781.1666666666665,8813,13790.833333333334,17244.833333333332,11083.833333333334,2340,15072.833333333334,8706.42
E05013633,Colindale South,11,16457.55,11344,19888.454545454544,19532.454545454544,27088.727272727272,19057.636363636364,7869.818181818182,12917.454545454546,10393.64
E05013634,Cricklewood,6,6562.33,3909.3333333333335,7138.333333333333,13980,19485.166666666668,7263.5,3884.1666666666665,8463.166666666666,6173.67
E05013635,East Barnet,10,18433.7,15945.4,17528.1,22926.6,25993.9,20352.6,7704.8,12642.4,10173.6
E05013636,East Finchley,10,17660.2,16251,19324.1,27195.2,26637.4,19292.4,7758.8,7209.5,7484.15
E05013637,Edgware,9,17295.44,13968.222222222223,19350.444444444445,23699.11111111111,27779.333333333332,19668.222222222223,3776.4444444444443,13037.555555555555,8407
E05013638,Edgwarebury,8,15138.62,11903.5,18544,23124.5,25075.375,19762,1792.125,16587.25,9189.69
E05013639,Finchley Church End,10,20069.2,17991.6,20095.9,28480.5,30443.7,21891.5,7229.3,8839.8,8034.55
E05013640,Friern Barnet,11,14970.91,11594.454545454546,14132.545454545454,22385.090909090908,23582.636363636364,14769.545454545454,8712.181818181818,10217.454545454546,9464.82
E05013641,Garden Suburb,7,25237.14,28318,31029.571428571428,31805.85714285714,33274.42857142857,22750.285714285714,6609.857142857143,5719,6164.43
E05013642,Golders Green,9,12297.33,8134.444444444444,14054.666666666666,22006.333333333332,25580.666666666668,21186.444444444445,5000.888888888889,6253.777777777777,5627.33
E05013643,Hendon,11,12838.09,10296.454545454546,14901.636363636364,20886.454545454544,25263.363636363636,14740.818181818182,3511.2727272727275,7814.090909090909,5662.68
E05013644,High Barnet,7,22904.86,21677.14285714286,22627.714285714286,27890.85714285714,28233.428571428572,20111.14285714286,12355.142857142857,12886.714285714286,12620.93
E05013645,Mill Hill,9,20391.56,18125.11111111111,21183.444444444445,26313.777777777777,29061,21497.222222222223,5880.444444444444,13669.333333333334,9774.89
E05013646,Totteridge & Woodside,9,27327.89,23915.444444444445,25822.777777777777,29622,30029.555555555555,27186.11111111111,19505.555555555555,20404,19954.78
E05013647,Underhill,7,17423.43,14983.857142857143,14684.714285714286,22417.85714285714,21946.285714285714,18679.714285714286,9914.57142857143,17632.14285714286,13773.36
E05013648,West Finchley,12,20254.25,16949.416666666668,19573.166666666668,27399.333333333332,27935.833333333332,19866.333333333332,12468.083333333334,8538.416666666666,10503.25
E05013649,West Hendon,10,10709.2,9364.1,15104.5,15498.2,23856.2,13615.3,1516.8,9041.6,5279.2
E05013650,Whetstone,7,22974.86,18141.285714285714,21505.285714285714,27636.714285714286,28323.571428571428,21654.571428571428,18649.85714285714,13034.857142857143,15842.36
E05013651,Woodhouse,7,17246.57,13443.57142857143,15970.285714285714,23796.428571428572,25843.285714285714,17098,10385.57142857143,10018.857142857143,10202.21
E05013652,Belsize,9,25291.33,25891.555555555555,27051.222222222223,27978.333333333332,25991.777777777777,21657,23797.777777777777,5791,14794.39
E05013653,Bloomsbury,8,14307.5,20302.75,20027.5,21772.5,14723,15682.875,11517,964.375,6240.69
E05013654,Camden Square,4,10035.75,9555,10913.25,23568.5,11653,8808,11177.5,5018,8097.75
E05013655,Camden Town,3,6348,7715,7875.333333333333,16541.333333333332,8034,2526.3333333333335,9578.333333333334,5162.666666666667,7370.5
E05013656,Fortune Green,7,15975,14270.142857142857,16933,26536.714285714286,17899.285714285714,15304.285714285714,16041.42857142857,4280.142857142857,10160.79
E05013657,Frognal,5,27548.2,26808.2,28342.2,29244.2,30296.6,25791.8,27086,6239.6,16662.8
E05013658,Gospel Oak,8,13276.5,11365.5,12036.625,20039.875,13074.75,13707.5,22553.25,7439.5,14996.38
E05013659,Hampstead Town,5,27007,29775.6,30403.4,31784.2,30144.2,18778,31560.8,3469.2,17515
E05013660,Haverstock,7,9746.14,7818.714285714285,10312.714285714286,17667.14285714286,9785.42857142857,10282.142857142857,17435.714285714286,7209.428571428572,12322.57
E05013661,Highgate,7,15242,15780.57142857143,14910,25619.14285714286,19530.14285714286,11457.857142857143,25168.571428571428,5189.428571428572,15179
E05013662,Holborn & Covent Garden,6,10186,9625.5,11230.5,18708.833333333332,12752.333333333334,22205.666666666668,11125.666666666666,1959.6666666666667,6542.67
E05013663,Kentish Town North,4,15980.5,15724.75,16238.25,29131.5,12796.75,13459,22877.5,4034.25,13455.88
E05013664,Kentish Town South,6,10515.67,9552.5,10466.5,22307.166666666668,11136.166666666666,12028.333333333334,18271.333333333332,3564,10917.67
E05013665,Kilburn,6,6640,5380.166666666667,7647.666666666667,15978.5,8667.166666666666,8204.166666666666,11980.666666666666,4087,8033.83
E05013666,King's Cross,7,9181.29,9530,12927.857142857143,17560.428571428572,10358.857142857143,8366.57142857143,6297.285714285715,4223.428571428572,5260.36
E05013667,Primrose Hill,9,19724.78,18888.88888888889,19542.666666666668,26033,22190,15606.222222222223,19426.222222222223,6860.222222222223,13143.22
E05013668,Regent's Park,7,8323.29,7706.285714285715,10319.714285714286,15348.42857142857,10707.142857142857,13967.714285714286,5643.285714285715,5277.285714285715,5460.29
E05013669,St Pancras & Somers Town,8,5754.5,5783.75,7654,10864.25,8158.25,9499.375,5013.5,4066.125,4539.81
E05013670,South Hampstead,7,18126.86,16047.57142857143,19019.85714285714,23070.85714285714,21294.85714285714,18301.428571428572,16715.571428571428,6874.857142857143,11795.21
E05013671,West Hampstead,7,16253.14,16958,17496.85714285714,25587.428571428572,17273.85714285714,12740.714285714286,16212.714285714286,3757.4285714285716,9985.07
E05013672,Arnos Grove,6,24099.83,23438,24525.833333333332,26690.5,30652.666666666668,20736.666666666668,15665.5,7855.166666666667,11760.33
E05013673,Bowes,6,8535,7099.666666666667,10711.666666666666,10858,20632,12569.833333333334,2332.8333333333335,8156.833333333333,5244.83
E05013674,Brimsdown,9,5215.78,2995.4444444444443,6365.444444444444,5472.222222222223,16149.444444444445,10765.333333333334,3652.1111111111113,12359.444444444445,8005.78
E05013675,Bullsmoor,6,5031.67,3061.5,5999.333333333333,5486.333333333333,15300.333333333334,7804.833333333333,4847.333333333333,10200.833333333334,7524.08
E05013676,Bush Hill Park,7,22472.29,18154,21236.285714285714,22740,27452.285714285714,22544.14285714286,17265.571428571428,11807.714285714286,14536.64
E05013677,Carterhatch,7,4316,2469.714285714286,5421.714285714285,5261.142857142857,13451.857142857143,8814.42857142857,3132,11140.142857142857,7136.07
E05013678,Cockfosters,6,19678.17,17640.5,19879.5,23359.833333333332,24722.333333333332,19868.333333333332,8074.666666666667,16689.166666666668,12381.92
E05013679,Edmonton Green,10,2476.3,1098.4,3810.6,4559.3,10240.2,6348.3,2232,8342.4,5287.2
E05013680,Enfield Lock,9,5231.67,2716.6666666666665,5624.222222222223,6533.888888888889,13644.666666666666,9753.555555555555,5378.777777777777,15157.555555555555,10268.17
E05013681,Grange Park,5,27904.4,25638.4,27195.4,29326,30230.4,25989,24175.2,9142.4,16658.8
E05013682,Haselbury,10,4657.3,2793,7013.7,4530,16052.6,11454.4,2380.3,7418.5,4899.4
E05013683,Highfield,7,14194.29,10662.285714285714,14467.857142857143,14694.57142857143,23996.85714285714,17390.85714285714,7360,12412.142857142857,9886.07
E05013684,Jubilee,10,5443.5,2964.4,7613.9,6581.8,17159.1,12340.7,2857.9,8510.4,5684.15
E05013685,Lower Edmonton,9,3259.44,1112.5555555555557,4708.333333333333,4457.444444444444,14315.222222222223,9762.888888888889,3162.8888888888887,8565.666666666666,5864.28
E05013686,New Southgate,6,12514.83,10479.833333333334,13598.833333333334,16587.666666666668,20822.666666666668,17202.833333333332,7687.5,6118.5,6903
E05013687,Oakwood,5,23058.2,18906,21339.4,25655.8,26676.2,23405.4,17509.2,16010,16759.6
E05013688,Palmers Green,5,13377.4,11420.8,15211.8,18805,23772.6,13217,6525.2,6167.2,6346.2
E05013689,Ponders End,5,4181.6,1976.8,5391,5763,15094.4,6485.4,3929.2,10436.4,7182.8
E05013690,Ridgeway,7,19438.86,15610.857142857143,15410.42857142857,24813.714285714286,24784.14285714286,20264.714285714286,15062.857142857143,14312.42857142857,14687.64
E05013691,Southbury,8,10744.62,7469.5,11002.5,16880.125,19623.625,12679.375,8305.625,7322.5,7814.06
E05013692,Southgate,8,18617.38,14179.625,18899.25,22140.5,27103.625,20682,9003.5,11339.125,10171.31
E05013693,Town,8,20359.38,16276.25,19616.125,23303.75,26530.375,19200.375,17615,9160.625,13387.81
E05013694,Upper Edmonton,9,3922.89,2451.3333333333335,6326.666666666667,4732.111111111111,15360.555555555555,7231.111111111111,1771.4444444444443,7829,4800.22
E05013695,Whitewebbs,9,14379,11784.555555555555,13861.111111111111,18818.222222222223,20706.11111111111,13955.111111111111,11609.333333333334,10790.666666666666,11200
E05013696,Winchmore Hill,6,22949.33,20290.666666666668,23692,26936.833333333332,27843.833333333332,23943.666666666668,12796.666666666666,10779.666666666666,11788.17
E05013697,Arsenal,9,14881.67,14086.333333333334,16365.888888888889,25532.88888888889,15262.666666666666,13857.888888888889,8870.444444444445,8508.333333333334,8689.39
E05013698,Barnsbury,7,13121,14457.857142857143,14179.285714285714,23119.428571428572,15977.142857142857,12335.142857142857,11311.285714285714,4053.1428571428573,7682.21
E05013699,Bunhill,6,13654.83,10987.833333333334,14333.833333333334,18974.833333333332,15889.166666666666,20551.333333333332,20234,5248.833333333333,12741.42
E05013700,Caledonian,6,9583.17,7769.333333333333,9731.5,15806.166666666666,9662.666666666666,12750,10184.666666666666,8518,9351.33
E05013701,Canonbury,7,10237.86,9664.285714285714,9448.142857142857,18042.285714285714,11017.57142857143,9533.142857142857,17867.428571428572,6263.428571428572,12065.43
E05013702,Clerkenwell,7,12191.43,11119.142857142857,11884.57142857143,20994.285714285714,11829.714285714286,15438.42857142857,19765.714285714286,3554.285714285714,11660
E05013703,Finsbury Park,7,7324.14,6765.285714285715,8702,17204.428571428572,9758.714285714286,8586,6116,8094.285714285715,7105.14
E05013704,Highbury,8,16606.88,15557,17322.125,26917.25,17368.875,13173,14994.75,6766.125,10880.44
E05013705,Hillrise,10,8549.7,7079.2,7928.5,18179.5,9241.2,10940.9,9749.4,8048.2,8898.8
E05013706,Holloway,6,12480.83,11461.5,13544.833333333334,18178.333333333332,12488.333333333334,13105,11954.5,8878,10416.25
E05013707,Junction,7,10676.71,11142.285714285714,11333.42857142857,23301.85714285714,11559.714285714286,7471,6964,7515.571428571428,7239.79
E05013708,Laycock,9,8535.11,9827.222222222223,10537.777777777777,17520.444444444445,8355.333333333334,8384,6903.888888888889,5905.111111111111,6404.5
E05013709,Mildmay,8,10342.88,9144.125,10366.5,19504,10063.875,9679.625,15963.625,5525,10744.31
E05013710,St Mary's & St James',6,11785.5,11354.666666666666,12621.833333333334,18722.833333333332,11868.166666666666,8876,21585.833333333332,5028.333333333333,13307.08
E05013711,St Peter's & Canalside,7,13364.86,11744.714285714286,13777.857142857143,17288.285714285714,11100.285714285714,12646.142857142857,24933.714285714286,7710.428571428572,16322.07
E05013712,Tollington,9,9782.44,10564.222222222223,12318,21796.666666666668,10044.444444444445,7667.222222222223,6185.222222222223,6144.333333333333,6164.78
E05013713,Tufnell Park,7,11531.14,11640.857142857143,11211.42857142857,21839.14285714286,12164.57142857143,11485.42857142857,12520,5565.857142857143,9042.93
E05013714,Bellingham,6,4507.67,3576,3669,11209,6806,5002.333333333333,6037.5,13605.333333333334,9821.42
E05013715,Blackheath,10,16221.4,15029.1,17432.4,25106.6,18166,13943.3,14333.3,6975.6,10654.45
E05013716,Brockley,12,13343.42,14561,16193.083333333334,25107.5,14041.833333333334,10473.583333333334,7335.833333333333,4683.333333333333,6009.58
E05013717,Catford South,9,11794.44,10695.888888888889,12206.333333333334,20245.222222222223,16007.888888888889,12737,5826.444444444444,7774.333333333333,6800.39
E05013718,Crofton Park,9,18568.22,18868.88888888889,19081.11111111111,28412.11111111111,19098.222222222223,14966,16012.777777777777,5559.666666666667,10786.22
E05013719,Deptford,8,7316.75,6812.5,8943.625,19413,9156.625,7108.25,4171.75,7084.875,5628.31
E05013720,Downham,12,6613.75,6173.333333333333,6868.25,10828.833333333334,8562.416666666666,8191.916666666667,4078.8333333333335,12324.416666666666,8201.62
E05013721,Evelyn,8,14715.5,12600.5,16262.125,21521.5,12334.875,14879.25,11588.25,12679.75,12134
E05013722,Forest Hill,9,15012.89,13519.111111111111,14346.333333333334,27398.11111111111,17308.777777777777,14332.444444444445,12564.222222222223,7365.444444444444,9964.83
E05013723,Grove Park,9,13171.44,11420.444444444445,12726.444444444445,19476.11111111111,15976.555555555555,15376,8610,10435.333333333334,9522.67
E05013724,Hither Green,12,9676,9203.083333333334,9671.916666666666,19671.083333333332,10944.5,10260.666666666666,5493.583333333333,9579.75,7536.67
E05013725,Ladywell,7,13235.43,12803.142857142857,12753.285714285714,23934.714285714286,15544.714285714286,13319,12502,5982.142857142857,9242.07
E05013726,Lee Green,8,16389.75,15461.875,16321.625,26578.25,19666.625,15200.125,14472.375,6501.875,10487.12
E05013727,Lewisham Central,6,13894.17,14829.666666666666,19840,20851.333333333332,16646.5,4395,12357.166666666666,7792,10074.58
E05013728,New Cross Gate,6,10474.83,10052.333333333334,13560.333333333334,17531.833333333332,12101,11994.333333333334,4656.666666666667,8861,6758.83
E05013729,Perry Vale,12,13559.08,12390.583333333334,12786.916666666666,25057.25,15186.333333333334,12865.25,12700,6674.333333333333,9687.17
E05013730,Rushey Green,12,8165.67,8639.083333333334,9423,17869.666666666668,12259.25,7092.583333333333,7006.083333333333,3228.9166666666665,5117.5
E05013731,Sydenham,10,11666.9,10187.1,10607.1,20825.7,13121.6,11092.5,11851.8,8901.6,10376.7
E05013732,Telegraph Hill,10,13190.7,12157.3,13952,24462.4,14192.1,14192.7,10981.4,5591.2,8286.3
E05013733,Addison,4,13633.5,13330.5,15173,26146.5,13878.25,10203,14206.5,4155.5,9181
E05013734,Avonmore,5,16385,16439,18440.2,25431,18892.2,16373.2,13792,3752.6,8772.3
E05013735,Brook Green,6,17766.67,16247.666666666666,17277.166666666668,28759,18387,19060.166666666668,15842.666666666666,5315.166666666667,10578.92
E05013736,College Park & Old Oak,6,7264.17,6647.166666666667,9845.666666666666,15080.833333333334,8450.833333333334,12761.5,5665.666666666667,6968,6316.83
E05013737,Coningham,8,11476,9744.375,11909.75,22985.875,12446,7914,14356,6074.75,10215.38
E05013738,Fulham Reach,9,18605.67,19632.222222222223,23452,27274.88888888889,19190,15417.111111111111,11166,5153.555555555556,8159.78
E05013739,Fulham Town,5,20654,24070,26172.2,31115.2,23373,20247.4,12746.6,1714.4,7230.5
E05013740,Grove,5,18735.6,18055.6,18429.6,28796.6,18491.8,14778.6,22492.6,5058.4,13775.5
E05013741,Hammersmith Broadway,4,8156.75,8514,8915.25,18615.75,6787.5,7947.75,15061.5,4039.5,9550.5
E05013742,Lillie,3,10131.33,9866.666666666666,10186,19037.666666666668,9684,10024.333333333334,9853,6092,7972.5
E05013743,Munster,8,19706.38,21578.75,24975.75,29547.625,20598,20458.75,11494.25,2566.25,7030.25
E05013744,Palace & Hurlingham,7,22724.57,23463.571428571428,26117.85714285714,31221,26723,20959.428571428572,18029,4696.142857142857,11362.57
E05013745,Parsons Green & Sandford,5,22175.6,25128.6,27450,30826,24481.4,19128.4,19077.6,1946.2,10511.9
E05013746,Ravenscourt,5,16653.6,17381.6,18116.4,29040.6,18837.6,13972.4,15035.2,3087.4,9061.3
E05013747,Sands End,7,16756.29,12553.42857142857,17371.14285714286,26010.714285714286,15017.285714285714,16745.285714285714,16089.285714285714,9758.714285714286,12924
E05013748,Shepherd's Bush Green,3,6454.33,6713.333333333333,7227.333333333333,20788,9086,2839,10621,5224.666666666667,7922.83
E05013749,Walham Green,6,12403.83,15062.333333333334,16842.166666666668,23429,14005.166666666666,7445.333333333333,8771.333333333334,3060,5915.67
E05013750,Wendell Park,3,23106.33,19151.666666666668,22167.666666666668,30886.333333333332,25081.666666666668,25709,21240.333333333332,10328.666666666666,15784.5
E05013751,West Kensington,6,11767.33,11567.166666666666,14315,20807.5,11677.166666666666,12293.333333333334,12914.166666666666,4355.166666666667,8634.67
E05013752,White City,5,9444.2,6503.6,9334.6,17074.6,13385.6,14140.8,10666.4,7695.8,9181.1
E05013753,Wormholt,5,10286.8,8478.2,10798.2,19337,12934.2,11333.4,9994.4,5955.8,7975.1
E05013754,Beddington,7,23626.71,21013.285714285714,21699.571428571428,21543.285714285714,24688,23452,21231.85714285714,15629.42857142857,18430.64
E05013755,Belmont,8,26284.25,23397.5,23771.375,26182.75,26137.75,26080.5,24893.875,17377.75,21135.81
E05013756,Carshalton Central,7,25003.14,23758,23043.14285714286,27626,27482.285714285714,21119.85714285714,24518.571428571428,8819.57142857143,16669.07
E05013757,Carshalton South & Clockhouse,6,26204.67,23456.833333333332,23303.666666666668,26162.5,26327.833333333332,24241.333333333332,24394.166666666668,18097.833333333332,21246
E05013758,Cheam,6,29193.17,27498.5,27514.666666666668,29732.833333333332,29563.833333333332,26843.166666666668,22313.333333333332,17388.166666666668,19850.75
E05013759,Hackbridge,4,17508.5,14841.75,18240.25,19025.5,16937.5,14152.75,14361.5,15017.75,14689.62
E05013760,North Cheam,6,28554.17,25720.166666666668,28518.166666666668,25451,30489,23244,24741.333333333332,15013.833333333334,19877.58
E05013761,St Helier East,4,10240.75,8873.25,9124,10086.5,12313,10827.25,11480,15454.75,13467.38
E05013762,St Helier West,7,9965.71,7907.571428571428,8764.142857142857,8435.285714285714,13719,12984.857142857143,13746.714285714286,16656.14285714286,15201.43
E05013763,South Beddington & Roundshaw,7,18463.57,16898.14285714286,15924.714285714286,18043.85714285714,20167.14285714286,18291.428571428572,18789.428571428572,22384.14285714286,20586.79
E05013764,Stonecot,5,26127.8,22789.8,25682.4,22133.8,28265.8,23162.4,25854.6,11664.2,18759.4
E05013765,Sutton Central,6,15729,12893.666666666666,15488.5,20953.833333333332,17129.333333333332,11229.833333333334,19874.833333333332,11436.666666666666,15655.75
E05013766,Sutton North,6,22968.67,19724.333333333332,21687.166666666668,22650.333333333332,25844,18587.666666666668,26811.5,9792.333333333334,18301.92
E05013767,Sutton South,6,23658.5,18605.833333333332,20910,26327.666666666668,23376,23539.833333333332,21637.666666666668,16652.166666666668,19144.92
E05013768,Sutton West & East Cheam,8,23986.88,20337.125,22529,25737.375,26716,21274.375,23749.625,11327.875,17538.75
E05013769,The Wrythe,7,19898.57,17240.428571428572,17486.85714285714,19614.714285714286,20938,14605.42857142857,23690,16726.714285714286,20208.36
E05013770,Wallington North,7,20486,18001.714285714286,18766.85714285714,24611.714285714286,22810.285714285714,16208.42857142857,20446,10057.285714285714,15251.64
E05013771,Wallington South,6,19220.67,17198.5,16495.166666666668,22793.833333333332,20699.166666666668,20074.666666666668,19797.166666666668,12742.166666666666,16269.67
E05013772,Worcester Park North,5,25055.4,19231.8,22857.4,24930.2,26371.6,23383.6,23198,19281.8,21239.9
E05013773,Worcester Park South,5,30449.4,27768.4,29004.6,28246,30989.2,28904.4,29239.4,15907.8,22573.6
E05013774,Barnes,7,25169,25328.571428571428,24668,28332,29655,22837,32848.42857142857,5961.571428571428,19405
E05013775,East Sheen,6,27570.33,30449.333333333332,30803,33542.333333333336,33252.166666666664,26579.166666666668,33108,1637.3333333333333,17372.67
E05013776,Fulwell & Hampton Hill,6,28953.67,25528.833333333332,28288.833333333332,32568,30374.333333333332,25862.166666666668,31931,8020,19975.5
E05013777,"Ham, Petersham & Richmond Riverside",6,24629.17,21298.666666666668,21406.333333333332,28097,29202.5,18773.5,29699.333333333332,11711.333333333334,20705.33
E05013778,Hampton,6,27566.67,26111.666666666668,26815.333333333332,29933.5,29185.666666666668,24500.166666666668,32472.5,11003.5,21738
E05013779,Hampton North,6,20846,17623.833333333332,16813,21646.666666666668,23083.666666666668,15815.333333333334,29856.5,18446.833333333332,24151.67
E05013780,Hampton Wick & South Teddington,6,26794.5,23421.333333333332,23134,31079.5,28932.5,23525.833333333332,31925.833333333332,10100.333333333334,21013.08
E05013781,Heathfield,6,18930.67,14721.166666666666,16972,19769.166666666668,25588.5,17504.333333333332,25840.5,9278.166666666666,17559.33
E05013782,Kew,7,25441.71,26400.714285714286,27736.714285714286,31383.571428571428,31915.571428571428,22764.571428571428,30464.428571428572,3357.285714285714,16910.86
E05013783,Mortlake & Barnes Common,8,24113.88,22351.625,24190.75,32068.875,31181.125,19583.25,31989.125,3384.25,17686.69
E05013784,North Richmond,6,23814.67,23394,24855.5,32264.833333333332,30706.666666666668,18785.833333333332,31883.5,2679.3333333333335,17281.42
E05013785,St Margarets & North Twickenham,7,29556.43,29281.85714285714,31364.14285714286,33340.57142857143,32682.85714285714,23775.285714285714,33512.28571428572,5419.428571428572,19465.86
E05013786,South Richmond,7,25645.29,27133.428571428572,28300.14285714286,32253.85714285714,31074.714285714286,19262,30266.714285714286,3403.8571428571427,16835.29
E05013787,South Twickenham,6,29735,29071.333333333332,29807.5,33391.833333333336,32821.166666666664,25438.5,33373.666666666664,5570.666666666667,19472.17
E05013788,Teddington,6,29473.17,27242.166666666668,29231.666666666668,32812.5,30558.166666666668,27677.5,32359.666666666668,8389.666666666666,20374.67
E05013789,Twickenham Riverside,6,28786.67,28913.5,30574.333333333332,33538,32683.666666666668,23135.666666666668,33224.833333333336,5024.666666666667,19124.75
E05013790,West Twickenham,7,25695.86,22731.85714285714,24375.714285714286,29949.571428571428,28483,20668.571428571428,30656.428571428572,7894.285714285715,19275.36
E05013791,Whitton,6,24232.17,21060.166666666668,23241.5,26853.666666666668,28618.833333333332,18482.333333333332,31511.666666666668,7475.5,19493.58
E05013792,Abbey Road,7,21134,21061.85714285714,25323,26894.285714285714,27665,23283.714285714286,13398.142857142857,3022.285714285714,8210.21
E05013793,Bayswater,7,17456.86,20446,23565,29369.85714285714,24072,9114.142857142857,11343.57142857143,2090.4285714285716,6717
E05013794,Church Street,7,3374,2242.4285714285716,4005.8571428571427,9277.142857142857,7429.571428571428,7541.285714285715,4705,6390.428571428572,5547.71
E05013795,Harrow Road,6,7238.5,6868.5,7921,20240.333333333332,10725.666666666666,7550.666666666667,3182.3333333333335,5853.833333333333,4518.08
E05013796,Hyde Park,6,14094.83,17070,19303.5,21909.5,21188.333333333332,8457,12842.333333333334,2356.1666666666665,7599.25
E05013797,Knightsbridge & Belgravia,8,18673.62,23413,23546.875,24155,25061.625,15744,19294.375,2839.5,11066.94
E05013798,Lancaster Gate,8,14468.12,17407.125,20924.5,28171.875,20259.375,9007.375,10702.125,1772.25,6237.19
E05013799,Little Venice,5,19335.2,20872.4,23623.4,27199.2,25958.8,16695.4,12803.2,2695,7749.1
E05013800,Maida Vale,7,14082.71,12943.857142857143,15459.42857142857,22553,19747.714285714286,13938.714285714286,10744.285714285714,5872.285714285715,8308.29
E05013801,Marylebone,10,21319.8,25566.6,27737.8,30539.4,29227.7,16557.2,21300.8,951.1,11125.95
E05013802,Pimlico North,7,11616.14,13135.857142857143,15208.142857142857,22522.85714285714,15642.714285714286,10974.857142857143,8056.428571428572,2311.5714285714284,5184
E05013803,Pimlico South,6,11456.17,11252.833333333334,13555.333333333334,19154.666666666668,14656.5,13708.333333333334,9621.166666666666,3332,6476.58
E05013804,Queen's Park,6,5897.33,5088.166666666667,6489,13804.5,10548.666666666666,7997.333333333333,2905.6666666666665,7418.333333333333,5162
E05013805,Regent's Park,8,21616,22539,25837.5,26571.75,28699.125,17756,17486.875,3222.125,10354.5
E05013806,St James's,6,16310.17,19526.5,19077.666666666668,25646,16706,16199.166666666666,17309.333333333332,3253.3333333333335,10281.33
E05013807,Vincent Square,7,15039.86,14645.57142857143,16053.714285714286,24160.14285714286,16453.714285714286,16963.14285714286,16247.42857142857,4485.857142857143,10366.64
E05013808,West End,6,16332.83,19181.833333333332,19588.166666666668,24099.666666666668,22575.833333333332,15520,19187.166666666668,1178.5,10182.83
E05013809,Westbourne,6,5635.83,4224.166666666667,6312.666666666667,14073.333333333334,9458.333333333334,7729.666666666667,4433,5536,4984.5
E05013810,Abbey,5,24464,22042.4,25560.4,28564,26996.8,20058,27990,7129.6,17559.8
E05013811,Cannon Hill,6,29161.17,25105.166666666668,26856,28324.833333333332,30158.166666666668,24527.666666666668,32303.833333333332,15510.166666666666,23907
E05013812,Colliers Wood,7,22013.43,17246.85714285714,23621,24864.85714285714,26237.428571428572,16841.428571428572,24195.85714285714,8868.857142857143,16532.36
E05013813,Cricket Green,7,9127.29,6379.571428571428,8574.285714285714,11832.857142857143,13918.142857142857,9464,13082.285714285714,13064,13073.14
E05013814,Figge's Marsh,5,10185,6819,10002.2,13149.6,17444.8,10448.4,10970,10233.6,10601.8
E05013815,Graveney,7,17331.71,13630.857142857143,17939.428571428572,18296.285714285714,25095.285714285714,17325.428571428572,19058.14285714286,6560.142857142857,12809.14
E05013816,Hillside,6,28158.5,26776.833333333332,28870.666666666668,32514.333333333332,31261,26968.333333333332,23895.333333333332,6621,15258.17
E05013817,Lavender Fields,7,14513.43,9364.285714285714,14070.714285714286,14343.857142857143,21572.571428571428,15585.857142857143,13615.142857142857,16406.285714285714,15010.71
E05013818,Longthornton,7,16537.86,11844.285714285714,14392.42857142857,17193.285714285714,21342.285714285714,14993,19728.14285714286,14724.142857142857,17226.14
E05013819,Lower Morden,7,26231.86,21249.285714285714,23534,20216.571428571428,28608.85714285714,24900.428571428572,30592,15337.42857142857,22964.71
E05013820,Merton Park,5,28000.2,25542.2,27435.8,29665.2,30998.4,24151.6,31577.4,11396,21486.7
E05013821,Pollards Hill,6,12034,8165.166666666667,10685.5,12663.333333333334,17675.833333333332,14163.5,16458.166666666668,13979.5,15218.83
E05013822,Ravensbury,5,14111.2,10972.6,13320.6,14174.8,19785,14159,14727.4,11012.6,12870
E05013823,Raynes Park,8,26253.88,23707.375,27011.875,30443.75,29798.625,25436,26033.5,6320.25,16176.88
E05013824,St Helier,6,13911.17,9320.666666666666,12539.5,14511,19346.5,14437.833333333334,21251.833333333332,12122.166666666666,16687
E05013825,Village,7,31452.86,31074,32288.285714285714,32091.714285714286,33012,26897.714285714286,31061,10304.714285714286,20682.86
E05013826,Wandle,3,21393.33,14752.666666666666,20006.666666666668,26415,22407.333333333332,18230.333333333332,26515,12370.333333333334,19442.67
E05013827,West Barnes,6,27391.83,21910.5,26394.833333333332,29127.333333333332,29594.5,24591.333333333332,28723,12040.5,20381.75
E05013828,Wimbledon Park,8,26466.25,24195.125,27064.625,30353.625,30450.25,24182.875,27185.25,7206.5,17195.88
E05013829,Wimbledon Town & Dundonald,8,29045.5,28183.375,29834.25,33026.5,30987.75,22764.75,31380,6968.75,19174.38
E05013830,Garforth & Swillington,13,23813.46,23517.23076923077,21248.30769230769,21145.384615384617,19915.69230769231,20709,23925.46153846154,21370.846153846152,22648.15
E05013831,Temple Newsam,14,17664.21,18255.285714285714,16472.285714285714,15907.285714285714,16482.071428571428,10548.857142857143,27376.928571428572,18779,23077.96
E05013832,Bowerhill,2,25813,23840,26441,18832.5,21719,23689,14021.5,31545.5,22783.5
E05013833,Melksham East,4,21576.5,18974.75,21274,13242.75,22880.5,22581.5,14229.75,27740.5,20985.12
E05013834,Pewsey,3,17535.67,22543.666666666668,21768.333333333332,21598,24057,24939,7235,3602.6666666666665,5418.83
E05013835,Pewsey Vale West,3,17449.67,25309.333333333332,25503.666666666668,25290.666666666668,30444.666666666668,29525,540.3333333333334,3236,1888.17
E05013836,St Austell Poltair & Mount Charles,3,8492,8258.333333333334,5233.666666666667,11974.666666666666,9205.666666666666,10124.333333333334,16564,14702.666666666666,15633.33
E05013837,Altarnun & Stoke Climsland,4,12721.25,21815.25,19192,16852.5,20279.25,31863,307,2373.25,1340.12
E05013838,"Crowan, Sithney & Wendron",4,13248.75,18534,18369.5,15150.75,23480.5,28649.25,1839,2148,1993.5
E05013839,Falmouth Boslowick,4,24603.75,21109.5,21975.5,19292.5,24467.75,30258,12376.75,28706.75,20541.75
E05013840,Falmouth Trescobeas & Budock,3,18837.33,16106.666666666666,18355.333333333332,16844.666666666668,19824,23345.333333333332,14688.333333333334,18811.666666666668,16750
E05013841,Helston North,4,23612.75,22096.25,23129.5,17134.5,21761.5,28969,14603,20877,17740
E05013842,Illogan & Portreath,4,14506.25,15860.25,15598.25,14335.5,16973,24841.75,3960,16811.25,10385.62
E05013843,"Lanner, Stithians & Gwennap",4,13484.75,16824.75,16901.75,19515,19944.75,26636.5,2559.25,2768.5,2663.88
E05013844,Launceston North & North Petherwin,4,9817.5,12777,11882,10295.5,14906,23138,3845.5,7453.25,5649.38
E05013845,"Long Rock, Marazion & St Erth",3,11875,14102,14724,16966.666666666668,21485,27757,2635.3333333333335,1665,2150.17
E05013846,Mevagissey & St Austell Bay,4,19182.5,20895.75,20241.75,23198,19266.25,27699.75,7195.75,14880,11037.88
E05013847,Newquay Trenance,4,16464.25,12832,13212.25,15616.25,16610.75,21348,16734,22496.75,19615.38
E05013848,Penryn,4,17509.75,15777,17407.25,13065.5,18616.5,23568.5,9287,19005.25,14146.12
E05013849,Perranporth,3,14892.67,18329.333333333332,17459.333333333332,20271.666666666668,21162.333333333332,21912.333333333332,7061.333333333333,1984.3333333333333,4522.83
E05013850,Probus & St Erme,4,16586.25,18713.75,18326,18154.75,22441.75,29252.5,3436.75,7765.25,5601
E05013851,"Redruth Central, Carharrack & St Day",4,14760.75,15611,14959.25,16673,14548,25553,11236.25,8017.5,9626.88
E05013852,St Agnes,5,16400,19344.2,19030,24627.6,19943.6,29194.8,5529.6,3013.6,4271.6
E05013853,St Austell Bethel & Holmbush,4,20757.5,16833.5,15730,20558.25,18219.25,25232.5,15798.25,26704.75,21251.5
E05013854,St Austell Central & Gover,5,9008.4,9693.6,6300.4,13181.4,8396,10873,11599.6,14054.8,12827.2
E05013855,St Columb Minor & Colan,4,13220.75,12383,13327.75,14433.75,10091.75,20837.25,12240,17739.5,14989.75
E05013856,St Dennis & St Enoder,5,8848.6,12096.8,12274.4,8342.8,15406.4,25265.4,1625.6,2582.2,2103.9
E05013857,"St Ives East, Lelant & Carbis Bay",4,19297.75,20168.25,18469.25,19847.25,22596.75,29503.25,5666.75,19141,12403.88
E05013858,St Ives West & Towednack,4,12063.75,12191.25,11456.25,12375.25,15758,21064,8724,13698.25,11211.12
E05013859,St Mewan & Grampound,4,17370.75,19734.25,20134,23692.25,22993.25,28437.25,3157.75,4889.5,4023.62
E05013860,"St Newlyn East, Cubert & Goonhavern",4,16984.5,19520,19472.5,19354.5,22730.25,26965.75,3724,6621.5,5172.75
E05013861,Threemilestone & Chacewater,3,18187.33,18942.666666666668,17786.666666666668,19429,18256.666666666668,25632.333333333332,7951.666666666667,16953.666666666668,12452.67
E05013864,Abbey,5,14651.4,16430.2,19369.8,15982.2,14561.4,4807.2,13035,12517.8,12776.4
E05013865,Battle,5,12823,11912.2,16756.8,9456.8,17715.8,8142.6,14910,9828.2,12369.1
E05013866,Caversham,8,24581,22454.125,24575.875,24166.375,23581.625,21463,18201.625,20814.625,19508.12
E05013867,Caversham Heights,6,32008.17,31354.166666666668,31305.666666666668,31750.666666666668,30323.333333333332,30955.5,18054.666666666668,28826,23440.33
E05013868,Church,6,7716.33,7784.5,9284.166666666666,3252,12622.166666666666,8660.333333333334,8127.5,23776,15951.75
E05013869,Coley,6,12626.17,12353.5,14590.5,12153.5,12616.5,10348.666666666666,13340.833333333334,16680.166666666668,15010.5
E05013870,Emmer Green,5,29900.6,27827.6,29054.2,26166,29347.4,29321.4,14685,26110.6,20397.8
E05013871,Katesgrove,7,14815,14745.714285714286,20153.714285714286,13099.57142857143,13617,10967.42857142857,12070.857142857143,11522.42857142857,11796.64
E05013872,Kentwood,6,19823.5,18372,20068.5,14597.833333333334,19302.666666666668,17030,13136.5,26987.333333333332,20061.92
E05013873,Norcot,7,12701.71,11109.714285714286,13515.857142857143,11115.57142857143,12022.714285714286,11693.285714285714,12446.714285714286,21847.14285714286,17146.93
E05013874,Park,6,17446.67,16524.5,23722,18207.166666666668,21167.5,13992.666666666666,12325.666666666666,5632.333333333333,8979
E05013875,Redlands,8,20892.5,22382,27093.5,18725,19952.75,17696.375,11646.75,10547,11096.88
E05013876,Southcote,7,14755.57,14316.285714285714,15311.857142857143,14121.714285714286,14159.714285714286,10625.285714285714,12829.142857142857,24036,18432.57
E05013877,Thames,4,20137.5,18173.75,24508.5,19129,18330,11451.25,19662.5,13488.25,16575.38
E05013878,Tilehurst,6,19451.5,17343.666666666668,18441.666666666668,15493.5,19099,17210.5,14868.833333333334,24968,19918.42
E05013879,Whitley,8,12459.25,12169,14579.75,7768.75,11810.25,13373.625,7831.625,24635.625,16233.62
E05013880,Longstanton,5,26562.4,24020.2,26893.8,27430.2,28183.8,21304.2,8473,32552.8,20512.9
E05013881,Over & Willingham,4,27146.5,24555.25,27114.25,25619.25,29614.5,26516,8306,30963.25,19634.62
E05013882,Cann Hall,9,9253.56,7468.888888888889,11904.888888888889,13688.777777777777,12811.888888888889,11756.222222222223,7333.222222222223,6236,6784.61
E05013883,Cathall,6,9127,7504.5,10845.166666666666,13554.666666666666,14844.5,12339.833333333334,7643,5739.5,6691.25
E05013884,Chapel End,6,14767.67,10609.833333333334,16002.833333333334,19201.166666666668,21079.666666666668,13006.833333333334,12726.333333333334,8564.5,10645.42
E05013885,Chingford Green,6,19536.67,16410.5,18089.166666666668,21228.166666666668,22981.833333333332,18270.333333333332,17460,13564.833333333334,15512.42
E05013886,Endlebury,5,19500.4,16184.4,16593.8,20094.2,23724.8,19389.4,14697.6,15962.2,15329.9
E05013887,Forest,9,11586.33,9978.444444444445,12529.666666666666,16718.777777777777,18266.666666666668,13528.222222222223,8936.222222222223,6554.666666666667,7745.44
E05013888,Grove Green,8,15946.62,13374.5,18588,20491.125,20339.125,14439.25,16188,4929.375,10558.69
E05013889,Hale End & Highams Park South,6,20041.33,16297.833333333334,18408.833333333332,22484.666666666668,23863.5,19983,17404.5,11833.333333333334,14618.92
E05013890,Hatch Lane & Highams Park North,7,16238.43,14825.714285714286,14954.714285714286,18161.14285714286,18163.714285714286,19033.428571428572,14667.42857142857,13059.142857142857,13863.29
E05013891,High Street,4,10140.25,8761.5,13860.75,17342.75,19722.75,9109,5921,5241.25,5581.12
E05013892,Higham Hill,7,9900.29,5669.857142857143,9202.285714285714,14822.857142857143,14042.42857142857,13350.857142857143,10859.42857142857,14682.714285714286,12771.07
E05013893,Hoe Street,8,11777.62,9472.75,12682.5,19703.25,15630.625,10810.25,10282.375,6888,8585.19
E05013894,Larkswood,7,15212.57,11427.285714285714,14110.42857142857,15617.57142857143,19674.285714285714,15016.714285714286,17361.428571428572,13188.142857142857,15274.79
E05013895,Lea Bridge,8,9096.75,8160.75,11343.375,13829.5,16036.5,13259.375,4766.75,3831.75,4299.25
E05013896,Leyton,6,9651.67,7849,11447.666666666666,15013.333333333334,15559,10194.666666666666,6309.5,8159.333333333333,7234.42
E05013897,Leytonstone,7,15003.86,13693.142857142857,16110.42857142857,23319.714285714286,18021.85714285714,14357.857142857143,14200.714285714286,4155.714285714285,9178.21
E05013898,Markhouse,4,12618.75,9333.75,13735.75,17094,19423.5,14933.25,10401.25,8541,9471.12
E05013899,St James,7,13864.71,11533,17400.714285714286,19959.571428571428,17869.85714285714,14088.42857142857,8184.142857142857,6441.714285714285,7312.93
E05013900,Upper Walthamstow,4,14863,12867.25,14799.75,20329.5,19832,16422,13214.75,7593.75,10404.25
E05013901,Valley,9,14796.89,12243.111111111111,14515.222222222223,13004.666666666666,19646.555555555555,14181,20750.666666666668,9838.444444444445,15294.56
E05013902,William Morris,7,12928.43,9671.57142857143,14011.57142857143,18669.285714285714,19702.14285714286,14492.142857142857,10922.57142857143,7911.285714285715,9416.93
E05013903,Wood Street,6,12965.33,10641.666666666666,13819,19960.5,15873.166666666666,13785.5,10780.333333333334,6699.666666666667,8740
E05013904,Beckton,10,8777,5715.5,9546.2,12121.9,11579.3,12809.2,7046.3,15398.4,11222.35
E05013905,Boleyn,8,8445.62,5927.25,14327.75,10203.25,18920.5,15883.375,3580.125,5928.875,4754.5
E05013906,Canning Town North,5,6955.6,5505.6,9469.6,13255.8,11643.2,10069.8,2093.2,9681.2,5887.2
E05013907,Canning Town South,5,12392.2,9746.6,19380.8,22257.4,15675.6,11304,6199.6,9869.4,8034.5
E05013908,Custom House,9,6343,4707,8241.888888888889,10633,11189.111111111111,12136.333333333334,1339.2222222222222,12259.333333333334,6799.28
E05013909,East Ham,8,5724.25,4074.75,11549.375,8435.125,17873.875,11156.375,1370.75,3251.625,2311.19
E05013910,East Ham South,8,5904.75,3642.75,9168.5,9978.875,11387.875,13365.625,2135.25,7374.625,4754.94
E05013911,Forest Gate North,6,9177.33,8244.833333333334,12109.833333333334,15198.666666666666,16682.666666666668,12062.166666666666,1762.8333333333333,7980.333333333333,4871.58
E05013912,Forest Gate South,9,6812.11,5645.333333333333,10299.888888888889,12264.222222222223,13008.666666666666,9789.333333333334,2154.3333333333335,5571.777777777777,3863.06
E05013913,Green Street East,8,6971.38,5641.625,12984.125,8214.25,18971.375,17157.5,909,4304.25,2606.62
E05013914,Green Street West,7,7412.86,6248.857142857143,12669.285714285714,9246.57142857143,19819.285714285714,15878.42857142857,1271.5714285714287,3557.4285714285716,2414.5
E05013915,Little Ilford,10,5009.9,2311.3,8715.1,8066.8,12304.9,14712.8,2800.3,7381.5,5090.9
E05013916,Manor Park,9,6189.89,3961.777777777778,10293.666666666666,9185.888888888889,14554.888888888889,14195.444444444445,2538.1111111111113,5264.111111111111,3901.11
E05013917,Maryland,5,7320,6383,10627.2,13140.4,15827.8,9841.8,611.6,11306.2,5958.9
E05013918,Plaistow North,10,7072.5,5138,11694.7,10868.6,15158.4,10784.4,1468.6,9122.3,5295.45
E05013919,Plaistow South,7,6420.43,5065.428571428572,11150.714285714286,11015.42857142857,13836,11981.714285714286,1637.7142857142858,3679.1428571428573,2658.43
E05013920,Plaistow West & Canning Town East,8,6408.62,4562.25,8815.25,11160.375,10297.75,11802.75,2223.875,10058.25,6141.06
E05013921,Plashet,5,8210.4,7899.2,14920.4,9010.4,20556.8,16698.4,997,3711.4,2354.2
E05013922,Royal Albert,6,11857,7262.666666666667,15605.833333333334,19039.833333333332,15939.666666666666,14073.833333333334,7042.833333333333,10843.166666666666,8943
E05013923,Royal Victoria,9,23793.33,21050.777777777777,28260.555555555555,28663.444444444445,22687.666666666668,19326.555555555555,14230.444444444445,12641.333333333334,13435.89
E05013924,Stratford,9,12251.44,12089.222222222223,18854.222222222223,21742.444444444445,13826.111111111111,7588,8496.555555555555,7232.222222222223,7864.39
E05013925,Stratford Olympic Park,7,18985.43,16115.285714285714,27853,25526.85714285714,19580.285714285714,9898.142857142857,9021.42857142857,12002,10511.71
E05013926,Wall End,9,6454.33,4080.6666666666665,11977.222222222223,8311.111111111111,16248.666666666666,16303,1472.2222222222222,5632.222222222223,3552.22
E05013927,West Ham,8,8242.75,6955.75,10940.75,12320.375,15256.125,13269.375,2082,8105.625,5093.81
E05013928,Alexandra,3,32732.67,31741.333333333332,29931,31666.666666666668,32211.333333333332,29884.333333333332,33439,18727.666666666668,26083.33
E05013929,Berrylands,3,31300.67,27869,29779.666666666668,33045,30855.666666666668,30891.333333333332,32531,13710.333333333334,23120.67
E05013930,Canbury Gardens,5,26371.4,21872.8,26609,29837.6,28797.6,19573,29213,10663.6,19938.3
E05013931,Chessington South & Malden Rushett,6,24205,19701.833333333332,22044.833333333332,18259,24604.5,22236.5,27714.833333333332,18903.5,23309.17
E05013932,Coombe Hill,5,25902.6,22978.8,26286.6,25864,27734.4,22724,23962,13149.4,18555.7
E05013933,Coombe Vale,6,28020.5,23803.333333333332,26411.333333333332,29964.166666666668,30179.5,28099.166666666668,31459.666666666668,12732.333333333334,22096
E05013934,Green Lane & St James,3,19418,14615.666666666666,16828.333333333332,21745,19254,21923.333333333332,27910,10836,19373
E05013935,Hook & Chessington North,6,22452,18254.666666666668,19471.833333333332,17184.666666666668,23638.5,22079,29175.333333333332,16273.333333333334,22724.33
E05013936,King George's & Sunray,4,23473.75,15807.5,23261.5,20721.5,26655.25,25919.25,28066.5,13203.75,20635.12
E05013937,Kingston Gate,6,24399.67,20887.833333333332,24665.666666666668,29385.833333333332,27052,22239.833333333332,27599.166666666668,7756.666666666667,17677.92
E05013938,Kingston Town,4,21961.75,18790,23376.5,29072.75,25654.25,12513.5,24365.5,8057.5,16211.5
E05013939,Motspur Park & Old Malden East,5,28562.6,23273.8,26875.2,28094.8,29863,28495,33023.8,11263.4,22143.6
E05013940,New Malden Village,6,21641.33,17348.833333333332,20730.166666666668,26097.666666666668,26159.5,19158.5,29900.5,6517.833333333333,18209.17
E05013941,Norbiton,6,14414.5,10902.666666666666,13845.5,16899,18960.333333333332,13922.166666666666,24611.5,8127,16369.25
E05013942,Old Malden,4,23045.5,17472.25,20598.75,23817.75,25240.5,21970.25,31408.25,10906,21157.12
E05013943,St Mark's & Seething Wells,7,27193.29,25430.714285714286,27339.285714285714,30490.714285714286,28888.85714285714,22145.714285714286,29171,7749.285714285715,18460.14
E05013944,Surbiton Hill,8,24191.62,20923,22891.25,27142.625,23247.5,23397.375,28517.5,10081,19299.25
E05013945,Tolworth,7,21210.57,16018.57142857143,20122.85714285714,22690,24854.428571428572,17956.85714285714,26784.571428571428,11346.285714285714,19065.43
E05013946,Tudor,5,30827.8,27556.6,28027.6,32604.2,30911,28042.6,31645.8,14550.6,23098.2
E05013947,Batchwood,4,20587.25,16071.25,16201.25,21173.75,19076.75,17860.25,31397,23332.75,27364.88
E05013948,Bernards Heath,4,30061.25,25740.25,28405.25,32129.25,31761.25,25418.5,32471.25,15304.5,23887.88
E05013949,Clarence,5,31553.8,29588.8,31691,33222,31597.2,29981.8,33611.8,11211.2,22411.5
E05013950,Colney Heath,2,23782,21383,21507.5,21167.5,27690,17413.5,15136,19880,17508
E05013951,Cunningham,5,21672.6,16642.4,18558.6,22571.8,21597.4,17019,31546.4,22542.6,27044.5
E05013952,Harpenden East,5,29249,25767.4,26903.6,30669.4,28092.4,26945,31602,26339,28970.5
E05013953,Harpenden North & Rural,5,31711,28429.6,29714.8,33021.6,32005,28930.8,29738,28484.2,29111.1
E05013954,Harpenden South,4,32776.25,30872.75,32302,33029.5,32652,31609.25,25227,27563.5,26395.25
E05013955,Harpenden West,5,32653.8,31593.8,31530.6,33460.6,33079.6,30654.8,33540.8,18913.2,26227
E05013956,Hill End,4,26641.5,21610.75,22385.5,30452.5,24796.5,23158,31415.5,26167.75,28791.62
E05013957,London Colney,5,20147.4,15540.4,16978.4,17928.4,22285.8,19578.2,22642.8,17290,19966.4
E05013960,Park Street,5,24264.4,21312.2,21863.2,23978.4,25383.4,19334.2,16499.6,24552.6,20526.1
E05013961,Redbourn,4,23692.5,24007.25,24942.5,24424.25,27340.75,21019.25,13298.75,14513.25,13906
E05013962,Sandridge & Wheathampstead,5,26353.2,24101,24849.8,28126.8,28228,22830.6,15291.2,21379.4,18335.3
E05013963,Sopwell,5,20897,15326,18804.2,20110.6,22607.6,19461,31319.6,21188.2,26253.9
E05013964,St Peters,5,24931.4,22677.6,24729.6,30799,25498.6,16057.6,33230,8693.6,20961.8
E05013965,St Stephen,5,28161.4,26871.8,26592,26802.4,29643.2,23448,16845.4,22485.2,19665.3
E05013966,Verulam,4,32061.25,31382.5,31934.25,32974,32644,26355,32254,17561,24907.5
E05013967,Beam Park,3,11041,7741,11342.666666666666,11815,15647,12360.666666666666,9498.333333333334,15803.333333333334,12650.83
E05013968,Cranham,8,28717.25,27289.625,28601.5,24073.25,30368.375,28458.25,18175.125,20364.75,19269.94
E05013969,Elm Park,11,21096.64,18153.909090909092,19673.18181818182,16622.636363636364,22001.18181818182,20433.272727272728,17723.363636363636,18511.909090909092,18117.64
E05013970,Emerson Park,6,28538.5,28712.833333333332,27119.333333333332,23564.833333333332,28900.166666666668,27909.166666666668,12593.5,24318,18455.75
E05013971,Gooshays,9,8987,8942.111111111111,8944.777777777777,7200.111111111111,11914.888888888889,10572.111111111111,6205.111111111111,19181,12693.06
E05013972,Hacton,5,28538.6,26753.8,26018.8,22162.8,26939.8,29244.8,21961.4,26568.6,24265
E05013973,Harold Wood,8,21748.62,19841.375,21979,21435.75,23569.75,21211.125,8558.25,18248.375,13403.31
E05013974,Havering-atte-Bower,9,15443.89,14237.888888888889,14775.333333333334,11347.888888888889,17122,18673.444444444445,10723.555555555555,20525.88888888889,15624.72
E05013975,Heaton,10,7617.6,7265.8,7800.3,7073.6,11200.9,9640.6,3685.8,20293.2,11989.5
E05013976,Hylands & Harrow Lodge,8,25668.75,22663.125,22926.875,19597.625,26174,24238.375,22501.125,22733.75,22617.44
E05013977,Marshalls & Rise Park,9,25558.44,22613.666666666668,24006.444444444445,20307.88888888889,27451.222222222223,21012.777777777777,23098.222222222223,18115.444444444445,20606.83
E05013978,Mawneys,8,17636.38,14579,15568.25,13859.25,21394.25,18603.875,15300.375,18351.75,16826.06
E05013979,Rainham & Wennington,8,16445.62,14454.25,15817.125,15769.875,22548.5,18222.125,7493.125,16156,11824.56
E05013980,Rush Green & Crowlands,9,14926.22,11707.888888888889,14370.555555555555,15633,18485.555555555555,16596,13485,12704.222222222223,13094.61
E05013981,St Alban's,4,15217,13644.5,16458,15916.25,17617.75,15465.5,12063,8576.5,10319.75
E05013982,St Andrew's,9,23086.89,21811.555555555555,22288,21728.88888888889,24443.11111111111,22989.666666666668,14714.222222222223,14038.111111111111,14376.17
E05013983,St Edward's,7,17197.29,15184.142857142857,16731,19486.714285714286,18792.571428571428,14354.42857142857,18130.285714285714,14250.42857142857,16190.36
E05013984,South Hornchurch,5,17753,15126.8,18253,15060.4,20266.6,16938.2,12110.2,15421.2,13765.7
E05013985,Squirrels Heath,9,24148.67,21317.777777777777,22549.555555555555,23425.222222222223,25428.88888888889,21650,19311,15696.444444444445,17503.72
E05013986,Upminster,8,30179,30281.875,30416.25,26483.875,31283.625,26554.25,21486.75,21256.875,21371.81
E05013987,Beckenham Town & Copers Cope,8,26415.5,22458.875,25136.25,29130.875,28093.875,20304.625,21851.625,15536.875,18694.25
E05013988,Bickley & Sundridge,11,27604.09,25483.363636363636,25572.545454545456,30347.909090909092,27662.545454545456,24496.18181818182,22531.909090909092,14247.363636363636,18389.64
E05013989,Biggin Hill,7,24683.29,23217.428571428572,24029.714285714286,15003,26798.714285714286,21155.571428571428,14592.42857142857,27947,21269.71
E05013990,Bromley Common & Holwood,9,22172.33,20228.444444444445,21009.666666666668,21923.222222222223,22142.555555555555,18417.222222222223,19181.777777777777,16179,17680.39
E05013991,Bromley Town,9,23722.44,21117,22681.777777777777,29695.777777777777,27603.222222222223,16673.11111111111,16171.666666666666,13828.333333333334,15000
E05013992,Chelsfield,8,28284.25,25413.5,25232.5,26811.875,28876.5,27208.75,21952.5,22069,22010.75
E05013993,Chislehurst,10,28023.1,27053.1,27228.5,28515.2,29482.8,21809.3,21063.3,16441.7,18752.5
E05013994,Clock House,11,23285.18,20456.727272727272,21302.545454545456,28655.81818181818,24661.363636363636,22470.545454545456,22109.090909090908,8768,15438.55
E05013995,Crystal Palace & Anerley,7,12236.43,10405.57142857143,13643.42857142857,19641.285714285714,17621.714285714286,8651.714285714286,8199.857142857143,9059.142857142857,8629.5
E05013996,Darwin,3,21794.33,25393.666666666668,25435.333333333332,16042.666666666666,28011.333333333332,20893.666666666668,6957.666666666667,12373.666666666666,9665.67
E05013997,Farnborough & Crofton,11,29921.55,28630.727272727272,28753.272727272728,28388,29953.090909090908,26474.81818181818,26181.454545454544,20573.090909090908,23377.27
E05013998,Hayes & Coney Hall,10,30075.2,29459.5,28599.8,27895.1,31011.8,25649,22723.7,19394.3,21059
E05013999,Kelsey & Eden Park,10,25941.8,24832.2,24423.3,27564.1,27128,20043.3,24961.1,13598.7,19279.9
E05014000,Mottingham,7,12762.57,11070.42857142857,10830.714285714286,12851.285714285714,17068,11349,17797.285714285714,14081.42857142857,15939.36
E05014001,Orpington,8,22928,20462.75,20119.5,23872.375,24605.125,18209.5,21737.5,21230.125,21483.81
E05014002,Penge & Cator,12,14074.42,13158.166666666666,13750.333333333334,21789.583333333332,18235.5,11077.333333333334,13661.666666666666,7589.833333333333,10625.75
E05014003,Petts Wood & Knoll,9,31671.67,30364,30317.222222222223,30856.222222222223,31600.222222222223,28059.333333333332,30328.666666666668,19929.222222222223,25128.94
E05014004,Plaistow,8,19773.12,18103.375,18497.125,24238.5,23958.5,18125.375,17973.625,8230.125,13101.88
E05014005,Shortlands & Park Langley,9,28837.78,26947.666666666668,27861,31553.666666666668,29663.88888888889,25415.88888888889,20432.88888888889,14990.666666666666,17711.78
E05014006,St Mary Cray,11,17103.73,14278.90909090909,14146.818181818182,15909.181818181818,19197.545454545456,15842.636363636364,19727.272727272728,17939.272727272728,18833.27
E05014007,St Paul's Cray,11,9923.45,9113.818181818182,7590.090909090909,9221.09090909091,12921.363636363636,8805.363636363636,16459.090909090908,18736.18181818182,17597.64
E05014008,West Wickham,10,30928.3,29752.3,29923.5,29663,31254.9,29807.7,26502.1,15911.8,21206.95
E05014009,Balham,10,25750,25049.8,28081.3,30985.4,26146.5,20468.5,28902.3,4971.1,16936.7
E05014010,Battersea Park,10,17673.7,16300.8,20421.2,23688.6,22056.2,14422.7,24663.9,4410.6,14537.25
E05014011,East Putney,10,25766.6,23249.5,28020.8,31005,29215.2,22746.2,22616.4,6462.3,14539.35
E05014012,Falconbrook,6,11523.17,10187,13655,18668.833333333332,15617.833333333334,9417.5,15672.166666666666,6085.333333333333,10878.75
E05014013,Furzedown,10,15585.6,12087.9,15217,22589.7,20486.1,15413.7,20310.1,6233.2,13271.65
E05014014,Lavender,8,22642.12,26639.125,29345.625,30932.125,26023.25,15925.5,20942.25,2618.25,11780.25
E05014015,Nine Elms,4,23974.5,21982.5,29671.25,22306.5,25776.25,19584.75,28553,5937,17245
E05014016,Northcote,8,28933.38,31374.875,32444,33475.875,31414,30764,28111.125,2908.875,15510
E05014017,Roehampton,10,9936.7,5638.7,10591.6,13885.2,15576.8,10338.1,16094.3,10955.7,13525
E05014018,St Mary's,9,23905.89,20415.444444444445,26317.222222222223,28115,25002.777777777777,16969.666666666668,27818.444444444445,6823,17320.72
E05014019,Shaftesbury & Queenstown,7,12964,11258.57142857143,13816.142857142857,17483.85714285714,17738.85714285714,17794.85714285714,21653,4405.857142857143,13029.43
E05014020,South Balham,6,22022,19488.5,21677.166666666668,28346.166666666668,22180,17561,25681,6678.333333333333,16179.67
E05014021,Southfields,7,29727.43,27296,30583.85714285714,33288.857142857145,31124.428571428572,26857.14285714286,29458,7687.285714285715,18572.64
E05014022,Thamesfield,10,25941.6,26951.6,30455.3,32103.5,30249.8,22235.4,25975.8,3438,14706.9
E05014023,Tooting Bec,11,19239.73,15868.272727272728,20445.454545454544,26194.545454545456,21969.81818181818,15395.545454545454,25880.272727272728,5354.818181818182,15617.55
E05014024,Tooting Broadway,9,15844.78,11735.666666666666,18609.555555555555,24039.555555555555,17609.666666666668,13853.444444444445,21501.11111111111,5530.222222222223,13515.67
E05014025,Trinity,7,24134.57,23782.571428571428,24749.571428571428,31529.85714285714,23573,18148,30050.14285714286,5772.285714285715,17911.21
E05014026,Wandle,6,21854.67,18197.333333333332,22392.166666666668,27760.333333333332,22468.333333333332,19181.5,24292.333333333332,7032.833333333333,15662.58
E05014027,Wandsworth Common,10,24079.6,23096.4,25198.6,29030,23563.7,20879.4,23956,7076.9,15516.45
E05014028,Wandsworth Town,10,20900,19110.3,23228.8,27431.5,22963.4,16013.9,24353.1,5543.4,14948.25
E05014029,West Hill,10,16933.1,10359.1,16190.1,22839.4,20786.2,19768.4,19907.4,13013.8,16460.6
E05014030,West Putney,8,19840.25,16686.875,20189.375,26043.125,23628.5,20593.25,22894.25,7426.75,15160.5
E05014031,Cambourne,7,25526.43,19616,24043.714285714286,26251.571428571428,27025.428571428572,20817.14285714286,13515,30975.85714285714,22245.43
E05014032,Caxton & Papworth,4,24321.5,23826,24497.75,26293.75,27166.25,24754.25,6120.75,21223.5,13672.12
E05014033,Balderstone & Kirkholt,5,8787.8,9390.8,8764.4,9370,7248.8,5574,18394,18598.2,18496.1
E05014034,Bamford,6,19726.33,21835.833333333332,19252.333333333332,20749.333333333332,16327.833333333334,14475.833333333334,11956.666666666666,19177.666666666668,15567.17
E05014035,Castleton,6,8183.83,8770.333333333334,6783.166666666667,10210,6213.166666666667,5951.833333333333,25362.5,12452.333333333334,18907.42
E05014036,Central Rochdale,8,1710.5,1343.125,2985,2060.125,3253.5,4284.125,8280.25,5492.25,6886.25
E05014037,East Middleton,8,11117.38,11653.125,9400.25,12094.5,7374.875,8987.375,21539,16973.375,19256.19
E05014038,Healey,7,13866.43,13925.42857142857,11863.142857142857,13930.142857142857,10627,10230.285714285714,19383.428571428572,20712.714285714286,20048.07
E05014039,Hopwood Hall,7,13722.86,14407.42857142857,12669.57142857143,14692.142857142857,10611.142857142857,7734,21381.571428571428,19887.85714285714,20634.71
E05014040,Kingsway,6,3767.5,3255.1666666666665,4090.5,4646.666666666667,5394.166666666667,3569.6666666666665,13086.666666666666,13417.666666666666,13252.17
E05014041,Littleborough Lakeside,6,13606,18645.833333333332,16200.833333333334,17262,12074,12479.166666666666,4339.5,10669.166666666666,7504.33
E05014042,Milkstone & Deeplish,7,2294.71,2017.4285714285713,3635.1428571428573,2772.714285714286,5374.285714285715,4472,7502.285714285715,4373.142857142857,5937.71
E05014043,Milnrow & Newhey,7,15211.14,18513.571428571428,15124.42857142857,18587.85714285714,10234.142857142857,11063.857142857143,16747.285714285714,9927.142857142857,13337.21
E05014044,Norden,6,25238.17,26703.666666666668,26849.666666666668,27440.333333333332,19765.833333333332,22702,7001,23677.833333333332,15339.42
E05014045,North Heywood,8,5695.88,6941.375,5900.25,8153.375,4989.375,4103.125,26082.75,8359.5,17221.12
E05014046,North Middleton,8,8899.38,9978,7973.625,9615.75,6007.375,8850.625,20895.25,12578.125,16736.69
E05014047,Smallbridge & Firgrove,6,3110,3582.1666666666665,3096.3333333333335,3875.1666666666665,2427.3333333333335,4560.833333333333,7584.666666666667,17603.166666666668,12593.92
E05014048,South Middleton,8,18029.62,17739.5,16060.125,18298.875,12380.75,14108.75,25330,21028,23179
E05014049,Spotland & Falinge,8,4730.62,5343.25,5191.375,5514.25,5769.75,3390.125,13042.5,9709.75,11376.12
E05014050,"Wardle, Shore & West Littleborough",7,16016.86,18539.428571428572,16391.14285714286,18209.85714285714,13482.714285714286,13834.42857142857,6127.285714285715,18748.428571428572,12437.86
E05014051,West Heywood,7,9092.57,9669.285714285714,7500,9275.714285714286,4886.285714285715,8899.285714285714,27320.571428571428,18449.428571428572,22885
E05014052,West Middleton,4,6023.75,5461,5567,7780.5,4525.25,4379.25,16426.75,27373.75,21900.25
E05014053,Abbey,3,6654,5179.333333333333,11675.666666666666,13504.666666666666,16747,4773.333333333333,1996.3333333333333,7770.333333333333,4883.33
E05014054,Alibon,5,9202,7021.4,9459.4,10622.8,11034.2,14067,8423.4,13348.4,10885.9
E05014055,Barking Riverside,5,10523.6,6021.8,11961,19902.6,14607.2,13546,4634.8,20237.2,12436
E05014056,Beam,5,7900,4714,9306.4,10227.8,12624,12113,7046.2,12423.4,9734.8
E05014057,Becontree,5,7077.8,5292.2,8380.4,10456.8,10680.8,13966.6,2816.6,12027.8,7422.2
E05014058,Chadwell Heath,7,10680,9137.142857142857,11873.142857142857,13711,14482,11080.285714285714,5503.857142857143,14361.857142857143,9932.86
E05014059,Eastbrook & Rush Green,5,13239.2,10592,11157.8,13047.2,15587.2,18497.4,10216.4,19594.8,14905.6
E05014060,Eastbury,10,7783.4,5737.2,9186.1,10606.4,13031.7,11156.3,5673.7,9928.1,7800.9
E05014061,Gascoigne,5,6149.2,4253.8,9881.8,13918.8,9796,9916.2,3961.4,8440.4,6200.9
E05014062,Goresbrook,7,7468.86,5449.857142857143,8046.571428571428,9972.285714285714,9515.142857142857,10157.714285714286,7278.714285714285,13421.42857142857,10350.07
E05014063,Heath,4,6655.75,4529.5,7410.75,11059.5,8709.5,8174.5,8023.75,10965.25,9494.5
E05014064,Longbridge,6,13788,12311.166666666666,16719.166666666668,14076.666666666666,20562.5,16846.833333333332,3955.5,11981.5,7968.5
E05014065,Mayesbrook,9,8579.56,6004.555555555556,9585.777777777777,10037.555555555555,13288.666666666666,12394,7574.777777777777,11792,9683.39
E05014066,Northbury,6,6053.17,4201.166666666667,9800.5,9885.666666666666,14701.833333333334,9541,2144,8338.5,5241.25
E05014067,Parsloes,8,8357.38,6308.75,8569.375,10435.75,9977.5,13250.375,8391.625,11792.375,10092
E05014068,Thames View,3,7241,4785,8433.666666666666,11923.333333333334,10450.333333333334,12361.666666666666,2683,14511.666666666666,8597.33
E05014069,Valence,9,7744.56,5352.777777777777,8662.444444444445,9493,11014,12331.333333333334,7637.333333333333,10303.888888888889,8970.61
E05014070,Village,6,7805.67,5117,7814.333333333333,11789.333333333334,12177.666666666666,9695.666666666666,6714.666666666667,15147.5,10931.08
E05014071,Whalebone,7,11397.57,8464,12787.142857142857,13659.57142857143,16743.428571428572,12567.57142857143,7370.714285714285,13605,10487.86
E05014072,Abbey Wood,9,9669.44,8654.333333333334,10501.777777777777,14001.666666666666,12229.666666666666,9012.111111111111,5585.222222222223,14261.888888888889,9923.56
E05014073,Blackheath Westcombe,9,19870.11,18722.333333333332,19660.222222222223,27253.11111111111,20665.11111111111,15906.777777777777,17001,8194.111111111111,12597.56
E05014074,Charlton Hornfair,6,13835.33,11716.166666666666,13413.5,20220.833333333332,13827.666666666666,14941.166666666666,13741.666666666666,11314.5,12528.08
E05014075,Charlton Village & Riverside,4,10117.75,9180,9690.5,17615.5,10182.25,9367.5,12498.75,9118.25,10808.5
E05014076,East Greenwich,8,17211.5,14488,17423.75,24529.375,17982.5,10259.5,19581.125,10515.875,15048.5
E05014077,Eltham Page,5,9287.4,7468.6,8743.8,10832.8,11094,13039.4,11158.8,9956.2,10557.5
E05014078,Eltham Park & Progress,7,21425.29,21270.14285714286,19840.428571428572,24473.571428571428,20528.285714285714,22158.285714285714,14529.142857142857,11573.714285714286,13051.43
E05014079,Eltham Town & Avery Hill,9,18233.22,17568.777777777777,18672.333333333332,21806.777777777777,21755.444444444445,12877,13719.333333333334,11240.666666666666,12480
E05014080,Greenwich Creekside,7,18613.71,16287.285714285714,21826,25548.285714285714,18523.714285714286,10225.142857142857,14237.857142857143,12990.714285714286,13614.29
E05014081,Greenwich Park,5,15359.4,15510,18778.4,24464.8,17988.8,12345.6,10898.8,7215.6,9057.2
E05014082,Greenwich Peninsula,9,18518.56,15565,23419.333333333332,22723.555555555555,17754,9532,14363.777777777777,17420.11111111111,15891.94
E05014083,Kidbrooke Park,6,14168,11953.5,12690,20239.5,14208.5,11976.666666666666,14833.833333333334,14900.833333333334,14867.33
E05014084,Kidbrooke Village & Sutcliffe,5,19767.6,14964.2,20784.8,27008.4,20353.6,15608.4,19387.2,12450,15918.6
E05014085,Middle Park & Horn Park,6,7938.17,7788.166666666667,7781,11496.666666666666,9069.5,8235.166666666666,6312.333333333333,15113,10712.67
E05014086,"Mottingham, Coldharbour & New Eltham",8,17389.25,17165.375,15493.25,19440.375,17183.75,17227.375,14249.375,14202.875,14226.12
E05014087,Plumstead & Glyndon,11,7427.18,7420.545454545455,9733.272727272728,11559.363636363636,14468.636363636364,10405.545454545454,2254.3636363636365,6891.363636363636,4572.86
E05014088,Plumstead Common,9,10732.33,9847.111111111111,9988.333333333334,15560,13447.666666666666,11679.333333333334,7388.777777777777,10793.555555555555,9091.17
E05014089,Shooters Hill,7,14670.29,12829,13450.285714285714,21397.85714285714,15094,13295.42857142857,12101.285714285714,11340.57142857143,11720.93
E05014090,Thamesmead Moorings,7,8363.43,6574.428571428572,8193.285714285714,16088.142857142857,9364.42857142857,10550.57142857143,4343.428571428572,16501.285714285714,10422.36
E05014091,West Thamesmead,6,11754.17,10051.333333333334,13328.333333333334,19358.833333333332,11236.333333333334,13539.666666666666,3563,21616.333333333332,12589.67
E05014092,Woolwich Arsenal,7,15826.71,15221.714285714286,18252.14285714286,23674,15113.285714285714,10160.57142857143,12683.714285714286,13829.142857142857,13256.43
E05014093,Woolwich Common,7,9148.57,7296.428571428572,10612.142857142857,14103.42857142857,10354,10441.285714285714,6908.142857142857,13494.714285714286,10201.43
E05014094,Woolwich Dockyard,7,8307.14,6706.714285714285,8220.714285714286,15109.285714285714,10793.42857142857,8925,6123.571428571428,12636,9379.79
E05014095,Brixton Acre Lane,7,13818.71,15301.142857142857,18724.14285714286,24025.714285714286,13475.285714285714,8491.857142857143,13268.285714285714,3722.4285714285716,8495.36
E05014096,Brixton North,9,9706.67,9102.777777777777,12545.222222222223,16563.11111111111,12196.555555555555,8305,12782.666666666666,6308.555555555556,9545.61
E05014097,Brixton Rush Common,9,12216.11,11459.222222222223,13891.555555555555,19928.555555555555,15097.111111111111,11296.333333333334,13315.444444444445,5228.666666666667,9272.06
E05014098,Brixton Windrush,6,9316.5,9721,11665.666666666666,17635,10746.833333333334,6624.333333333333,13244.5,5938.833333333333,9591.67
E05014099,Clapham Common & Abbeville,7,20547,21049,24658.85714285714,27985.14285714286,19142.285714285714,17735.285714285714,18165.714285714286,4733.714285714285,11449.71
E05014100,Clapham East,6,12318.83,12920,16268.833333333334,22710.666666666668,13319.666666666666,8624,11018.333333333334,3594.6666666666665,7306.5
E05014101,Clapham Park,6,15292.17,12917.833333333334,16162.833333333334,21386.5,15427.5,16469.166666666668,12088.5,8435.5,10262
E05014102,Clapham Town,9,16082.22,17975.11111111111,20380.88888888889,25991.88888888889,16796.222222222223,13321,11662.333333333334,3503.777777777778,7583.06
E05014103,Gipsy Hill,8,9972.75,8367.875,8594.25,19885.125,13404.375,9826.875,12753.25,7682,10217.62
E05014104,Herne Hill & Loughborough Junction,8,14838.88,15212.375,16884.125,24217.625,17926.25,15058.625,11808,3703.75,7755.88
E05014105,Kennington,9,10446.11,9237.888888888889,12237.222222222223,19475.222222222223,15227.333333333334,13833.444444444445,5237.333333333333,5226,5231.67
E05014106,Knight's Hill,9,11637.56,10548.555555555555,11193.666666666666,21927.666666666668,13915.777777777777,13146.555555555555,10545.444444444445,6102.555555555556,8324
E05014107,Myatt's Fields,6,8886,7193,9067.5,17042.166666666668,12139.166666666666,10942.333333333334,7579.166666666667,6522.5,7050.83
E05014108,Oval,6,13090,13289.666666666666,16211.833333333334,20177.166666666668,17283.666666666668,14131.833333333334,10226.166666666666,3852,7039.08
E05014109,St Martin's,6,10393.33,9924.5,11689.166666666666,17869.166666666668,15845,10210.166666666666,11062.333333333334,4794.5,7928.42
E05014110,Stockwell East,6,12267.67,11908.833333333334,13608.833333333334,20281.5,14874.666666666666,11548.333333333334,11341.666666666666,4471,7906.33
E05014111,Stockwell West & Larkhall,10,11061.6,8964,12728,17121.9,13997.7,13716.8,10870.7,6471.6,8671.15
E05014112,Streatham Common & Vale,10,12690.9,11229.6,13299.7,18990.8,18417,13934.4,10076.5,5612.6,7844.55
E05014113,Streatham Hill East,7,11838.71,11196,13423.285714285714,21050.85714285714,15664.714285714286,12693.57142857143,8084,6517.857142857143,7300.93
E05014114,Streatham Hill West & Thornton,7,22299.57,21138,24607.285714285714,30246.285714285714,20824.14285714286,22328.571428571428,15097.42857142857,6831,10964.21
E05014115,Streatham St Leonard's,8,12155.12,12150.5,15775.625,23304.25,17287.375,9807.125,8217.5,2535.25,5376.38
E05014116,Streatham Wells,5,16747.8,14959,16706,26244.4,21079.6,16101.8,12390.8,6747.6,9569.2
E05014117,Vauxhall,7,17111.14,16958.714285714286,20702.428571428572,22456,17495.85714285714,10842,15585.285714285714,6473,11029.14
E05014118,Waterloo & South Bank,5,14947.8,18547.2,19260.8,20737.4,13943,11421.8,7713.6,5055.6,6384.6
E05014119,West Dulwich,5,17868.6,18184.4,19558.2,25385.2,23058,18681.6,16586.6,3300.2,9943.4
E05014120,Billinge & Seneley Green,7,21375.57,23277.714285714286,18042.14285714286,22585.85714285714,12877.42857142857,21659.85714285714,21478.571428571428,17796.85714285714,19637.71
E05014121,Blackbrook,8,13070.88,14971.375,10671.125,11420.375,6268.375,15086.625,28782,16554.5,22668.25
E05014122,Bold & Lea Green,7,11951.86,12959,11131.857142857143,12399.285714285714,6159,11337,20069.428571428572,20095.571428571428,20082.5
E05014123,Eccleston,7,25946,26889.14285714286,22299.714285714286,27752,16630.85714285714,23514.85714285714,23335.285714285714,22965.85714285714,23150.57
E05014124,Haydock,8,12683,14166.375,10249.875,13650.25,6874.125,16453.5,27663,14333.625,20998.31
E05014125,Moss Bank,7,11467.57,13576.857142857143,9084.42857142857,12787,5785.428571428572,12202,22965.85714285714,17135.428571428572,20050.64
E05014126,Newton-le-Willows East,7,16150.29,17139.285714285714,14313.142857142857,17007.285714285714,10307,14203.285714285714,26343,18373.85714285714,22358.43
E05014127,Newton-le-Willows West,8,11666.12,11993.125,10067.625,10374.375,8088.625,11138,27020.625,18340.75,22680.69
E05014128,Parr,9,2335.44,3561.777777777778,1925.4444444444443,1873.111111111111,1153,3227.222222222222,23922.11111111111,17315.88888888889,20619
E05014129,Peasley Cross & Fingerpost,2,5744,5969.5,4541.5,6475.5,2836,9209,26927.5,15464,21195.75
E05014130,Rainford,6,23751.17,25124.333333333332,20102.333333333332,27800,15541.833333333334,26216,17630.333333333332,16981,17305.67
E05014131,Rainhill,8,21458.5,22033.25,17772.875,22287.25,11253.875,21974.875,31265.125,17380.125,24322.62
E05014132,St Helens Town Centre,7,1642.71,3241.5714285714284,1407.2857142857142,4482.142857142857,768.8571428571429,1138.7142857142858,28302.285714285714,6714.857142857143,17508.57
E05014133,Sutton North West,3,12716.33,13968.666666666666,9449.666666666666,14101.666666666666,7001,12955.333333333334,30271.666666666668,19128.333333333332,24700
E05014134,Sutton South East,5,14921.6,16094.8,11549.2,15412.2,8213,16590.6,28222.2,13545,20883.6
E05014135,Thatto Heath,8,10455.38,11468.625,8543.375,10496.125,6677,11260.25,27203.875,20108.5,23656.19
E05014136,West Park,8,8151.62,11033.375,6868.625,9904.25,4350.875,10085.375,30466.375,7827.125,19146.75
E05014137,Windle,6,17319,19540.333333333332,15365.166666666666,20554,10369,16337.666666666666,28888,11765.333333333334,20326.67
E05014138,Alverstoke,5,27528.4,29909.2,27747.2,25033.8,22214.2,23104,13050.6,21333.4,17192
E05014139,Anglesey,4,19898,21989.75,20268.25,18684.75,16948.75,21263,10671.25,17664.75,14168
E05014140,Bridgemary,4,9977,11083.75,8494,6017.5,7597.25,14423.5,13834.25,27138.5,20486.38
E05014141,Brockhurst & Privett,3,12865.67,15400,13420.666666666666,8770.333333333334,11479,11743,10433,19159,14796
E05014142,Elson,4,16984,18974.5,19521.75,7163.5,14626.25,15554.25,15648.5,20583.75,18116.12
E05014143,Forton,6,5947.5,7381.166666666667,5885,5626,7190.333333333333,5040.166666666667,7251.5,14923.833333333334,11087.67
E05014144,Grange & Alver Valley,4,4482,5451.75,5745.25,3876,7810.5,2534.5,3839.25,21774.25,12806.75
E05014145,Harbourside & Town,3,2037,2667.6666666666665,2511.3333333333335,1475.6666666666667,3471.6666666666665,2062.3333333333335,5641.666666666667,19220.666666666668,12431.17
E05014146,Hardway,4,18298.25,19890.25,20180,9771.75,17734.25,14063,12865,24205,18535
E05014147,Lee East,4,22341,22844.25,23821,17327.5,18947,22756,7542.75,30587.25,19065
E05014148,Lee West,3,24430.33,27327,24988.333333333332,16678.333333333332,22539,20343,12546,20339,16442.5
E05014149,Leesland & Newtown,4,16056,17397,17598.25,12220.25,14288.25,12451,15147.25,12210.75,13679
E05014150,Peel Common,4,15887.5,17397.25,15048.5,9037,12415.5,17932.5,14977.75,25174.75,20076.25
E05014151,Rowner & Holbrook,4,9588,11642.75,10378.75,5943.75,7357.5,9111.25,11747.5,24769.75,18258.62
E05014152,Besses,6,12949.17,12257.5,10820.5,13045.666666666666,10395.333333333334,10391.333333333334,29929.5,16567.5,23248.5
E05014153,Bury East,7,5668.14,5967.142857142857,6608.142857142857,6808.571428571428,6859,4461.285714285715,16400.571428571428,6763.428571428572,11582
E05014154,Bury West,7,23171,23304.14285714286,20122.428571428572,24077.285714285714,17541.85714285714,20158.85714285714,23602.428571428572,20666,22134.21
E05014155,Elton,7,18844.43,19031.285714285714,16980.14285714286,20178.428571428572,14088.42857142857,16108.42857142857,20485,19490.571428571428,19987.79
E05014156,Holyrood,7,18351.29,17726.14285714286,17148.714285714286,21718.571428571428,15891.714285714286,15262.142857142857,27117.85714285714,8277.285714285714,17697.57
E05014157,Moorside,7,5446.43,5951.142857142857,5409.285714285715,6977.142857142857,5291.571428571428,6258,17561.571428571428,7930.571428571428,12746.07
E05014158,North Manor,6,24259,26733.333333333332,23185.166666666668,26717,20216.833333333332,22342.666666666668,11806.833333333334,17399.5,14603.17
E05014159,Pilkington Park,7,23722.43,24620.14285714286,21970.285714285714,25850.14285714286,20234,17592.714285714286,30285,10855.714285714286,20570.36
E05014160,Radcliffe East,7,10354.71,10547.285714285714,9544,11208.857142857143,8724.57142857143,8040.428571428572,24865.571428571428,11253.57142857143,18059.57
E05014161,Radcliffe North & Ainsworth,8,17332,18508.875,15816,16379.375,14062.875,13351.25,19878,18012.125,18945.06
E05014162,Radcliffe West,7,9103.43,9520.57142857143,7748.571428571428,9222.285714285714,7755.571428571428,7120.142857142857,23711.428571428572,11264.142857142857,17487.79
E05014163,Ramsbottom,8,21358,23118.125,22003.25,24523,19353.75,17979,14553.375,12138,13345.69
E05014164,Redvales,6,7054.67,6039.166666666667,6723.333333333333,8182.5,8550.5,5713.333333333333,21476.833333333332,13726,17601.42
E05014165,Sedgley,7,13951.43,10178.857142857143,12888.57142857143,17608.14285714286,14027.285714285714,15833.285714285714,26322.285714285714,10004.142857142857,18163.21
E05014166,St. Mary's,8,16210.12,17173.25,13276.125,20860.625,10636.375,12510.75,30415.5,12959.75,21687.62
E05014167,Tottington,7,22430.71,24543.571428571428,21495,25951.571428571428,17351.571428571428,20344.571428571428,16829.714285714286,11668.42857142857,14249.07
E05014168,Unsworth,8,19558.38,17908.5,16843.875,20940.25,14580.5,16945.5,30988,16649.25,23818.62
E05014169,Duxford,3,26337.33,23921,28287.333333333332,26662.666666666668,30881.333333333332,29540,6718.666666666667,17275.666666666668,11997.17
E05014170,Sawston,5,26095.6,23143.6,22323,24503.2,24987,26961.6,17183.8,27630.6,22407.2
E05014171,Aspatria,2,9784,11961,8930,10058.5,9999,18634,7652.5,8184,7918.25
E05014172,Belah,4,21254.75,21045,18024,14766.25,14662.75,24692,23218.25,25987,24602.62
E05014173,Belle Vue,4,17502.75,18333.5,16768,13200.5,10120,17307.5,24993,28753.75,26873.38
E05014174,Botcherby,4,13005,15459.75,13312.5,11964.75,9687.5,12991,28805.25,15170,21987.62
E05014175,Bothel and Wharrels,4,17451,30048.25,27613.5,24448,26206,27521.75,1277.25,1753,1515.12
E05014176,Brampton,4,13495.75,18201.75,15213,17385.25,13606.75,17761.25,9671.25,11948,10809.62
E05014177,Bransty,3,23748.33,25503.333333333332,22405.666666666668,22269,12914.666666666666,27799.666666666668,19142,22561.333333333332,20851.67
E05014178,Castle,4,5981,10258.25,6819,7086.25,3493.25,6341.25,32301.5,3327,17814.25
E05014179,Cleator Moor East and Frizington,4,11865.75,17444.5,12314,15322,7297,15296,6029.25,10979.5,8504.38
E05014180,Cleator Moor West,4,9247.5,13349.75,8630,8946.5,4962.5,11360.75,11798.5,15382.5,13590.5
E05014181,Cockermouth North,3,20775.67,19630.666666666668,18131.666666666668,18012,14257.666666666666,19509.333333333332,27251.333333333332,20712.666666666668,23982
E05014182,Cockermouth South,4,28395,31082,29048,28936,26277.5,31404.75,14963.75,20252.25,17608
E05014183,Corby and Hayton,2,23014,28195.5,25842,24231.5,24969,28732.5,3339.5,13372,8355.75
E05014184,Currock,4,5287,10029.25,7613.5,5540,4096,2460.75,31377.75,2186.25,16782
E05014185,Dalston and Burgh,5,24150,28427.6,26348.8,22145.6,22929.2,29291.2,6484.2,18220.6,12352.4
E05014186,Dearham and Broughton,5,17221.6,23000,19414.2,18235.6,17530.8,28109.8,3829.4,10728.2,7278.8
E05014187,Denton Holme,4,10255.5,12643,10548.5,6857,6596.75,10870.5,31313.5,9978.25,20645.88
E05014188,Egremont,4,8949.25,11777.5,7441.5,8575.25,4855,11785.75,15700.75,14768.75,15234.75
E05014189,Egremont North and St Bees,3,14878.33,19991.666666666668,16209.333333333334,15268.333333333334,9995,20249,6270.666666666667,18185.333333333332,12228
E05014190,Gosforth,4,19476,26866,22999.25,20679,16059.25,30303.5,3769.75,10135.5,6952.62
E05014191,Harraby North,5,9233.6,10442,9339.2,6051.2,4825.6,9517,22680.2,21727.2,22203.7
E05014192,Harraby South,3,15902.33,19072.666666666668,15887.333333333334,10794.666666666666,8357,12795,19952.666666666668,28014,23983.33
E05014193,Harrington,4,13991.25,16587.25,14255,11947.25,9222.75,16400.25,9663,21335.25,15499.12
E05014194,Hillcrest and Hensingham,5,20132.8,23454,19361,18950,10229,19664,22306.4,20594.8,21450.6
E05014195,Houghton and Irthington,2,23495,28977,28197,25238.5,27459.5,31854,7301,17430.5,12365.75
E05014196,Howgate,3,9723,13950.666666666666,10336.666666666666,8227.333333333334,6610.666666666667,17362.666666666668,9066.333333333334,10592.666666666666,9829.5
E05014197,Kells and Sandwith,5,9570.8,12706.2,8519.4,9586,4781.2,12081.6,17179,19074,18126.5
E05014198,Keswick,3,22612,22976,23535.666666666668,19263.666666666668,22926.666666666668,21908.666666666668,15953.666666666666,13019.666666666666,14486.67
E05014199,Longtown,4,10090.75,19883,16259.5,9738,14383,18667.5,3465.25,1750.75,2608
E05014200,Maryport North,4,9198.25,12956.25,7647.75,9078.75,5999,10267.5,24431.5,10769.5,17600.5
E05014201,Maryport South,3,5418,7618,5725.333333333333,4327.666666666667,3941.3333333333335,12646,10082.666666666666,13211.333333333334,11647
E05014202,Millom,4,10340,13867.25,10217.5,8209,6170,21492,18209.5,8891.5,13550.5
E05014203,Millom Without,4,13625,26787.75,22527.25,19437.25,14587.25,31096.25,1295.25,3049.25,2172.25
E05014204,Mirehouse,4,9080,12252.25,7080.25,6190.5,4657.5,17352,14843.25,21641.25,18242.25
E05014205,Morton,4,9573.75,12269.5,8485,5681.5,6292.25,6014.5,27378,24525,25951.5
E05014206,Moss Bay and Moorclose,4,2612.75,3637.5,2136.75,2192.5,1994.25,3840.75,10961.75,25767.75,18364.75
E05014207,St John's and Great Clifton,5,19248.6,22903.2,18942.8,16590.6,11436.2,20780,20841,17035.4,18938.2
E05014208,St Michael's,3,6837.67,13704.333333333334,8458.333333333334,8434.666666666666,5634.666666666667,5144.666666666667,26653,749.3333333333334,13701.17
E05014209,Seaton,4,16203,18419.75,15861.75,14262.25,11419.5,22865.5,10364.5,20955.5,15660
E05014210,Solway Coast,4,11522.75,19817.5,15115,11306.75,14348.75,21890,3058.25,5225.25,4141.75
E05014211,Stanwix Urban,4,27889.25,27410,25173.25,25284.5,20566,25639.75,29122,19920.5,24521.25
E05014212,Thursby,2,18772,28387.5,28288,21414.5,24496,30210,2056.5,6209,4132.75
E05014213,Upperby,5,7132.6,8294.2,6225,3867.2,6072.2,7132.4,23739.4,20140,21939.7
E05014214,Wetheral,5,25155,26810.4,26500.8,23298.2,20932.8,21333.2,10028.8,26143.6,18086.2
E05014215,Wigton,5,13596,17422.8,13198.6,11204.8,11441.8,20861.2,14173.4,15186.6,14680
E05014216,Yewdale,4,22862.5,24790.25,20618,15522.5,15351.25,20228.25,21377.25,27653,24515.12
E05014217,Alston and Fellside,4,16733,26339.25,25216.75,22014,28971.75,28939.5,1386.75,2387.5,1887.12
E05014218,Appleby and Brough,4,14834.25,22354.75,20553.25,16145.25,26482.25,22241.5,2316.5,7198.25,4757.38
E05014219,Bowness and Lyth,2,18965.5,28548,26898.5,21526,30779.5,19272,6690.5,2022.5,4356.5
E05014220,Burton and Holme,2,26391.5,28540,28596,25694.5,29101,29621.5,5749.5,14210,9979.75
E05014221,Coniston and Hawkshead,2,16603.5,28593,28730,27453,30486.5,24121,867,707,787
E05014222,Dalton North,4,17518.5,24793.75,21633.75,17329,14274,24992.5,11982,5357.75,8669.88
E05014223,Dalton South,4,18156.25,22383.5,18036.75,14744.75,12661.75,24183,21791.75,10148.75,15970.25
E05014224,Eamont and Shap,3,17574.33,25646.666666666668,25326,19734.333333333332,28061.666666666668,24303.666666666668,1809,4287.666666666667,3048.33
E05014225,Eden and Lyvennet Vale,4,16035,28458.75,30486.75,20880.75,31155,30416.25,266,1212.25,739.12
E05014226,Grange and Cartmel,6,23123.33,27505.666666666668,24136,26134.833333333332,25016.5,28374.5,8416.666666666666,10448.666666666666,9432.67
E05014227,Greystoke and Ullswater,3,18727,30135,30569.333333333332,24562,31403,29467,1132,1667.3333333333333,1399.67
E05014228,Hawcoat and Newbarns,8,23922.12,27170.375,22779.25,23200.5,11603.75,25372.125,22811.625,21357.375,22084.5
E05014229,Hesket and Lazonby,4,18628,28923.75,29181,23800.75,30507.75,31446.25,1154.25,2057,1605.62
E05014230,High Furness,3,18102.67,30113,29583.666666666668,24677.333333333332,29124.333333333332,32342.333333333332,1212,1194,1203
E05014231,Kendal Castle,3,30753,28486.666666666668,28299.666666666668,25154,28973.666666666668,30496.333333333332,22082.666666666668,26331.333333333332,24207
E05014232,Kendal Highgate,3,19248,17935.333333333332,17714.333333333332,18237.666666666668,16952,16270,25627,16003.666666666666,20815.33
E05014233,Kendal Nether,3,23278,22423,20930,20770.666666666668,22677.666666666668,20816.333333333332,22620.333333333332,17984.666666666668,20302.5
E05014234,Kendal South,4,25761,25625,24693.75,24717.5,22161.75,26948.25,16363.75,18417.25,17390.5
E05014235,Kendal Strickland and Fell,3,20063.67,19289.666666666668,17947.333333333332,21300.666666666668,20601.666666666668,14249.333333333334,21577.333333333332,15545,18561.17
E05014236,Kent Estuary,3,24305.67,27307.666666666668,24307.666666666668,24801.666666666668,27555.666666666668,28614.333333333332,6753.666666666667,11976,9364.83
E05014237,Kirkby Stephen and Tebay,3,14671,22173.666666666668,20804.333333333332,16624,24330.666666666668,22978.333333333332,3541,2581.6666666666665,3061.33
E05014238,Levens and Crooklands,2,25600.5,31565.5,31884,27134.5,31781.5,31844.5,4250.5,7512,5881.25
E05014239,Low Furness,3,20433.33,29367,26100,27006,22981.333333333332,28481.666666666668,3963.3333333333335,9778.666666666666,6871
E05014240,Old Barrow and Hindpool,9,2550.78,5529.555555555556,2637,3819,1428.7777777777778,6384.777777777777,27796.555555555555,1652.2222222222222,14724.39
E05014241,Ormsgill and Parkside,8,11668.75,15959.75,13764.875,14070.625,5715.375,13219.25,25334.625,8336,16835.31
E05014242,Penrith North,5,23536.4,20898.4,22903,15398.2,26597.6,23015.4,23550.8,18305.4,20928.1
E05014243,Penrith South,6,17280.5,16723,17139.666666666668,11394,17580.833333333332,16301,24743.5,17937,21340.25
E05014244,Risedale and Roosecote,8,13859.12,16460.75,13948.125,15350.625,9406.125,15057,21506,14033,17769.5
E05014245,Sedbergh and Kirkby Lonsdale,5,22624,28554.6,27440.4,24029.4,30165.8,29843.2,7416.6,7360.6,7388.6
E05014246,Ulverston,6,22360.83,22298,19858,21249.333333333332,21124.166666666668,21131.166666666668,22222.166666666668,16377.333333333334,19299.75
E05014247,Upper Kent,2,21212,24630,26096.5,21350,29544,29719.5,6281,3373,4827
E05014248,Walney Island,7,15215.14,19647.14285714286,15102.57142857143,17811.285714285714,8180.428571428572,18227.285714285714,16668.14285714286,11414.285714285714,14041.21
E05014249,Windermere and Ambleside,6,21811.17,24859.333333333332,26817.5,19460.333333333332,27787.5,22403.666666666668,10600.333333333334,7524.5,9062.42
E05014250,Aire Valley,3,25192.33,28804.666666666668,28082,28935,27486,28852,7831.333333333333,6308,7069.67
E05014251,Aiskew & Leeming,4,22157.75,25516.25,26305.25,24253.5,29589.25,27927.5,4375.25,13414.75,8895
E05014252,Amotherby & Ampleforth,3,17729,24328,27761.333333333332,21620,28490.666666666668,30322.333333333332,1598,2280.6666666666665,1939.33
E05014253,Appleton Roebuck & Church Fenton,3,24704,29019.333333333332,31187.666666666668,28670.333333333332,31232.666666666668,29827.666666666668,2379.6666666666665,11214.666666666666,6797.17
E05014254,Barlby & Riccall,3,26728.33,25205.666666666668,27039.333333333332,22149.666666666668,25637.666666666668,24932.333333333332,10690.666666666666,27317.333333333332,19004
E05014255,Bedale,3,20218,21740,23017,17737.333333333332,25207.333333333332,24109.666666666668,7308.333333333333,19569.666666666668,13439
E05014256,Bentham & Ingleton,4,20193.25,25144.25,24182.25,23197,27816.5,29750.75,5314.25,6044.75,5679.5
E05014257,Bilton Grange & New Park,4,24987,24555.25,22317.25,19497.25,22653.5,20050,30082.25,14997.5,22539.88
E05014258,Bilton & Nidd Gorge,6,22694.5,22426.5,22060.166666666668,19775.833333333332,20642.5,23655.166666666668,23239.5,21641.5,22440.5
E05014259,Boroughbridge & Claro,4,22970.5,24602.75,27007.5,21519,27911.75,26037.75,5653.25,15495,10574.12
E05014260,Brayton & Barlow,4,27393.5,26485.25,25515.5,23188.25,24157.5,28629.5,15947.75,27479.25,21713.5
E05014261,Camblesforth & Carlton,3,21488,23220,21535.666666666668,18081.666666666668,21932.333333333332,26051,7141.333333333333,16112.666666666666,11627
E05014262,Castle,5,3154.2,5630.8,4892,2374,4676.4,2770.4,28736.2,749.4,14742.8
E05014263,Catterick Village & Brompton-on-Swale,4,21235,22787.5,23647.5,21047,20595.25,29255.75,4307,18845.5,11576.25
E05014264,Cawood & Escrick,4,22398,27636,27457.25,28617.25,26215.75,31022.5,3916.5,6125.5,5021
E05014265,Cayton,3,18296.67,21401.333333333332,15666.333333333334,14591,12762,25621,8473.666666666666,23810.333333333332,16142
E05014266,Cliffe & North Duffield,3,22906.33,27426.333333333332,25253.333333333332,23312.666666666668,25999.333333333332,30984.666666666668,3034.6666666666665,15524,9279.33
E05014267,Coppice Valley & Duchy,6,23614.67,24142.5,23412.333333333332,23008.5,22870.666666666668,21236.666666666668,29662,11260.166666666666,20461.08
E05014268,Danby & Mulgrave,3,10462.33,19537.666666666668,16523.666666666668,12859.666666666666,16750.666666666668,25774.666666666668,2242.3333333333335,421.3333333333333,1331.83
E05014269,Derwent Valley & Moor,3,16750.33,21761,18580.333333333332,16120,15555.666666666666,25203,4282.666666666667,13648,8965.33
E05014270,Easingwold,3,24874.33,20560,19812.333333333332,24101.333333333332,23049,28290.666666666668,17207.333333333332,26818.333333333332,22012.83
E05014271,Eastfield,4,4016.75,4667.75,4239.5,2935.25,3493.5,6785.25,3852,30141,16996.5
E05014272,Esk Valley & Coast,4,14399.75,23191.5,17825,16383.5,17331.25,28382.75,3734,5996.5,4865.25
E05014273,Fairfax & Starbeck,5,16450.6,16352,15040.2,12588.8,12663.4,13267.2,27689.6,17800,22744.8
E05014274,Falsgrave & Stepney,5,7849.4,10485.2,9222.6,8456.8,4995.8,9350.8,27001,9649,18325
E05014275,Filey,4,12514.25,13494.5,8657.25,7865.75,9575.75,22119.5,23412.5,20938,22175.25
E05014276,Great Ayton,3,22816.67,23988,22042.333333333332,22972,26382.666666666668,26852.333333333332,12239.333333333334,13614,12926.67
E05014277,"Glusburn, Cross Hills & Sutton-in-Craven",5,22838.8,22338.6,21518.4,21760.6,18785.8,27163.4,20685.6,12283.8,16484.7
E05014278,Harlow & St. Georges,5,30686,28786.2,27062.6,30438.2,28802.4,29782.2,30897.6,20678,25787.8
E05014279,High Harrogate & Kingsley,5,21205.8,19626.6,20488.6,18197.8,17527.8,18684.8,31442.2,14517.8,22980
E05014280,Hipswell & Colburn,5,17694.4,16752.2,20977.8,12350,13406.6,21475.2,7303,28075.4,17689.2
E05014281,Helmsley & Sinnington,3,18052.67,22329.666666666668,22378.666666666668,19416.333333333332,27788.333333333332,30260.333333333332,3627,8934,6280.5
E05014282,Hillside & Raskelf,3,18554.67,29723,29231,26033,31464.333333333332,32252.333333333332,634.3333333333334,2199,1416.67
E05014283,Huby & Tollerton,4,24916,29777.75,30352,29386.75,30398,32682,2610,10648.75,6629.38
E05014284,Hunmanby & Sherburn,4,13833.25,18413.25,15890.5,11052.25,14967.25,23480.25,4696.75,9881.25,7289
E05014285,Hutton Rudby & Osmotherley,3,19769.67,29232,30069.333333333332,31188,31678.333333333332,28512.333333333332,1220.6666666666667,3978,2599.33
E05014286,"Killinghall, Hampsthwaite & Saltergate",7,24413.29,22545.571428571428,24663.714285714286,19868.14285714286,24143,25180.571428571428,13215.857142857143,27898.14285714286,20557
E05014287,Kirkbymoorside & Dales,4,16995.5,21589.25,23096,18146.75,25215,30490.75,4394.75,8514,6454.38
E05014288,Knaresborough East,4,24409.5,21152,21882.25,17980.5,22455.25,22894.75,26085.75,26902.5,26494.12
E05014289,Knaresborough West,5,26767.4,25949,24846,26281.2,24119.4,26456.2,25168.8,18377.2,21773
E05014290,Leyburn & Middleham,4,21077.75,26128.25,27477,20186.25,27420.25,31640.25,6541.25,8979.75,7760.5
E05014291,Malton,4,21245.75,18404.5,19215.5,17717.75,18976,23596.25,26239.5,21214.75,23727.12
E05014292,Masham & Fountains,4,17827.25,25942.75,26168.25,22911.75,27557,30842,3198.75,3014.5,3106.62
E05014293,Monk Fryston & South Milford,5,21292.4,22138.4,20352.4,20837,23107,21053.8,7833.2,18836.6,13334.9
E05014294,Mid Craven,3,21113.67,25188.666666666668,26263.666666666668,24209.666666666668,27492.666666666668,29610,4765,8430.666666666666,6597.83
E05014295,Morton-on-Swale & Appleton Wiske,4,20122.5,29345.5,28129.25,29143.5,30173.5,31939.75,1234,3166.25,2200.12
E05014296,Newby,4,20990.5,21049.25,18680,16131.25,15530,23522.5,19036,20409.75,19722.88
E05014297,North Richmondshire,6,18849.83,26619.833333333332,27441.833333333332,26438,24191.666666666668,28822,2430,4291,3360.5
E05014298,Northallerton North & Brompton,4,18828.75,17624.75,15953.75,15092,16461,17345.5,25278.75,22740.75,24009.75
E05014299,Northallerton South,4,13288.75,11360.25,11586.75,8696,15216.75,12485.75,30081.5,21160,25620.75
E05014300,Norton,5,18911.2,17768.4,17763.4,10985.4,18702,21788.6,20020,23093.6,21556.8
E05014301,Northstead,5,10816.6,13999.2,11580.8,9910,10344.8,11696.2,28027.4,3298.4,15662.9
E05014302,Oatlands & Pannal,6,32228.67,31033.166666666668,31967,32262.5,29553.833333333332,32115,25052,22405.166666666668,23728.58
E05014303,Osgoldcross,4,17871.5,23059,21933.25,15590.5,25366,23309.75,1730.75,14477.25,8104
E05014304,Ouseburn,4,22253.5,29688.25,30222.25,25388.75,29954.5,28856.25,2710,5151.75,3930.88
E05014305,Pateley Bridge & Nidderdale,4,18219.5,24466,22184.5,19594,26555.25,29400.75,3405.5,7941.75,5673.62
E05014306,Pickering,4,20164.25,17387.25,17301,15591.5,20847.75,25471.5,18207.25,19688.75,18948
E05014307,Richmond,6,22689.5,19672,19846.833333333332,22724,22444,22757,20141.666666666668,19533.166666666668,19837.42
E05014308,Ripon Minster & Moorside,6,20204.67,18722.833333333332,18725,12888,21097.166666666668,20933.833333333332,21212.166666666668,22354.166666666668,21783.17
E05014309,Ripon Ure Bank & Spa,5,26397.6,22931,24388.6,22551.8,25166.6,26448.2,24421.6,19540,21980.8
E05014310,Romanby,5,28244.4,28376.2,22789,23972,24003.2,30272.2,28738.2,27661.8,28200
E05014311,Scalby & the Coast,4,21812.75,24251,22556.75,22408.75,20140.25,27262,9522.25,17611.25,13566.75
E05014312,Scotton & Lower Wensleydale,4,20091.5,27302.25,26602.75,19914.5,19054.25,30036.75,2917.75,17678.25,10298
E05014313,Seamer,3,23805.67,23095,22153.666666666668,19919.666666666668,17201.666666666668,30953,9297.333333333334,29466,19381.67
E05014314,Selby East,5,13432.6,11791.8,13677.2,9818.4,14079.6,11284,24022,19780.6,21901.3
E05014315,Selby West,7,15279,14553,13367.42857142857,11344,14202.285714285714,15944.57142857143,25918.571428571428,21440.14285714286,23679.36
E05014316,Settle & Penyghent,3,22316.67,26589.333333333332,24914,18156,27608,29597.666666666668,13104.666666666666,4139.333333333333,8622
E05014317,Sherburn in Elmet,5,25695.8,22154.6,22780,20999.2,21692.8,26749,22148,29729.6,25938.8
E05014318,Sheriff Hutton & Derwent,4,16386.75,23449,24487.25,25028.25,25585,32094.75,959.5,2139.5,1549.5
E05014319,Skipton East & South,5,18973.6,17426.6,17950.6,19672.2,16141.8,21087,26041.4,18744.2,22392.8
E05014320,Skipton North & Embsay-with-Eastby,3,28477.33,28235,28317.333333333332,32317.666666666668,26187.666666666668,27269.333333333332,23618.666666666668,14917.333333333334,19268
E05014321,Skipton West & West Craven,4,16329,16847.5,17847,17819,14990,21196.25,22268.75,7300.25,14784.5
E05014322,Sowerby & Topcliffe,4,22228.25,20262,22965.5,19433.75,24007.75,25902,18412.5,17932.25,18172.38
E05014323,Spofforth with Lower Wharfedale & Tockwith,4,24638,25942.25,27360,27541.75,28853.75,30150.75,5179,14326.75,9752.88
E05014324,"Stray, Woodlands & Hookstone",6,30749.5,29669.5,28552.666666666668,27893.333333333332,28030,28131.5,30180.666666666668,22648.333333333332,26414.5
E05014325,Stokesley,5,22537,23830.2,21001.8,24872.4,26646.2,26407.2,11217,18515.4,14866.2
E05014326,Tadcaster,5,23725.8,22807,24021.2,20256.8,22066.2,24515.2,14811.6,17625.6,16218.6
E05014327,Thirsk,4,19697,17806.25,18011.75,13768.75,22434,17641.5,21016,22979.75,21997.88
E05014328,Thornton Dale & Wolds,4,16909.5,22661,21640.5,19691.25,26321,29829,2292.25,4843,3567.62
E05014329,Thorpe Willoughby & Hambleton,3,23929.67,23668.333333333332,25038.333333333332,20798.333333333332,26422,27701,4271,27430,15850.5
E05014330,Upper Dales,5,15394.8,29374,29015.2,23251,29427,31412.8,1501.8,143.8,822.8
E05014331,Valley Gardens & Central Harrogate,5,23249.2,26236.6,23857.4,26239,23345.2,16759,31231,4146.4,17688.7
E05014332,Washburn & Birstwith,5,21740,29395,30621,28568,31619.2,30503.6,2882,2481,2681.5
E05014333,Wathvale & Bishop Monkton,5,21315.6,25587.8,28015.6,25357.6,27899.4,30029.8,2710.8,12118.6,7414.7
E05014334,Weaponness & Ramshill,5,12023.2,16610.8,11313.8,12939.6,7466,12590.8,27350.8,6958,17154.4
E05014335,Wharfedale,3,19926.67,30560,29600.666666666668,28603.666666666668,30221.666666666668,32486.666666666668,4251,893.3333333333334,2572.17
E05014336,Whitby Streonshalh,3,8081,9665.333333333334,9911,2784.3333333333335,8388.333333333334,12467.333333333334,20000.333333333332,16064.333333333334,18032.33
E05014337,Whitby West,5,15173,16864.4,14093.4,9102.2,11251,19313.6,23675.8,18665.4,21170.6
E05014338,Woodlands,5,11949.4,11379.4,10644.2,10479.4,8499.8,11431.6,22311.8,21598.2,21955
E05014339,Bishop's Hull & Taunton West,5,21433.4,21056.4,19204.2,22350,16755.4,17948.4,21842,19340.8,20591.4
E05014340,Blackdown & Neroche,5,13329.2,19976.8,17427.4,17360.8,18461,16968,8293.8,11777.6,10035.7
E05014341,Blackmoor Vale,5,17952.2,21172.8,20600.6,18260.2,25163.8,27971.4,3105.4,12279.2,7692.3
E05014342,Brent,5,17536.4,22996,19748.8,16914.6,23415,21149.8,3487.8,13032.8,8260.3
E05014343,Bridgwater East & Bawdrip,9,17191.33,18667.555555555555,19862.88888888889,10341.222222222223,17345.555555555555,21913.222222222223,10504.888888888889,18167.555555555555,14336.22
E05014344,Bridgwater North & Central,6,6682.83,8147.166666666667,7652,2022.6666666666667,8530.166666666666,7080.166666666667,20456,16692,18574
E05014345,Bridgwater South,8,7387.88,9090.625,7818.125,4385.75,7610.75,5537,19157.5,16777.5,17967.5
E05014346,Bridgwater West,6,20815.17,20086,20808.166666666668,12636.666666666666,20688.5,17782.666666666668,19686.5,24947,22316.75
E05014347,Brympton,5,26402.8,23721.4,24014.4,24506,22124.8,27012,13721.8,32357,23039.4
E05014348,Burnham on Sea North,7,16434,18594.285714285714,14555.57142857143,13084.285714285714,14712.142857142857,21866.714285714286,9424.142857142857,20349.571428571428,14886.86
E05014349,Cannington,6,18477.67,25987.833333333332,23719.333333333332,17870.333333333332,22733.333333333332,28577,4482.333333333333,11026.833333333334,7754.58
E05014350,Castle Cary,6,16997,21050.166666666668,22356.333333333332,18859.166666666668,25499.5,26411,3694.6666666666665,10035.833333333334,6865.25
E05014351,Chard North,6,15080.17,15363.333333333334,16761.833333333332,10874.5,20005.666666666668,19216.833333333332,9352.5,22264.333333333332,15808.42
E05014352,Chard South,6,15365,16059.666666666666,15002.833333333334,11532.333333333334,16861.833333333332,19338.833333333332,8747,24540.166666666668,16643.58
E05014353,Cheddar,5,22328.6,23466.8,20421.2,19721.8,23543.6,21237.6,11916.2,18404.2,15160.2
E05014354,Coker,8,14735.75,21052.125,19636.375,17983.125,23710.75,22464.125,1540.25,5239.5,3389.88
E05014355,Comeytrowe & Trull,7,27288.14,26759.714285714286,24362,27823.85714285714,22796.428571428572,28796.285714285714,17480.85714285714,24777.85714285714,21129.36
E05014356,Crewkerne,5,17449.6,17639.6,15427.6,12469,21741.4,23548.8,10736.8,18777,14756.9
E05014357,Curry Rivel & Langport,7,16745.43,22540.85714285714,21087.571428571428,18718.285714285714,23470,23327.285714285714,2641.4285714285716,10415.142857142857,6528.29
E05014358,Dulverton & Exmoor,4,9910.75,16842.25,17727.75,12776.5,19834.75,25847.75,954.75,705.75,830.25
E05014359,Dunster,6,9744.5,15984.166666666666,15075.833333333334,10298.833333333334,17796.833333333332,21484.833333333332,1925.6666666666667,8758.666666666666,5342.17
E05014360,Frome East,8,19492.62,17126.125,16714.125,13911,19521.25,20057,23068.625,24625.25,23846.94
E05014361,Frome North,7,23206.86,23145.428571428572,21768.285714285714,20055.285714285714,25136.85714285714,24308.714285714286,15598.42857142857,20719.571428571428,18159
E05014362,Frome West,7,15956.57,15716.714285714286,13644.857142857143,11828.142857142857,18193.85714285714,17111.285714285714,22057.14285714286,18945.85714285714,20501.5
E05014363,Glastonbury,5,13176,12808.4,8393,15285.2,15361.4,9841.6,19289.8,20683.6,19986.7
E05014364,Highbridge & Burnham South,5,9785,10848.8,8624.2,7433.2,9716.2,10099,9707.2,25473,17590.1
E05014365,Huntspill,5,14565.8,20183,17430,12479.8,20863.8,18342,2176.2,10516.4,6346.3
E05014366,Ilminster,6,17399.5,21454,20259.166666666668,18361.5,22280.333333333332,25930.5,6730.833333333333,10464.333333333334,8597.58
E05014367,King Alfred,6,20300.67,27086,26324,21993.333333333332,26750.666666666668,28515.666666666668,2417.1666666666665,6430,4423.58
E05014368,Lydeard,6,18417,22741.5,21081.5,15633.5,20088.833333333332,23672.333333333332,3813.5,23683,13748.25
E05014369,Martock,7,15197.57,19158,18856.571428571428,16241.142857142857,20875.14285714286,21560.14285714286,1335.7142857142858,17187.14285714286,9261.43
E05014370,Mendip Central and East,4,15313.5,21114.5,20454,13604.25,21184.5,24096.75,2175.25,9821.5,5998.38
E05014371,Mendip Hills,5,20799.2,24326,22775.4,23098.4,25922.2,29782.2,4588.2,8031,6309.6
E05014372,Mendip South,5,16359,22988,22248.4,17471.6,27503.4,24194,951,7770,4360.5
E05014373,Mendip West,6,18017.83,19242.666666666668,19382.833333333332,19435.833333333332,24544.333333333332,24661,4221.833333333333,12843.166666666666,8532.5
E05014374,Minehead,5,12694.6,16161.2,11993,9958.6,10813.6,17552.8,8620.4,15276,11948.2
E05014375,Monkton & North Curry,7,21582,23733.571428571428,24032,19573.14285714286,23562.571428571428,24155.14285714286,6471.857142857143,20740.571428571428,13606.21
E05014376,North Petherton,7,17872,18304,19801.714285714286,15095.285714285714,20020.714285714286,18708.571428571428,9575.42857142857,23706.428571428572,16640.93
E05014377,Rowbarton & Staplegrove,7,17610.43,19872.285714285714,19339.285714285714,14773.142857142857,16100,15539.42857142857,17149.14285714286,15105.285714285714,16127.21
E05014378,Shepton Mallet,6,17563.33,17536.666666666668,16475,11197.666666666666,20438.833333333332,18937,14008,20200.666666666668,17104.33
E05014379,Somerton,6,18256.83,22059,20445.666666666668,19017.666666666668,24825.666666666668,25064,2525,13757.166666666666,8141.08
E05014380,South Petherton & Islemoor,6,17228.17,21264.666666666668,18799.333333333332,18313,23725.666666666668,26047.333333333332,2883.3333333333335,13010.166666666666,7946.75
E05014381,Street,7,19693.29,17525.285714285714,15722.285714285714,15091.57142857143,21418.85714285714,21627,16984,25710.85714285714,21347.43
E05014382,Taunton East,7,10185.86,11382.714285714286,9825.42857142857,9165,10045.57142857143,5282.571428571428,21780.571428571428,20029.85714285714,20905.21
E05014383,Taunton North,7,11647.43,11699.714285714286,11116.714285714286,5419,11760,11837.285714285714,17853.14285714286,26558.285714285714,22205.71
E05014384,Taunton South,6,19646.5,18164.166666666668,17571.666666666668,16930.333333333332,16162.5,19194.166666666668,18039.833333333332,28214.166666666668,23127
E05014385,Upper Tone,5,18408.4,23720.6,23155.2,20094.6,23603.6,28753.2,3563.4,6156,4859.7
E05014386,Watchet & Stogursey,6,11670.67,16216.833333333334,12853.333333333334,10037.666666666666,15024.5,22298,4702.5,14829,9765.75
E05014387,Wellington,8,20193.38,19007.625,18331,14912.625,18013.75,21638.875,18314.5,23205.75,20760.12
E05014388,Wells,7,21074.43,19529.285714285714,16377.142857142857,17734.571428571428,21700.85714285714,21045.571428571428,23210.14285714286,23676.714285714286,23443.43
E05014389,Wincanton & Bruton,6,16552.5,19892.166666666668,19094.166666666668,15377.833333333334,25414.5,21638.5,2256.6666666666665,18246.666666666668,10251.67
E05014390,Yeovil Central,7,16515.57,17239.714285714286,14518.285714285714,13508.57142857143,16732.85714285714,11565.857142857143,19796.14285714286,20140.14285714286,19968.14
E05014391,Yeovil East,7,14749.71,14137.285714285714,13500,12521,15221.857142857143,13278.42857142857,12065,26213.428571428572,19139.21
E05014392,Yeovil South,7,18632.43,19736.285714285714,16437.571428571428,17978.85714285714,16668.571428571428,16881.285714285714,19647.14285714286,17310.714285714286,18478.93
E05014393,Yeovil West,6,16164.17,14675,13681.166666666666,14111.166666666666,16421.833333333332,13596.666666666666,16696.5,27360,22028.25
E05014394,Ampthill,8,28332.62,26877.125,28091.875,23379.5,27928.625,26539.125,18563.625,23115.375,20839.5
E05014395,Arlesey & Fairfield,5,22190.6,21508.8,22312.2,22208.8,22387.2,23930,6138.2,24121,15129.6
E05014396,Aspley & Woburn,4,21976.5,25547.25,26249.25,19544.75,26676.25,24781.5,8222.25,9469,8845.62
E05014397,Barton-le-Clay & Silsoe,5,27754.2,26138.4,27058.4,23335.2,28118.6,25516.2,11266.2,27375,19320.6
E05014398,Biggleswade East,6,23716.17,21092.666666666668,23206.833333333332,19035.5,21715.833333333332,24938.666666666668,11164.833333333334,32293,21728.92
E05014399,Biggleswade West,8,20130.25,19407.375,19460.5,13982.375,17144.875,21006,16428,21465.875,18946.94
E05014400,Caddington,6,19856.33,21998.666666666668,22709.333333333332,17201.166666666668,22977.666666666668,20293.666666666668,7756,15895.833333333334,11825.92
E05014401,"Clifton, Henlow & Langford",7,24960.43,21900.428571428572,25324.14285714286,21471,26530.571428571428,26027.285714285714,8799.42857142857,27743.428571428572,18271.43
E05014402,Cranfield & Marston Moretaine,11,24604.18,23451.81818181818,26395.090909090908,19241.545454545456,24748.81818181818,25218.81818181818,7560.272727272727,27220.81818181818,17390.55
E05014403,Dunstable Central,4,17809,17742,17937.5,14568.25,17789.5,10153,23217.5,14759.25,18988.38
E05014404,Dunstable East,6,24553.67,21098.833333333332,26431.5,16059.5,26230.833333333332,17015.166666666668,24900,19922.666666666668,22411.33
E05014405,Dunstable North,6,15545.67,13329.833333333334,14217.166666666666,9149,16644.666666666668,14369.333333333334,19694.666666666668,28194.166666666668,23944.42
E05014406,Dunstable South,3,15949.33,14564.333333333334,15385,11121.666666666666,17679.333333333332,10608,18873,23088.666666666668,20980.83
E05014407,Dunstable West,5,29670.4,28269.6,28251.8,22063.6,28203.6,26438.2,22873.2,26965.6,24919.4
E05014408,Eaton Bray,3,19360.33,23072.666666666668,20268,13492,23012.666666666668,23378.666666666668,3799.6666666666665,21881.666666666668,12840.67
E05014409,Flitwick,9,27341.78,26058,26521.444444444445,19840.666666666668,24738,23414.222222222223,24632,25634.88888888889,25133.44
E05014410,Heath & Reach,2,13460,16081.5,15946,11391,21567,13701,4364,7689,6026.5
E05014411,Houghton Conquest & Haynes,3,20727,20875,24864.666666666668,17037.666666666668,24745.333333333332,26439.666666666668,4579,17122.666666666668,10850.83
E05014412,Houghton Regis East,6,12749.83,11707,12089.666666666666,6431.5,14942.166666666666,10248,18024.5,28429,23226.75
E05014413,Houghton Regis West,4,14388.75,11124.75,14619.75,9319.75,15667.25,10634,18526.5,28671.75,23599.12
E05014414,Leighton-Linslade North,9,23631.22,22160,24585,17458.666666666668,23640.666666666668,20180.11111111111,18315.555555555555,26770.333333333332,22542.94
E05014415,Leighton-Linslade South,11,24140.18,20834.545454545456,23646.454545454544,19377.545454545456,20684.545454545456,21315,18640.81818181818,27841.272727272728,23241.05
E05014416,Leighton-Linslade West,9,27931.22,25977.88888888889,26044.555555555555,26780.666666666668,25928.11111111111,25925.555555555555,20076.555555555555,21686.444444444445,20881.5
E05014417,Meppershall & Shillington,2,23896,23829.5,26493,20101.5,25170,26287,5503,23444.5,14473.75
E05014418,Northill,3,14391,19716,19221,12374.666666666666,21507,23674.666666666668,1311.6666666666667,11414.333333333334,6363
E05014419,Potton,5,20032.6,23138,24287.4,17858.2,25324.6,20465.4,4084.2,16889.6,10486.9
E05014420,Sandy,8,18410.88,18182.375,18129,13215.25,18987.625,16636.875,15056.5,21947,18501.75
E05014421,Shefford,5,24032,22618,24296.2,21032.8,22664.8,21707.8,16169.4,25693.4,20931.4
E05014422,Stotfold,4,23833.25,20053,22925.5,20400.5,25846.5,23411,10370,27136.75,18753.38
E05014423,Toddington,6,25110,25193.333333333332,26711.833333333332,23393.5,26810.666666666668,21680.666666666668,10079,18891.666666666668,14485.33
E05014424,"Westoning, Flitton & Greenfield",2,26563,27707.5,26758,21219,28795.5,28720.5,7934.5,21634,14784.25
E05014425,"Ashby de la Launde, Digby & Scopwick",2,17841.5,22692.5,18636.5,22142,20731.5,32309.5,1738,11211.5,6474.75
E05014426,Bassingham Rural,1,22979,24956,24267,28535,23835,31681,4263,10257,7260
E05014427,Billinghay Rural,3,9871,15760,11674.666666666666,10210,13093.666666666666,25984.333333333332,1073,5894.666666666667,3483.83
E05014428,Bracebridge Heath,3,26718.67,24736.666666666668,23337,22625.333333333332,25916.333333333332,25880.666666666668,16650.333333333332,29045,22847.67
E05014429,Branston,3,23125,21130.666666666668,21459,21201,22780,29270.666666666668,8778.333333333334,28095,18436.67
E05014430,"Cranwell, Leasingham & Wilsford",3,26210,27835.666666666668,26147.333333333332,27824.333333333332,25458.666666666668,31413.666666666668,4769.333333333333,24452.666666666668,14611
E05014431,Heckington Rural,3,19161,18851.333333333332,17840,13801,23352,27771,7054.333333333333,21330.333333333332,14192.33
E05014432,Heighington & Washingborough,4,25657.25,24944.75,22487.75,20884.5,24103.75,30060.5,11226,28421.75,19823.88
E05014433,Helpringham & Osbournby,1,14816,20173,19407,17058,27463,24927,933,4326,2629.5
E05014434,Hykeham Central,5,25763.4,23822.2,20040.4,18422.8,21428.2,25571.4,29057.4,27355.6,28206.5
E05014435,Hykeham Fosse,4,25901,22056,23838.75,21631.5,24221.5,25862,16733,30924,23828.5
E05014436,Hykeham Memorial,2,23412,20819,19417.5,20993,16810,23101,26745,23638.5,25191.75
E05014437,Kirkby la Thorpe & South Kyme,1,21903,23418,19442,19654,20690,29887,9547,13777,11662
E05014438,Metheringham Rural,3,19539.67,19964,17888.333333333332,18789,21217,23632.666666666668,6653,21005,13829
E05014439,Navenby & Brant Broughton,3,19378.67,22336.666666666668,20232,22154.333333333332,24707,27561,4866,13066.666666666666,8966.33
E05014440,Ruskington,3,20033.67,18548.333333333332,15812.333333333334,16501,19260.666666666668,27556.666666666668,10913.666666666666,28658.333333333332,19786
E05014441,Skellingthorpe & Eagle,3,23098.67,23753.333333333332,22120.666666666668,19524,24206.666666666668,25668.333333333332,7288.333333333333,23689.333333333332,15488.83
E05014442,Sleaford Castle,2,15755.5,12445,14049.5,12020.5,14229.5,15776,30261.5,18653.5,24457.5
E05014443,Sleaford Holdingham,2,16889,13521,13002.5,12379,17206,17038,21682,29884.5,25783.25
E05014444,Sleaford Navigation,1,13936,13512,8587,13087,11970,12718,31500,18699,25099.5
E05014445,Sleaford Quarrington & Mareham,4,29062.25,26323.5,27634.5,23991,26527.5,28404.75,18612,32606.75,25609.38
E05014446,Sleaford Westholme,2,12029.5,11639,8893.5,7120.5,12896.5,14211.5,30357.5,15517,22937.25
E05014447,Waddington Rural,5,26965.2,25153.8,23742,24313.4,24534,28604.2,13728.6,28911.4,21320
E05014448,Witham St Hughs & Swinderby,3,24879.33,24067.666666666668,29065,25916.666666666668,21985,25082.666666666668,5057.666666666667,25865.666666666668,15461.67
E05014449,All Saints,3,7947.67,14277,10425,6576,12296.666666666666,12468,162,19036,9599
E05014450,Chatham Central & Brompton,10,5164.9,6027.8,5841.9,7187.3,7672.6,3477.1,5325.7,12145.1,8735.4
E05014451,"Cuxton, Halling & Riverside",4,22224.75,25125.5,24684.5,18845.75,22619,19755.75,4177,25439.5,14808.25
E05014452,Fort Horsted,3,24310,24133.666666666668,23727.333333333332,21644.666666666668,21192.333333333332,16219.666666666666,14598.666666666666,23508.333333333332,19053.5
E05014453,Fort Pitt,7,12538.14,11698,11356.857142857143,14723.42857142857,13505.857142857143,8335.857142857143,14138.714285714286,14945.714285714286,14542.21
E05014454,Gillingham North,9,7661.44,9542.333333333334,9476.111111111111,7982.888888888889,9649.555555555555,4225.888888888889,6424,13927.777777777777,10175.89
E05014455,Gillingham South,9,5871,7420.888888888889,7448.888888888889,7745.666666666667,8871.777777777777,2980.8888888888887,9618.777777777777,4635.333333333333,7127.06
E05014456,Hempstead & Wigmore,6,30178.5,31422.5,29446.833333333332,23902.166666666668,29134.166666666668,27080.333333333332,12529.666666666666,28127.833333333332,20328.75
E05014457,Hoo St Werburgh & High Halstow,7,14479.43,17981.85714285714,16416.571428571428,11826.714285714286,17853.428571428572,14518.42857142857,2781.5714285714284,25892.428571428572,14337
E05014458,Lordswood & Walderslade,9,19439,19250.777777777777,18903,15699.666666666666,17373.777777777777,18439.555555555555,9231.777777777777,28003.333333333332,18617.56
E05014459,Luton,6,4839.17,5732.5,5170.833333333333,5504.166666666667,7554.5,2276.5,5321.833333333333,11948.5,8635.17
E05014460,Princes Park,7,16587.57,16753.14285714286,17914,14369.142857142857,16789.14285714286,11641,6342,29418.85714285714,17880.43
E05014461,Rainham North,9,17468.67,16823.555555555555,16622.666666666668,13099.888888888889,17658.88888888889,12615.555555555555,16121.222222222223,21576,18848.61
E05014462,Rainham South East,9,23689.67,22591.666666666668,22865.88888888889,14789.666666666666,22746.222222222223,21871.333333333332,17787.444444444445,23305.88888888889,20546.67
E05014463,Rainham South West,6,25882.5,25301.333333333332,23039.833333333332,19721.833333333332,24313.333333333332,20850.5,24396.833333333332,23344,23870.42
E05014464,Rochester East & Warren Wood,8,14143.12,12612.125,12964.25,13801.125,14051.875,11023.75,19105.125,18808.625,18956.88
E05014465,Rochester West & Borstal,7,16023.43,16962.714285714286,18196.571428571428,18844.428571428572,17224.14285714286,7394.714285714285,18136.285714285714,14160.142857142857,16148.21
E05014466,St Mary's Island,2,29084.5,26366.5,28346.5,27318,26358,26023,12233.5,32634,22433.75
E05014467,Strood North & Frindsbury,9,16108,18021.333333333332,16858.777777777777,13885.888888888889,17688.333333333332,11734.666666666666,9489.777777777777,15227.666666666666,12358.72
E05014468,Strood Rural,8,19262.88,21906.25,20321,16153.875,19641.625,18073.125,6296.875,22637.5,14467.19
E05014469,Strood West,9,9561.11,10514.222222222223,10292.555555555555,7548.111111111111,11573.888888888889,7735.888888888889,7558.666666666667,20761.88888888889,14160.28
E05014470,Twydall,6,11608,12449,10075.833333333334,7063.5,12057.666666666666,8391.833333333334,17960,25861.333333333332,21910.67
E05014471,Watling,10,13652.1,15775.5,13824.3,12339.3,14146.2,7469.7,18152.9,12825,15488.95
E05014472,Wayfield & Weeds Wood,6,7531.17,8067.333333333333,6936.166666666667,6709.5,8024,7019,7204.833333333333,25880.333333333332,16542.58
E05014473,Anglesey,4,7321.5,6467.75,12050,2298.5,11285.25,12772.5,18034.75,5767.75,11901.25
E05014474,Bagots & Needwood,8,26408.75,29333,27982.75,30509.75,25183,30873.625,8380.75,15912.125,12146.44
E05014475,Blythe,2,21236.5,30580,30069.5,19777.5,23780.5,32747,3383,6907,5145
E05014476,Branston,5,23282.8,16622,23209.6,21754.6,20705,26407.4,14458.6,28335,21396.8
E05014477,Brizlincote,3,30524,29399,27774.666666666668,25465,23979.333333333332,29165,25606.333333333332,26855.333333333332,26230.83
E05014478,Burton & Eton,6,6929.33,6300.666666666667,8379.833333333334,4701.5,6332.333333333333,9474,24850,10641.833333333334,17745.92
E05014479,Crown,2,18102,30044,26666.5,23599,16188.5,29898,1473,4820,3146.5
E05014480,Dove,5,24847.2,23286.6,24626.6,23777.8,20069.6,30229.6,11876.8,23528.4,17702.6
E05014481,Heath,5,19057.2,17601.4,19174.4,12059.4,14784,22385.6,15971.6,26869.6,21420.6
E05014482,Horninglow & Outwoods,6,16795.67,15320.833333333334,16184.333333333334,11293.5,13647.5,20700.833333333332,22252.833333333332,19062.333333333332,20657.58
E05014483,Shobnall,4,8526,7367.75,10712.75,4226.5,10365,15483.75,21524.5,7499.25,14511.88
E05014484,Stapenhill,5,8416.4,8332,7678.4,5880.2,5687,9473.4,25359.8,21748,23553.9
E05014485,Stramshall & Weaver,3,20026.67,24401.333333333332,24143.666666666668,21405.666666666668,19844.666666666668,27838.666666666668,5471.333333333333,7641,6556.17
E05014486,Stretton,6,26935.83,25538.166666666668,24615,23302.166666666668,19947.333333333332,27841.5,20615.833333333332,26722.5,23669.17
E05014487,Town,3,23664.67,22158.333333333332,21848.333333333332,23524.666666666668,17103.666666666668,21008.666666666668,25274.333333333332,21028.666666666668,23151.5
E05014488,Winshill,5,13863,13574.6,12672,11442.2,10111.2,15936.8,20273.6,20449.4,20361.5
E05014489,Great Dunmow North,3,23707.67,18820.333333333332,22735,19250.333333333332,26836.666666666668,18223,19140.333333333332,28091,23615.67
E05014490,Thaxted & the Eastons,3,20211,23968.333333333332,23627.333333333332,17757.666666666668,29688,21880.666666666668,5393,11988.666666666666,8690.83
E05014491,Biddenham,2,28564,24045,31002,29388,30430,21537,9585,28450,19017.5
E05014492,Brickhill,6,23237.83,21550,20468.5,19786.666666666668,19331.333333333332,24037.166666666668,17171.166666666668,29355.666666666668,23263.42
E05014493,Bromham,4,27080.75,29078.5,27342.75,29036,24853.5,30990.75,6321.5,23526.25,14923.88
E05014494,Castle & Newnham,6,19264.5,21930.333333333332,22715.666666666668,22823.166666666668,17815.333333333332,13373,24184.333333333332,6347,15265.67
E05014495,Cauldwell,7,7832,7035.857142857143,9127.57142857143,6459.714285714285,7657.714285714285,9296.857142857143,14998.714285714286,15170.285714285714,15084.5
E05014496,Clapham & Oakley,4,22501.75,22484.5,23757.25,20599.75,20503.5,23378.5,8748.25,22365.25,15556.75
E05014497,De Parys,5,17286.4,19220.6,15768.2,19914.2,11673,16432.8,24453,12577.4,18515.2
E05014498,Goldington,6,13523.33,11321.5,11880.666666666666,11188.333333333334,11724.333333333334,14814.833333333334,16866.833333333332,27598.166666666668,22232.5
E05014499,Great Barford,2,20433.5,23115,21378,21986,21936.5,22996,2912.5,22694,12803.25
E05014500,Great Denham,3,22514.33,17568,24984,22564.333333333332,21266.666666666668,21744.333333333332,6706.666666666667,32950.333333333336,19828.5
E05014501,Greyfriars,2,2413.5,4037.5,3819.5,3161,3331,643.5,10316.5,4180,7248.25
E05014502,Harpur,6,9995.67,11458,9865.333333333334,12868.166666666666,7921.166666666667,9455.5,18006,6878.833333333333,12442.42
E05014503,Harrold,3,18701.67,23367.666666666668,22413.333333333332,23008.333333333332,24361.333333333332,22843,2865.3333333333335,9321.666666666666,6093.5
E05014504,Kempston Central & East,6,13272.67,12313,12993.666666666666,8967,12321,15113.666666666666,20439.333333333332,17511.833333333332,18975.58
E05014505,Kempston North,3,11603,10343.333333333334,10089.333333333334,8430,9910.333333333334,12301.333333333334,18081.666666666668,24484,21282.83
E05014506,Kempston South,3,21179.67,17996.333333333332,21666.666666666668,11473.666666666666,19706.666666666668,21271,23733.666666666668,20772.333333333332,22253
E05014507,Kempston West,3,23276,19293,22971.666666666668,18638.333333333332,20332.333333333332,22596.666666666668,17939.666666666668,23445.333333333332,20692.5
E05014508,Kingsbrook,6,8932.33,7954,9549.833333333334,5401.666666666667,9059,10399.666666666666,15869.333333333334,20598.166666666668,18233.75
E05014509,Putnoe,6,27242.17,25883.833333333332,23644.5,21823,22126.166666666668,25313.833333333332,26912.333333333332,31272.833333333332,29092.58
E05014510,Queens Park,5,6626.6,3966.8,9968.8,3276,10665.8,12496,10919.2,13650.2,12284.7
E05014511,Renhold & Ravensden,2,21749,21503,23784.5,20008,18804.5,23471.5,6757,21920,14338.5
E05014512,Riseley,2,18881,22739.5,22717,21004.5,23844.5,26815.5,1337,15318.5,8327.75
E05014513,Riverfield,3,21729.33,18386.666666666668,22566.666666666668,18525,20540.333333333332,19977.333333333332,13891,25919,19905
E05014514,Sharnbrook,3,21943.33,27870.666666666668,26547.666666666668,29360,24053.333333333332,27893.666666666668,3216,9347,6281.5
E05014515,Shortstown,4,17928.25,17286,22249.5,18489.25,15100.5,18468.25,3850.5,27247.5,15549
E05014516,Wixams & Wilstead,7,20193.71,19010,23447.285714285714,18623.14285714286,17239.85714285714,24126.571428571428,8317.857142857143,22585,15451.43
E05014517,Wootton & Kempston Rural,5,23731.6,22753.2,26063.2,21653.8,21601.6,22951.4,7490.2,26093.4,16791.8
E05014518,Wyboston,3,16253,25963,24366.333333333332,21222.666666666668,22017.666666666668,22339.666666666668,1069.6666666666667,3863.6666666666665,2466.67
E05014519,Ashton Hurst,8,10069.75,10261,8508.375,12014.125,8130.125,7275,13898.5,20550.375,17224.44
E05014520,Ashton St Michael's,7,8240.71,9561.42857142857,8104.285714285715,10600.285714285714,7041.428571428572,4950.428571428572,19082,8588,13835
E05014521,Ashton Waterloo,7,10054,9967.857142857143,9060,10890.285714285714,7747.428571428572,8283.57142857143,19030.714285714286,16122,17576.36
E05014522,Audenshaw,8,16292.38,17304.375,16449.25,16738.125,12378.75,12122.375,20553,11701.75,16127.38
E05014523,Denton North East,7,13298.14,14492.142857142857,12648.142857142857,13184.57142857143,9739.142857142857,10199.142857142857,21890.85714285714,13430.857142857143,17660.86
E05014524,Denton South,7,8066.71,9523.285714285714,7000.142857142857,7606.142857142857,6193,6129.142857142857,15877.857142857143,20030.85714285714,17954.36
E05014525,Denton West,9,18497.33,20325.666666666668,17944.444444444445,18281.444444444445,13529.555555555555,17464.777777777777,17037.222222222223,13081.222222222223,15059.22
E05014526,Droylsden East,7,12483.57,13028.857142857143,11710.57142857143,15308,9498.42857142857,8083.857142857143,17279.85714285714,14545.714285714286,15912.79
E05014527,Droylsden West,8,11283,11555.125,10554.125,12173.25,9178,10315.375,18283,11529.375,14906.19
E05014528,Dukinfield,8,9490.12,10260.5,8313.625,10483.25,6485.625,7576.375,21516.5,12945.625,17231.06
E05014529,Dukinfield Stalybridge,8,14715.75,15712.875,13622,15852.625,9550.75,11545,24064.625,18842,21453.31
E05014530,Hyde Godley,7,11630.14,12650.714285714286,10743,13428.285714285714,8671.714285714286,9225.142857142857,18298.285714285714,13221.285714285714,15759.79
E05014531,Hyde Newton,6,10033.33,10700.333333333334,9265.166666666666,11863.166666666666,6135.333333333333,7712.5,19998.833333333332,17596.333333333332,18797.58
E05014532,Hyde Werneth,8,15254.38,15966.125,15369.25,17995.75,10891.5,12471.375,20625.125,9061.125,14843.12
E05014533,Longdendale,8,7691.12,10377.625,8308,11864.75,7094,6902,3996,17314.125,10655.06
E05014534,Mossley,7,13808.71,17235.85714285714,15193.142857142857,22571.714285714286,13007.714285714286,11682,6099.285714285715,10439,8269.14
E05014535,St Peter's,8,2508.38,2783,3377,5021.375,2713.875,3332.125,10463.375,6457,8460.19
E05014536,Stalybridge North,7,10921.43,11696.857142857143,10675.714285714286,13356.714285714286,9037.142857142857,8137.428571428572,19607,19162.571428571428,19384.79
E05014537,Stalybridge South,7,18077.86,19626.428571428572,17124.714285714286,21531.571428571428,14406.42857142857,15695.42857142857,17913.85714285714,17583,17748.43
E05014538,Ansdell & Fairhaven,3,23548.67,26239.333333333332,21243.666666666668,29084.666666666668,16167,20849.666666666668,22630.333333333332,8692.333333333334,15661.33
E05014539,Ashton,4,13158.5,13739,10261.5,15707.25,9329,14606,29874.5,8100,18987.25
E05014540,Carnegie,3,17013.67,20467,14094,20502.333333333332,11680.333333333334,17395,28085.666666666668,8447,18266.33
E05014541,Freckleton Village,3,23255,24555.333333333332,21838,21487.333333333332,18547,26191.333333333332,10874.666666666666,17997.666666666668,14436.17
E05014542,Heyhouses,5,20431.8,18248.2,16178.2,20059.8,15848.2,24637.8,23437.6,19707.2,21572.4
E05014543,Kilgrimol,3,13224.67,14591,9156,15597.666666666666,10005.666666666666,13874,29537.666666666668,12689.333333333334,21113.5
E05014544,Kilnhouse,4,19461,20456.25,15476.25,16202,13773.5,23811,20917,19435.75,20176.38
E05014545,Kirkham,5,21934.2,20872.4,19671.8,17767.4,17472.8,22354.4,26158.4,19506.4,22832.4
E05014546,Lytham East,3,24578.67,22157.333333333332,20483,26132.333333333332,20838.666666666668,24357.666666666668,21474.333333333332,18125.333333333332,19799.83
E05014547,Lytham West,3,25074.67,27937.333333333332,24150.333333333332,26026,20124.666666666668,23522,28244.666666666668,9687,18965.83
E05014548,Medlar-with-Wesham,2,17884.5,15371,15567.5,16857,11290,15676,26754.5,23409.5,25082
E05014549,Park,2,30285,30611.5,28095.5,29650,23469.5,32423.5,19506,22134,20820
E05014550,Rural East Fylde,3,18565.33,18516.333333333332,17017,18702,16771.666666666668,22260,6830.666666666667,23100.666666666668,14965.67
E05014551,Rural North Fylde,2,19553,21348.5,20074,23285.5,15093,20445,7370.5,14271,10820.75
E05014552,Staining,2,18737,17026.5,17369,20483.5,13991.5,21263,9675,23850.5,16762.75
E05014553,Warton,2,15495.5,13442.5,13794,13378,12629.5,25145,9586.5,27561.5,18574
E05014554,Wrea Green with Westby,2,23894.5,24033.5,22543.5,23588,18686.5,21474,11616,25942,18779
E05014555,Abbey Hulton,4,2371.25,2964.5,2282,1175.75,1589.75,6416.75,15720,25956.25,20838.12
E05014556,"Baddeley, Milton & Norton",11,16033,17741.363636363636,14508.09090909091,14198.545454545454,11155.181818181818,18143.636363636364,15103.454545454546,19253,17178.23
E05014557,Basford & Hartshill,4,16414.75,17980,18395.25,18326,10510,17480.5,30557,5004,17780.5
E05014558,"Bentilee, Ubberley & Townsend",8,3783.38,4275.375,3786,3364.625,2374.25,5091.375,18147.625,23363.75,20755.69
E05014559,Birches Head & Northwood,8,10697.25,12099.875,10865.625,8798.375,6624.375,9915.5,26492.75,11724,19108.38
E05014560,Blurton,5,9393.2,10766.4,7203.8,8807.8,4471.8,12199.2,17847.8,25371.8,21609.8
E05014561,Boothen,2,7739.5,9094,9342,9487.5,5472,6553,27765,4188,15976.5
E05014562,Bradeley & Chell Heath,5,9449.2,8747.8,8352,5909.2,5682,15701.8,22886.8,24323.2,23605
E05014563,Bucknall & Eaton Park,4,10954.25,13055.75,10001.25,8115,7117.25,10355.5,24125.25,13356,18740.62
E05014564,Burslem,3,3918.67,4263.333333333333,3600,4323.333333333333,4032.3333333333335,3759.6666666666665,20391.666666666668,11809.666666666666,16100.67
E05014565,Burslem Park,3,3904,5723,5640,3668.3333333333335,3803.3333333333335,4031.6666666666665,27206.666666666668,1096.6666666666667,14151.67
E05014566,Dresden & Florence,4,6166.5,8001.25,6199.5,6103.5,3506.75,6667.75,19986.75,8139.75,14063.25
E05014567,Etruria & Hanley,3,3064.67,2359,5085,2890.6666666666665,3768.3333333333335,4708,15071,4504,9787.5
E05014568,Fenton East,4,6738,9262.25,6982.5,4764.5,3881,4537.5,29694,10889,20291.5
E05014569,Fenton West & Mount Pleasant,4,4663,6842.5,5218.75,5500.5,3672.5,5720.75,26227,3023.25,14625.12
E05014570,Ford Green & Smallthorne,3,5847.67,6331.666666666667,6160.666666666667,6335.666666666667,4276.666666666667,4237.666666666667,21188.666666666668,11070.333333333334,16129.5
E05014571,Goldenhill & Sandyford,3,9835,8917,10037.333333333334,8070.666666666667,6155,10227,25339,17943,21641
E05014572,Great Chell & Packmoor,6,12346.5,13254.833333333334,11606.5,10905.166666666666,7044.833333333333,13490,20179.166666666668,20095,20137.08
E05014573,"Hanford, Newstead & Trentham",10,24535.9,25729.7,22494,23171.7,13821.9,25307.8,20052.6,28756,24404.3
E05014574,"Hanley Park, Joiner's Square & Shelton",9,7028.78,9269.111111111111,11211.111111111111,5564.888888888889,4283.555555555556,7284.555555555556,19131.333333333332,7583.444444444444,13357.39
E05014575,Hartshill Park & Stoke,3,8407.33,12467.333333333334,11399.333333333334,12535,5390.333333333333,5715,29497.333333333332,1050,15273.67
E05014576,Hollybush,3,10721.67,10473.666666666666,9764.666666666666,7699.666666666667,6166,14474.666666666666,22105.666666666668,21814.666666666668,21960.17
E05014577,Lightwood North & Normacot,4,12925.75,11748.5,13073.75,10918.75,10234.5,18331.75,13396.75,13774.25,13585.5
E05014578,Little Chell & Stanfield,4,6986.5,7223,5987.25,6725,5323,8002,26820.25,16670.25,21745.25
E05014579,Longton & Meir Hay South,4,11754.5,13563.75,10409.5,8648.5,6046.25,15373.25,21105.75,19689,20397.38
E05014580,"Meir Hay North, Parkhall & Weston Coyney",8,16945.5,18286.75,15724.5,12522.125,8940.125,18917.25,18187,25880.875,22033.94
E05014581,Meir North,4,4512.75,5432,4276.5,5437.5,3466,4748.5,14630.25,19241.5,16935.88
E05014582,Meir Park,3,26472.33,29631.333333333332,24349.666666666668,21748,15893.333333333334,21882.666666666668,15676.666666666666,32580.333333333332,24128.5
E05014583,Meir South,4,6691,6526.5,6240.75,7312,5793.25,7168.5,9481,21446.75,15463.88
E05014584,Moorcroft & Sneyd Green,8,10025.62,9815.5,10080.125,7409.625,7040.125,10784.75,24207.625,15594.125,19900.88
E05014585,Penkhull & Springfields,3,13576.33,13837,11295.666666666666,14217,8027,15113.333333333334,28714.333333333332,13752.666666666666,21233.5
E05014586,Sandford Hill,4,9550.25,10506.75,8121,7088.25,4853,10341.75,27326.5,19731.75,23529.12
E05014587,Trent Vale & Oak Hill,4,11621,11708,11189.25,11332,7061.5,16541.25,30956.25,9845,20400.62
E05014588,Tunstall,4,3308,3055.75,3983.75,3735,3235.75,3061.75,27046.75,6958,17002.38
E05014589,Ashbourne North,2,20176,20188.5,17636,19301,18838.5,16870,19860,18245.5,19052.75
E05014590,Ashbourne South,4,23681.75,22316.25,23312.75,23130.5,24769.75,24561,16370.25,19225,17797.62
E05014591,Bakewell,3,22301.67,23259.666666666668,23498,23367.666666666668,19772,28033.333333333332,17024.333333333332,8751,12887.67
E05014592,Bonsall & Winster,2,19208,26555.5,23532.5,24168.5,21493.5,23869.5,7777.5,2199,4988.25
E05014593,Bradwell,1,22363,26809,27077,20063,27301,30792,8282,3631,5956.5
E05014594,Brailsford,1,26624,30476,29762,30549,29453,30959,4298,10836,7567
E05014595,Calver & Longstone,2,23652,29407.5,28551,30080.5,29171.5,29765.5,6263,3874,5068.5
E05014596,Chatsworth,1,27490,31563,29805,30860,28756,31235,9694,6305,7999.5
E05014597,Cromford & Matlock Bath,1,18076,19573,15200,17846,19967,25761,17396,5261,11328.5
E05014598,Darley Dale,4,22279.25,23462.25,21514,22685.75,21548.25,25435.25,13217.75,14127.75,13672.75
E05014599,"Dovedale, Parwich & Brassington",2,16002,27958.5,29257.5,24044,27280.5,27364,1181,347.5,764.25
E05014600,Doveridge & Sudbury,1,22775,28541,29040,19877,32355,30450,5983,3398,4690.5
E05014601,Hartington & Taddington,1,14553,26780,29000,13372,29588,27351,1594,188,891
E05014602,Hathersage,2,25537.5,28007.5,26889,28148,30256,28786,9973.5,6400,8186.75
E05014603,Hulland,1,24354,31043,29420,27501,28788,32620,2080,9545,5812.5
E05014604,Matlock East & Tansley,4,19642.75,19600.25,18219,19866.75,16469.75,17904.25,21238.75,18166,19702.38
E05014605,Matlock West,4,21703.75,22738.25,16592.25,25496.75,14865.25,20647.25,29216,14084.25,21650.12
E05014606,Norbury,1,18895,30503,31041,26749,31038,29878,532,2050,1291
E05014607,Tideswell,1,18192,24092,22396,17669,22688,24333,8565,2164,5364.5
E05014608,Wirksworth,4,20762,20229.5,18374.25,19606.25,19048.5,25491.5,18937.5,13909.75,16423.62
E05014609,Youlgrave,1,18407,26287,25358,21131,24456,29292,2755,2405,2580
E05014610,Bancroft,2,5816,7509,5073,4138,5477.5,3804.5,32710.5,7945.5,20328
E05014611,Berry Hill,2,32724.5,31389,31383.5,30097,25946,31490.5,26187.5,29850,28018.75
E05014612,Brick Kiln,3,14504.33,13776.666666666666,11113.666666666666,10593.666666666666,10987.333333333334,15175.333333333334,30323.666666666668,22080,26201.83
E05014613,Carr Bank,2,3770,6263.5,4349,2948,3639.5,1141,26466,11852.5,19159.25
E05014614,Central,1,4243,7066,5034,3040,4998,924,28092,4882,16487
E05014615,Eakring,2,10421.5,11164,9714,8328,6564.5,9914,27318,11730,19524
E05014616,Grange Farm,1,27949,27559,24625,20221,19617,27569,32626,18866,25746
E05014617,Holly Forest Town,3,27192.33,26484.333333333332,23354,21784,15350.666666666666,25610.666666666668,28334.333333333332,30051.666666666668,29193
E05014618,Hornby,2,20761,20698.5,15803.5,19454,12995,23422.5,24306,30249,27277.5
E05014619,Kings Walk,2,28583,25514,29576,24118.5,16894.5,24733.5,25021.5,29155.5,27088.5
E05014620,Kingsway Forest Town,2,14217,13873.5,11556.5,9159,9710.5,14572,31298.5,22059,26678.75
E05014622,Ling Forest,2,24884,25729,21320.5,16263,16825.5,21450,29388,25020,27204
E05014623,Manor,2,19500,19645,15142,12211,13289,21308,31785.5,24900.5,28343
E05014624,Market Warsop,3,7165.67,9404.666666666666,5351,4083.3333333333335,5452,13506,11732.333333333334,20407.333333333332,16069.83
E05014625,Maun Valley Forest Town,1,18234,18071,13772,15477,10306,16796,30663,24846,27754.5
E05014626,Meden,1,6329,7408,4417,5258,4431,12135,9424,27130,18277
E05014627,Mill Lane,2,17422.5,16979.5,14127.5,13998.5,11496.5,19881.5,32414.5,15016.5,23715.5
E05014628,Netherfield,2,6364.5,9137,5154.5,3664.5,6062.5,12335.5,4871,25223,15047
E05014629,Newlands Forest Town,2,12183.5,11490,9580,7794,8478,18667.5,22689.5,27218.5,24954
E05014630,Oak Tree,2,1128.5,1754.5,587,861,1707.5,908.5,20849,24341,22595
E05014631,Oakham,2,23674,23664,19793.5,23240,19822.5,18210.5,32924.5,11475,22199.75
E05014632,Park Hall,2,15589.5,17369.5,10300,11917.5,7497.5,21254,28982,30237,29609.5
E05014633,Penniment,2,9291.5,8288.5,6408,4446.5,8576,13475.5,30858.5,29421,30139.75
E05014634,Pleasley,1,12763,13228,9804,10978,7859,17105,20263,18630,19446.5
E05014635,Racecourse,2,14119.5,16320.5,12669,9894,7007.5,13978,26143,18847,22495
E05014636,Rock Hill,2,6032.5,9164.5,7858.5,3315,5962.5,4454.5,29513,3112,16312.5
E05014637,Rufford,2,9783,9351,6478,10615,6801,10711.5,29273,20786.5,25029.75
E05014638,Sherwood,2,13690.5,15307,11054,11210,8428,9064,32570,19299.5,25934.75
E05014639,Southwell,2,5859.5,7955.5,4123,3727.5,4542,10859,18838.5,17525.5,18182
E05014640,Thompsons,2,29612.5,31824.5,24713,25138.5,19734,25923.5,26075.5,26036.5,26056
E05014641,Vale,2,4062,3726.5,3268.5,1728,3295,8830.5,30432,21381.5,25906.75
E05014642,Wainwright,2,4935,5087.5,2839.5,5941,5246,4668,32418.5,16053,24235.75
E05014643,Warsop Carrs,2,7589,9256.5,7053,6847,3757,10761,10070,22614,16342
E05014644,West Bank,2,7068,9381.5,7408.5,5830.5,3904,4862.5,33272,8959.5,21115.75
E05014645,Yeoman Hill,2,7513,8822,6665.5,5562,6909.5,9442.5,31748.5,5818.5,18783.5
E05014646,Alexandra,7,1024,1291.7142857142858,1751,1372.5714285714287,2401.4285714285716,1861.5714285714287,6408.571428571428,10464.857142857143,8436.71
E05014647,Chadderton Central,6,4978.5,3693.8333333333335,5120.833333333333,6860.666666666667,6451.833333333333,5495.666666666667,16973,11101,14037
E05014648,Chadderton North,7,24013,24427.428571428572,23251.571428571428,23088.285714285714,18833.85714285714,17202.85714285714,24363.571428571428,15731,20047.29
E05014649,Chadderton South,8,11947.75,11371.75,11790.625,11589,9424.25,10199.5,24132,10788.375,17460.19
E05014650,Coldhurst,8,1454.88,1023.625,2595.625,1980.375,4503.75,4990.125,3736.625,7182.75,5459.69
E05014651,Crompton,7,16757.43,18137.14285714286,14129.142857142857,16600.14285714286,12532.285714285714,14635.57142857143,22204,14748.142857142857,18476.07
E05014652,Failsworth East,6,11789.33,13032.666666666666,11663.5,11360.833333333334,10512,7681.833333333333,26889.666666666668,8383.166666666666,17636.42
E05014653,Failsworth West,8,13207.88,14104.625,11835.75,12504.25,9956.875,10080.25,25012.25,11868.5,18440.38
E05014654,Hollinwood,8,3314,3795.25,2896.5,3404.625,4611.625,2859,23048.5,14686.625,18867.56
E05014655,Medlock Vale,8,3891.25,3663.375,4887.375,3912,6600,6908.125,11302.5,12408.625,11855.56
E05014656,Royton North,7,15709.29,17691.14285714286,15150.857142857143,15211.857142857143,12163.142857142857,10579.857142857143,18428,14077,16252.5
E05014657,Royton South,7,14916.14,15609,15086.57142857143,15451.714285714286,10762.42857142857,10982,22715.571428571428,11858.714285714286,17287.14
E05014658,Saddleworth North,7,19674.71,28277.714285714286,25586.85714285714,27997.571428571428,21472.714285714286,19386.714285714286,3957.8571428571427,6159.285714285715,5058.57
E05014659,Saddleworth South,5,24150.4,27425.4,25377.8,29206,26030.6,20518.8,7424.8,10724.8,9074.8
E05014660,Saddleworth West & Lees,8,15987.75,18196.5,14838.5,17683.25,12697.375,13516.625,17001.625,10483.25,13742.44
E05014661,Shaw,7,12548.57,14874,12279.285714285714,15682.42857142857,9054.142857142857,9465.42857142857,18438.714285714286,9186,13812.36
E05014662,St James',7,9090.43,10367.714285714286,9690.142857142857,9135,8454.857142857143,6856.714285714285,10684.714285714286,16613.714285714286,13649.21
E05014663,St Mary's,6,1533.67,1935.6666666666667,3068.1666666666665,1651.1666666666667,4546.166666666667,5822.666666666667,5813.5,2878.8333333333335,4346.17
E05014664,Waterhead,8,5248,6088.5,6257.875,5189.75,6240.875,5188.375,13541,6630.25,10085.62
E05014665,Werneth,7,2438.57,2136,3566.4285714285716,2989.8571428571427,5759,6983.857142857143,5146.285714285715,4759.857142857143,4953.07
E05014666,Anstey,4,22987.25,19359,20550,18542.25,21420.75,16232,25891.75,24397.25,25144.5
E05014667,Barrow upon Soar,4,23401,22271.75,21779.75,24009.75,21265.5,15494,16007.5,21747.25,18877.38
E05014668,Birstall East & Wanlip,4,24738.75,21220.5,22154.75,17509.75,23327.5,22822.5,30665.25,18595.5,24630.38
E05014669,Birstall West,4,29436,25142.75,26842.25,24462.75,28929.25,24679.5,29066,25744,27405
E05014670,"Dishley, Hathern & Thorpe Acre",5,25591.6,22471.8,23341.4,21986.6,24733,18476.2,21570.6,27844.8,24707.7
E05014671,Forest Bradgate,2,23561.5,25046.5,28333,29808.5,26226.5,18531.5,5355,11558.5,8456.75
E05014672,Loughborough Ashby,5,22205,22031.2,23994.4,16887.4,19920.6,18603.6,24755,23233.4,23994.2
E05014673,Loughborough East,7,9418.71,8816.57142857143,9387.42857142857,12781.42857142857,7952.142857142857,6130.285714285715,29597.714285714286,10277.142857142857,19937.43
E05014674,Loughborough Nanpantan,2,32948.5,31237.5,31670.5,32091.5,29454.5,32089.5,21443.5,30227.5,25835.5
E05014675,Loughborough Outwoods & Shelthorpe,7,22120.43,20776.714285714286,19942.85714285714,20563.428571428572,19616.14285714286,16726,27700,26352.85714285714,27026.43
E05014676,Loughborough Southfields,4,21938.25,25143.25,25515.25,21432.25,16556.5,12370.25,28252.25,9086.75,18669.5
E05014677,Loughborough Storer,5,15984.6,16845.4,19936.2,11541,10064.6,14378.6,26769.6,13036.6,19903.1
E05014678,Loughborough Woodthorpe,3,29050,25028,27638.666666666668,28937.333333333332,29005,20202,19892,32497.333333333332,26194.67
E05014679,Mountsorrel,4,22090.75,21184.5,20788.25,18945,18934,19277.25,16701.5,27063.5,21882.5
E05014680,Quorn & Mountsorrel Castle,4,26940.75,25855,25027,29149.75,26113.75,17836.75,21198.75,19731.75,20465.25
E05014681,Rothley Brook,4,29388.25,28087.75,28647.75,30659.5,29191.5,22810,13709.25,23042.5,18375.88
E05014682,Shepshed East,4,21211.5,20552.5,18316.25,19257.5,14965.25,18331.75,28463,20380.5,24421.75
E05014683,Shepshed West,4,21126.5,19729.25,17426,19890.5,17322.25,15186.75,26166.25,23623.25,24894.75
E05014684,Sileby & Seagrave,4,17909.75,16311.25,17539.75,15819.75,20799.75,13411,8724.5,25070.25,16897.38
E05014685,South Charnwood,1,27305,23832,24574,25651,30830,17113,14589,27480,21034.5
E05014686,Syston,7,23491.71,21403.285714285714,20343.85714285714,18350.571428571428,21282,18542,27692.85714285714,21595.571428571428,24644.21
E05014687,The Wolds,2,27815.5,30399.5,31409,30045,30449.5,25789,5840.5,14251.5,10046
E05014688,Thurmaston,6,18858.67,16546.833333333332,16242.5,12524.5,17309,19472.5,28172,18180.166666666668,23176.08
E05014689,Wreake Valley,6,25187.5,25883.833333333332,23937.5,19945.833333333332,24631.5,22924.666666666668,17371.666666666668,21945.333333333332,19658.5
E05014690,Alfreton,5,9038.2,9738.8,6919.6,6574,6685.8,10301.8,32288.4,15462.2,23875.3
E05014691,Alport & South West Parishes,4,25422.25,27618.25,27821,28729.75,29052.25,27636.25,8101,14412.5,11256.75
E05014692,Belper East,6,26065.67,25222.5,22191,21765.333333333332,19138.833333333332,27339.166666666668,23784,23567.166666666668,23675.58
E05014693,Belper North,4,25126.25,25939.25,23904.5,25485.5,21524,24521.5,26900.25,10056.25,18478.25
E05014694,Belper South,3,20068.67,18980.666666666668,18375.666666666668,15345.333333333334,18129.333333333332,24103.333333333332,25459.666666666668,14068.666666666666,19764.17
E05014695,"Codnor, Langley Mill & Aldercar",5,10308.8,11587.4,8097.6,7988.2,8698,10603.6,24811,15900.6,20355.8
E05014696,Crich & South Wingfield,3,20356,20700.666666666668,18701,23638.333333333332,20501,26156.666666666668,9838.333333333334,12010.333333333334,10924.33
E05014697,Duffield & Quarndon,3,31418.67,30135.666666666668,29644.666666666668,33009,29163,27937,22246.666666666668,19684.666666666668,20965.67
E05014698,Heage & Ambergate,3,21495.67,23946.333333333332,22333.666666666668,18626.333333333332,19878.333333333332,28325,9830.666666666666,11484.666666666666,10657.67
E05014699,Heanor East,5,15282.8,15708.4,13478,11434.6,11427.8,14207.2,29691.6,15717.8,22704.7
E05014700,Heanor West & Loscoe,6,11841.83,12000.333333333334,10161.333333333334,10782.5,9775.166666666666,10207.5,28950.166666666668,12828.333333333334,20889.25
E05014701,Ironville & Riddings,4,11579,12207.25,10538.25,7545.75,11727,11545.5,19838.5,14450.5,17144.5
E05014702,"Kilburn, Denby, Holbrook & Horsley",5,23181.6,22814.2,21319.4,19800.6,20325.2,24566.6,17312.2,18039.8,17676
E05014703,Ripley,7,16345.29,17070.14285714286,13429,16058,12258.714285714286,14348.42857142857,28122.85714285714,14285.42857142857,21204.14
E05014704,Ripley & Marehay,4,15739,15002,13494,13327,11127.75,17123.25,28320.5,19934.75,24127.62
E05014705,"Smalley, Shipley & Horsley Woodhouse",4,22245.25,22344.25,20044.25,22942.75,19379.75,21424.25,17116.5,17148.25,17132.38
E05014706,Somercotes,4,7127.5,7773.25,6046,3822.5,6300.25,14148,28084.25,12192.25,20138.25
E05014707,Swanwick,4,25568.25,26485.5,22175,19679.75,19516.75,25637.75,23758.25,23226.5,23492.38
E05014708,"Ardingly, Balcombe & Turners Hill",4,24977.5,26682.25,29304,28483,31344.75,25809.25,4791.25,12907.25,8849.25
E05014709,Ashurst Wood & East Grinstead South,2,28126.5,25677.5,28824,23839,29495.5,27811.5,12212.5,23510.5,17861.5
E05014710,Burgess Hill Dunstall,3,29211.33,26472,27536,25002.333333333332,29059,26641,18841.333333333332,30037.666666666668,24439.5
E05014711,Burgess Hill Franklands,3,31910,29069.333333333332,29415.333333333332,28996.333333333332,30827.666666666668,30637.333333333332,25286,29117.666666666668,27201.83
E05014712,Burgess Hill Leylands,3,23133.67,19047,20459.666666666668,16700,21746,22339,24530,29604,27067
E05014713,Burgess Hill Meeds & Hammonds,4,27454,25532.75,25868,24848,26816.5,22021.75,27746.5,24424.5,26085.5
E05014714,Burgess Hill St Andrews,4,24053.25,20419.25,22970.75,19254.25,23082.5,19614.75,18341,28528.75,23434.88
E05014715,Burgess Hill Victoria,3,22734.33,18888.333333333332,20586.333333333332,18552.666666666668,21956.333333333332,22010.666666666668,24072,23818.666666666668,23945.33
E05014716,Copthorne & Worth,3,28306,27081.666666666668,29364.666666666668,21912,30407.333333333332,22060,13186.333333333334,24708.333333333332,18947.33
E05014717,Crawley Down,4,27854,27632,29670.5,23099.5,30644,27229,6559,29039.25,17799.12
E05014718,"Cuckfield, Bolney & Ansty",3,21882.33,24885,24217,28120.333333333332,28979.666666666668,26774.666666666668,4939,12113.666666666666,8526.33
E05014719,Downland Villages,2,17761,19832.5,22255,15955.5,27106,20876.5,2975.5,16742.5,9859
E05014720,East Grinstead Ashplats,3,24203.67,20148.666666666668,24431,18085.666666666668,28448,23701.666666666668,13448.333333333334,31049,22248.67
E05014721,East Grinstead Baldwins,2,28245.5,25835,27344,24669.5,26813.5,24795,21039.5,23192,22115.75
E05014722,East Grinstead Herontye,3,29798,25461.666666666668,29159,25528.666666666668,27238.666666666668,27526,21842.333333333332,28057.333333333332,24949.83
E05014723,East Grinstead Imberhorne,4,29506.5,25645.25,28325,24383,30055.5,28987.5,24343.25,28558.75,26451
E05014724,East Grinstead Town,4,24165,21019.75,24701.75,20597,26150.25,16135.75,21678,18762.5,20220.25
E05014725,Handcross & Pease Pottage,2,19741.5,14572.5,20213,20706,22251,16614,10519,21993,16256
E05014726,Hassocks,5,29844.4,26412.6,27339.4,29495.8,30627.8,26395.6,24296.6,23836,24066.3
E05014727,Haywards Heath Ashenground,4,25087.75,21159.75,23641.25,24407.25,26942.5,21765.25,16146.5,25409,20777.75
E05014728,Haywards Heath Bentswood & Heath,6,24514.83,19638.5,23361.5,22631.666666666668,22765.666666666668,21054.166666666668,20194,24156,22175
E05014729,Haywards Heath Franklands,4,26477,23135.75,25703.5,25275.25,28201,27956.5,8238,30584,19411
E05014730,Haywards Heath Lucastes & Bolnore,4,30674,27658.5,30811.75,30107.25,27382.25,29577.5,17072.5,31364,24218.25
E05014731,Haywards Heath North,1,33262,30147,33094,33070,32660,29556,24857,26705,25781
E05014732,Hurstpierpoint,4,26064,27435,27867.5,29612,31976,21360.5,8331.75,18758,13544.88
E05014733,Lindfield,4,31611.75,29107.75,29923,31176.75,31531.5,31387.75,19321.5,26748.75,23035.12
E05014734,Lindfield Rural & High Weald,4,24749.75,27208.5,29027.25,30124.25,31816.25,28256.75,6523.25,14234.5,10378.88
E05014735,Barnfield,6,24392.5,18216.333333333332,25272.166666666668,21036.5,25726.666666666668,24783.666666666668,12655.666666666666,26729.166666666668,19692.42
E05014736,Beech Hill,7,3505,1652.4285714285713,8096.142857142857,2450.4285714285716,11016.57142857143,14789.285714285714,2301.5714285714284,6525.428571428572,4413.5
E05014737,Biscot,5,4216.8,1797.8,8610.2,5177,9216,13359.2,3531.4,5749,4640.2
E05014738,Bramingham,9,20910.11,17033.11111111111,20970.444444444445,17602.555555555555,21375.444444444445,22898.333333333332,10101.888888888889,26221.333333333332,18161.61
E05014739,Central,4,1641,2179.5,4466.75,3978.5,4612.75,394.25,2572.75,3543.5,3058.12
E05014740,Challney,8,8529.62,4917.625,12513.125,8038,13210.5,16983.25,5362.375,13945.875,9654.12
E05014741,Dallow,4,4332.75,2757,9446.25,3188.5,9697,13338.5,3911.25,5739.5,4825.38
E05014742,Farley,8,5597.38,4422.5,7845.5,5100.875,9513.625,8924.75,3304.125,16035.375,9669.75
E05014743,High Town,6,10783.33,9501.5,14995.5,10875.166666666666,15692.5,8923.333333333334,6987.5,8820.833333333334,7904.17
E05014744,Leagrave,6,9217.33,7384.833333333333,10320.833333333334,9395.666666666666,11483,14794.333333333334,5740.5,15407.166666666666,10573.83
E05014745,Lewsey,6,7218.5,4788.833333333333,7547.5,8213.833333333334,6919.5,13878.333333333334,6880,25060.666666666668,15970.33
E05014746,Northwell,10,10324.5,7991.8,11763.1,8542.9,13226.7,13302.7,5531.1,24188.7,14859.9
E05014747,Poets,4,16707,13537.5,17944.5,16036,17505.5,17867.5,11704.25,15065.5,13384.88
E05014748,Round Green,6,11547.17,8574.833333333334,11811.333333333334,11404.833333333334,14079.166666666666,12170.166666666666,9856,16800.166666666668,13328.08
E05014749,Saints,6,8893.33,4876.833333333333,13151.166666666666,7006.5,14708,19285.333333333332,5079.166666666667,15427.666666666666,10253.42
E05014750,South,6,8508.5,8748.333333333334,11809.166666666666,9520,11290.833333333334,9522,6497.833333333333,5079.833333333333,5788.83
E05014751,Stopsley,8,17060.38,14030.375,16248.25,14064.125,17023.625,16653.5,13722.375,25225.375,19473.88
E05014752,Sundon Park,5,14812.6,11855.6,15032.8,11285.8,15088.4,18254.4,10441.8,22184.4,16313.1
E05014753,Vauxhall,4,16048.5,11635.75,16078.75,14425,18430.75,16774,12019.75,20659.5,16339.62
E05014754,Wigmore,7,22146,20826.571428571428,22801.285714285714,18088.85714285714,19595.571428571428,21588.285714285714,11088.57142857143,24171,17629.79
E05014755,Binfield North & Warfield West,4,30815.25,28954.25,31030,28101.25,32452.25,29409.5,12753.25,27368.5,20060.88
E05014756,Binfield South & Jennett's Park,7,30252.29,26101.85714285714,30409.714285714286,28432.714285714286,31939.14285714286,26938.714285714286,13734.57142857143,30147,21940.79
E05014757,Bullbrook,4,20403.25,16694.75,19003.25,13803.5,23915.25,17582.75,15634,25739.25,20686.62
E05014759,Easthampstead & Wildridings,5,19343,16908.6,19154.2,13150.4,24725.2,12991.2,13029.8,25725.8,19377.8
E05014760,Great Hollands,7,20159.14,17626.571428571428,20375.714285714286,12387.57142857143,23443.714285714286,20412,13414,27959.571428571428,20686.79
E05014761,Hanworth,6,20071.5,18193.166666666668,19739.333333333332,12698.833333333334,25092.5,19218,12313.666666666666,20239.833333333332,16276.75
E05014763,Owlsmoor & College Town,7,27990.71,27175.571428571428,29359,20779.571428571428,32169.285714285714,28050.85714285714,10884.57142857143,26783,18833.79
E05014764,Priestwood & Garth,5,18252.4,15594.2,18060,10789.4,23312.4,16308.6,14510.6,24073.8,19292.2
E05014767,Town Centre & The Parks,3,19424,16524.666666666668,19237,16758.333333333332,25734.666666666668,13670.333333333334,11125,22234,16679.5
E05014770,"Ashley, Bashley & Fernhill",5,21887.8,22268.6,18584.8,16186,21750.6,20571.4,17764.6,25922.8,21843.7
E05014771,"Ashurst, Bramshaw, Copythorne & Netley Marsh",5,25366,30017.6,27773.4,26270.2,25795.4,22879.2,4961,20272,12616.5
E05014772,Ballard,3,16436.33,14796,12381,11428,16665.666666666668,17263,21402.666666666668,30987.333333333332,26195
E05014773,Barton & Becton,4,30906.75,30141.25,27395.25,24511.75,28827.75,29251,19729.75,30119,24924.38
E05014774,"Bransgore, Burley, Sopley & Ringwood East",5,22692.8,25329.8,23727.2,24971,27999,18203.2,3649,21820.8,12734.9
E05014775,Brockenhurst & Denny Lodge,2,28720,27979,29088.5,28940.5,30658.5,23105.5,11074,21144.5,16109.25
E05014776,Dibden & Dibden Purlieu,5,24912.6,24933.6,24476.4,21037.6,24668,19716.8,14352.6,26835.4,20594
E05014777,Downlands & Forest North,2,20273,27646,29748,28342,31223.5,23075.5,1809,3892.5,2850.75
E05014778,"Fawley, Blackfield, Calshot & Langley",5,18606,18840.8,17100.6,14349.4,21822.8,20807.6,6936.4,27825.6,17381
E05014779,"Fordingbridge, Godshill & Hyde",5,22976,24015.8,22631.2,22643.4,25195.6,21163.6,12132.2,21334.8,16733.5
E05014780,Forest & Solent,2,19885,27893,30380.5,20785.5,31734,18386.5,3141,6167,4654
E05014781,"Hardley, Holbury & North Blackfield",5,17301.8,17903.6,15512.8,13033.4,17317.2,15273,9930.2,28686.4,19308.3
E05014782,Hythe Central,4,26906.75,25811.75,22674.25,23791,22821.25,24491,21334.25,28344.25,24839.25
E05014783,Hythe South,4,13456.5,13569.75,11013.25,8253.75,15312.25,12750.75,13138.75,31738,22438.38
E05014784,Lymington,5,25663,22364,22070.8,22342,26227.2,24007.2,20256.2,27408.8,23832.5
E05014785,Lyndhurst & Minstead,3,21212.67,27506.666666666668,24619.333333333332,22545,25653.666666666668,20116.666666666668,6019.666666666667,9199.666666666666,7609.67
E05014786,Marchwood & Eling,5,26604.8,24367.6,26056.2,24421,25304.8,22316.4,13116.8,26339.2,19728
E05014787,Milford & Hordle,6,28171.83,28086.333333333332,25255.5,25775.833333333332,28843.5,28727.5,9515.166666666666,27650.166666666668,18582.67
E05014788,Milton,4,17917.25,16005.5,13763.75,12192.5,19521,13471.75,30191.75,24450.25,27321
E05014789,Pennington,5,22277.2,20141.6,18924.4,19158.2,24490.2,16686,19954.8,27667.8,23811.3
E05014790,Ringwood North & Ellingham,5,24207.8,23511,24070.8,20762.8,24845.4,20423.4,14683.2,22953.2,18818.2
E05014791,Ringwood South,5,21581.2,19183.8,18302.6,20820,23347.2,17311.2,19287.8,21743.8,20515.8
E05014792,Sway,2,26877,28101,29426,28816,31131,25271.5,3583.5,24995.5,14289.5
E05014793,Totton Central,5,20973.6,19993.6,18177,15660.8,17483,15901.8,28079.2,22757.2,25418.2
E05014794,Totton North,7,18179.71,16195.42857142857,15975.285714285714,14040.42857142857,16491.14285714286,13970.57142857143,20047.714285714286,27606.285714285714,23827
E05014795,Totton South,6,23870.67,22066,21023.333333333332,19109.333333333332,21242.166666666668,23648.166666666668,22271.833333333332,24516.5,23394.17
E05014796,Bradninch,1,14658,16096,15001,18772,16434,21696,1466,19949,10707.5
E05014797,Cadbury,1,18014,29087,27306,28290,29417,32366,71,4024,2047.5
E05014798,Canonsleigh,2,17747,25660,22633.5,24069.5,26213,29995.5,1536.5,6307,3921.75
E05014799,Clare & Shuttern,2,13098,22854,24156,16028,23115.5,27430.5,2030.5,608,1319.25
E05014800,Crediton Boniface,2,18414.5,16782,17557,14481.5,17861.5,22112,7856.5,28804,18330.25
E05014801,Crediton Lawrence,2,15948.5,15598.5,14183.5,14562,16035,18741,9881.5,18737.5,14309.5
E05014802,Cullompton Padbrook,3,21580.33,20398.333333333332,21691.666666666668,15312,20938.333333333332,26920,12772,24346,18559
E05014803,Cullompton St Andrews,2,17372,17296.5,17437.5,9572,15718,17766,15565,22903.5,19234.25
E05014805,Halberton,1,18578,21873,19787,23242,24454,29777,1764,10183,5973.5
E05014806,Lower Culm,3,19186.33,19563.666666666668,19208.666666666668,14471.333333333334,19041,28921,6219.333333333333,20064.666666666668,13142
E05014807,Sandford & Creedy,2,13970.5,23508.5,24374,24461,22913.5,32563.5,176.5,1131,653.75
E05014808,Silverton,1,17905,22504,22551,21928,22681,31670,1314,7271,4292.5
E05014809,Taw Vale,1,9278,17652,12427,14982,18361,24830,113,1725,919
E05014810,Tiverton Castle,2,16107,17259.5,15698.5,12999,13988,19421,15726.5,11742,13734.25
E05014811,Tiverton Cranmore,3,14536,13663.333333333334,13060,11381.666666666666,13979.333333333334,19990,12956.666666666666,22734.666666666668,17845.67
E05014812,Tiverton Lowman,4,17033,16930.75,18064.75,12057.25,11470,20357.75,14257.5,27737.5,20997.5
E05014813,Tiverton Westexe,4,11615.75,12073.25,11362,7362.75,11335.75,19613.5,12486.25,19990.75,16238.5
E05014814,Upper Culm,2,19050.5,24224,27584.5,27466.5,27867.5,32116.5,1452.5,3530.5,2491.5
E05014815,Upper Yeo & Taw,3,14873.33,22265,22602,18793,24419.333333333332,30047.666666666668,391,4693.666666666667,2542.33
E05014816,Way,1,16257,24156,27538,24060,26044,33115,271,2512,1391.5
E05014817,Yeo,2,13875,21751,19467.5,21278.5,22345.5,32060,31,4820,2425.5
E05014818,Astley Bridge,9,18280.11,16551.444444444445,17012,20926.444444444445,16697.555555555555,12519,24969.11111111111,15460.888888888889,20215
E05014819,Bradshaw,8,24146.38,24827.25,21193.125,24836.125,19462.25,20027.75,24746.875,18299.25,21523.06
E05014820,Breightmet,11,7404.55,8876.545454545454,6400,8317.545454545454,5658.090909090909,5035.454545454545,16336.09090909091,20930.090909090908,18633.09
E05014821,Bromley Cross,8,27971.5,27957.125,26634.125,29267,21980.25,21665.125,20998.625,20825.875,20912.25
E05014822,Farnworth North,8,5653.88,5734.5,5736.75,7378.5,6080.125,3867.25,18249,9233.25,13741.12
E05014823,Farnworth South,9,4120.44,4704,3633.1111111111113,6563.777777777777,2831.5555555555557,2742.3333333333335,23906.88888888889,12866.333333333334,18386.61
E05014824,Great Lever,10,4117.5,2999.8,5510.2,4257.5,7557.3,6817.7,7933.1,9146.2,8539.65
E05014825,Halliwell,9,3796.22,3107,4475.666666666667,5681.333333333333,5897.444444444444,5960.666666666667,16383.333333333334,5827.333333333333,11105.33
E05014826,"Heaton, Lostock & Chew Moor",9,25947.11,25193,25441.333333333332,27542.11111111111,23249,18217.11111111111,16596.222222222223,20203.555555555555,18399.89
E05014827,Horwich North,10,14355.8,16264.2,13413,17710.2,11900.4,9438.9,19992.2,14005.3,16998.75
E05014828,Horwich South & Blackrod,8,19975.12,19690,18343.375,22132.25,14687.5,18281.375,16732.25,16425.25,16578.75
E05014829,Hulton,8,13848.38,14148.5,14392.25,15563,12633.875,9629.625,14228.5,13696.375,13962.44
E05014830,Kearsley,8,13520.38,14722,11933,14016.125,9203.875,10581.5,25165.25,13619.125,19392.19
E05014831,Little Lever & Darcy Lever,8,16407.38,18092,13376.625,15379.125,12498.5,13132.625,17740.25,20559,19149.62
E05014832,Queens Park & Central,10,2087.8,2374.2,3586.3,4294.7,3963.7,3416.5,8521.5,5951.3,7236.4
E05014833,Rumworth,10,2524.7,1772.9,4220.8,3549.9,7722.2,9008,5472.7,3294.5,4383.6
E05014834,Smithills,9,13323.89,13375.777777777777,13070.555555555555,18082.222222222223,13903.444444444445,9395.222222222223,18419.777777777777,9749.333333333334,14084.56
E05014835,Tonge with the Haulgh,9,6020.89,6280.111111111111,5563,8695.666666666666,5283.777777777777,4186.888888888889,23453.222222222223,10206.333333333334,16829.78
E05014836,Westhoughton North & Hunger Hill,7,21546.29,20759.85714285714,18662.428571428572,21978.428571428572,18097.714285714286,18445,22816.571428571428,19528.285714285714,21172.43
E05014837,Westhoughton South,9,15630.67,15976,13097.444444444445,16792.555555555555,10929.222222222223,13067.222222222223,21897.222222222223,19631,20764.11
E05014838,Bilston North,7,8974.57,9123.42857142857,7571.285714285715,7913.428571428572,9162,9764.285714285714,16627.571428571428,14721.42857142857,15674.5
E05014839,Bilston South,8,5145.25,3860.5,4184.875,6273,5391.375,6403.875,16086.125,18681.75,17383.94
E05014840,Blakenhall,8,8569.12,9023.375,8556,7061.375,9790.5,8567.125,15841.375,8644.875,12243.12
E05014841,Bushbury North,9,12102.89,11398.777777777777,10137.222222222223,12999.666666666666,10260.777777777777,15248.777777777777,13082.888888888889,22109.11111111111,17596
E05014842,Bushbury South & Low Hill,10,4275.1,3467.5,3392.8,6097.4,5066.2,6221.9,14698.4,19256.8,16977.6
E05014843,East Park,9,4249.56,3756.222222222222,3574.5555555555557,5275.555555555556,4126,6280.111111111111,14987.111111111111,15322.666666666666,15154.89
E05014844,Ettingshall North,7,5320.14,3951.1428571428573,5110.857142857143,6338.428571428572,7162.571428571428,5445.857142857143,14442.142857142857,15687.142857142857,15064.64
E05014845,Ettingshall South & Spring Vale,8,11507,11122,9394.125,9543.75,9727.75,12978.5,16756,19017.875,17886.94
E05014846,Fallings Park,8,9509.38,8577.375,7816,10322.25,7136.25,9905.625,19236.25,21774.25,20505.25
E05014847,Graiseley,8,6881.25,6842.75,6226.625,8260.125,7909.25,6670.5,17982.375,7022.25,12502.31
E05014848,Heath Town,7,5047.43,4710.571428571428,4495.714285714285,7479.714285714285,5428.142857142857,8352.714285714286,9978.714285714286,10438.714285714286,10208.71
E05014849,Merry Hill,8,17820.12,15607.875,14401.375,18388,15261.75,17614.25,21876.5,20793.75,21335.12
E05014850,Oxley,9,11856.11,10664.666666666666,10693.666666666666,13677.222222222223,8979,15241.222222222223,10070.444444444445,23506.555555555555,16788.5
E05014851,Park,9,9466.44,10425.555555555555,8964.444444444445,14984.444444444445,9003.666666666666,9121.222222222223,13475.888888888889,7054.444444444444,10265.17
E05014852,Penn,8,22425.88,20640.25,19275,25206.5,17460.875,20668.5,23111,15743.875,19427.44
E05014853,St Peters,8,2773.62,2667.875,3909.375,5783.625,5298.25,3177.375,5792.25,8090.75,6941.5
E05014854,Tettenhall Regis,7,22622.14,22334.85714285714,19593,24626.285714285714,17992.428571428572,20456,19861.714285714286,16208,18034.86
E05014855,Tettenhall Wightwick,8,20199.5,18550.375,17011.875,20868.125,16337.25,21747.5,20681.375,19466.625,20074
E05014856,Wednesfield North,7,11200.86,11019.285714285714,7966.142857142857,10149,8699.857142857143,13822.857142857143,16152,25820.571428571428,20986.29
E05014857,Wednesfield South,8,11011.5,10863.625,9542.125,9571.125,8576.375,12893.25,18389.75,17022.125,17705.94
E05014858,Billingham Central,5,5666.8,6355.4,4286.2,6760,2649,5945.4,29556.4,20366.8,24961.6
E05014859,Billingham East,5,7909.8,8047.8,6123.2,8803.6,4452.6,7392.2,24367.4,23981.4,24174.4
E05014860,Billingham North,5,24084,24768.6,19526.8,25864,14679.6,20280,22909.4,25328.2,24118.8
E05014861,Billingham South,5,8392.6,8698.8,6547.4,9315.6,3553,13819.4,25919,19866,22892.5
E05014862,Billingham West & Wolviston,3,26518.67,28155.666666666668,20971.666666666668,27318,13216.333333333334,27187,27122,22248,24685
E05014863,Bishopsgarth & Elm Tree,4,15726.5,16477.75,12311,17511.75,7282.25,13781,27626.75,26956,27291.38
E05014864,Eaglescliffe East,3,23350.67,22699.666666666668,20133.666666666668,26154,15316.333333333334,25039.666666666668,20852.666666666668,17960.333333333332,19406.5
E05014865,Eaglescliffe West,4,27241.5,25362.5,25905,30038.5,19942,24679,19926,26302,23114
E05014866,Fairfield,7,22648.43,21864.428571428572,18254.14285714286,21674.714285714286,13185.42857142857,23725.571428571428,25375.714285714286,24872.14285714286,25123.93
E05014867,Grangefield,2,12472,12967.5,10839.5,15716,6042,7715,31966,18329,25147.5
E05014868,Hardwick & Salters Lane,4,3798.5,4239.25,3218.5,4421.75,1384,4245.25,26323.5,25702.25,26012.88
E05014869,Hartburn,5,26815,25826.8,22586.6,27236.2,15965.4,25040.8,24024.6,26746.4,25385.5
E05014870,Ingleby Barwick North,6,30550.83,28461.5,29929,30770.666666666668,18370.666666666668,25250.333333333332,23768.333333333332,32908.166666666664,28338.25
E05014871,Ingleby Barwick South,7,28738.43,26902.714285714286,26311.428571428572,27922.285714285714,17263.14285714286,26636.85714285714,22809.571428571428,32250,27529.79
E05014872,Mandale & Victoria,5,3358.2,3626,3050.6,5191,1220,4400,28083.2,12507.6,20295.4
E05014873,Newtown,3,732.33,868.6666666666666,745,2932.6666666666665,772,901,26059.666666666668,10172.666666666666,18116.17
E05014874,Northern Parishes,4,23067.5,26050.5,23976.75,26499.75,19099,26807.75,3778,28062,15920
E05014875,Norton Central,4,8010,9560.75,7142,11398.25,4384,5734,28095.5,14574.5,21335
E05014876,Norton North,4,26446,27979,21421,26098.25,15081,27134.75,25303.75,24135,24719.38
E05014877,Norton South,5,9228.6,11654.6,9638.2,12379.2,4337.2,6361,29712,11723.6,20717.8
E05014878,Ropner,6,7961,9415.333333333334,7427.833333333333,11475.833333333334,3663.6666666666665,8364,22764.166666666668,9994.666666666666,16379.42
E05014879,Roseworth,6,4893.5,6125,3703.1666666666665,5167.666666666667,2101.6666666666665,5051.666666666667,27125.666666666668,21711.333333333332,24418.5
E05014880,Southern Villages,2,28518.5,29192.5,30200.5,29790.5,23772,19461.5,8461.5,32192.5,20327
E05014881,Stainsby Hill,5,8267.6,8940.6,6634.8,6924.6,4811.4,8754.6,28221.6,20745,24483.3
E05014882,Stockton Town Centre,4,3424.5,3754.25,4097.25,4538.25,1070.75,1680.5,21583,14909.25,18246.12
E05014883,Village,5,9897.4,9600,7364.4,11255.8,5553,8820.4,29569.4,20266.4,24917.9
E05014884,Yarm,6,26725.17,26562.5,24534,28552,20008.166666666668,23026.833333333332,18952.833333333332,27784.166666666668,23368.5
E05014885,Bare,5,20594,21409.8,17474.8,20123.4,11664.4,21309.8,30714.8,13694.8,22204.8
E05014886,Bolton & Slyne,5,26625.4,28603,25840.2,26882.6,21140.2,28840.4,10415.4,21619.4,16017.4
E05014887,Bowerham,3,27797.67,26505.333333333332,29032,28262,18185,26270.333333333332,28025.333333333332,16653.666666666668,22339.5
E05014888,Bulk,5,13398,15512,15782.4,12586.4,9377,8701.2,25488.8,15117.8,20303.3
E05014889,Carnforth & Millhead,4,18200.5,20239.25,18114,17678.5,14624,19563,14537.5,12071,13304.25
E05014890,Castle,2,16238,25429,26439.5,25707,8428,11507,19953,1717.5,10835.25
E05014891,Ellel,2,19591.5,25583,23800,26373.5,16458.5,22393.5,5126.5,9791.5,7459
E05014892,Halton-with-Aughton & Kellet,3,25997.33,27910.666666666668,25242.666666666668,28001.666666666668,24134.666666666668,28013.333333333332,9393.666666666666,16663.333333333332,13028.5
E05014893,Heysham Central,3,15006.67,18437.333333333332,12448.333333333334,16508.333333333332,10023.333333333334,12314.333333333334,17354.333333333332,14959,16156.67
E05014894,Heysham North,4,5011.5,7329.25,4571.25,5949.75,4610.25,3699.75,24364.25,3606.5,13985.38
E05014895,Heysham South,3,14830,13927.333333333334,12875.666666666666,13545.333333333334,10352.666666666666,14168,13807.666666666666,25987.333333333332,19897.5
E05014896,John O'Gaunt,2,17320.5,21765.5,25829,21598,15017.5,20978.5,25901,382,13141.5
E05014897,Lower Lune Valley,3,22805.33,26586.666666666668,27209,27628.333333333332,23666,27492.333333333332,5587.666666666667,11894.666666666666,8741.17
E05014898,Marsh,5,18659.4,18574.4,18498.6,20276.6,14332.4,15055.2,27611.8,15024.4,21318.1
E05014899,Overton,1,7473,10192,7783,7554,6797,17448,2771,9863,6317
E05014900,Poulton,4,2239,3957,2385.75,4796.5,1730,2620.25,29192.75,1285.5,15239.12
E05014901,Scale Hall,6,12844,12124,11360.333333333334,12137.333333333334,8563.5,11706.666666666666,27309.833333333332,18297.833333333332,22803.83
E05014902,Scotforth East,3,22976.33,22790.333333333332,20689.333333333332,22786.333333333332,15947,20177,26025.333333333332,20779.333333333332,23402.33
E05014903,Scotforth West,3,24184,25693.666666666668,25288.333333333332,29552.333333333332,18933.333333333332,19698,25783.333333333332,8496,17139.67
E05014904,Silverdale,1,26317,30198,30396,25089,26838,30811,5550,11332,8441
E05014905,Skerton,4,8165,9723.75,8050.75,7284.5,7834.25,4224,25525.5,8779.25,17152.38
E05014906,Torrisholme,3,23742.67,24198,19013.666666666668,22309,14393.333333333334,26110.666666666668,29452,17400.333333333332,23426.17
E05014907,University,1,26208,33664,33751,30785,32017,33360,14935,982,7958.5
E05014908,Upper Lune Valley,2,21927,29844,28870.5,28372,23895.5,31871,2570,5260.5,3915.25
E05014909,Warton,2,20910.5,24940,20953.5,19712.5,18551,23706,8250.5,11178,9714.25
E05014910,West End,5,6540.6,8539.2,5688.2,6027.4,4630.2,6196.8,26864.4,6138.2,16501.3
E05014911,Westgate,4,6116.25,6630.5,4666,3412,5236,9476.25,20831,21228,21029.5
E05014912,Chalk,1,21863,26821,22275,13217,24827,16542,10461,15754,13107.5
E05014913,Coldharbour & Perry Street,6,9551.33,9785,9927,7414.166666666667,12369.5,6130.833333333333,18833,14205.333333333334,16519.17
E05014914,Denton,2,9995,10111,9740,8233.5,11883.5,5738,12880,21677.5,17278.75
E05014915,Higham & Shorne,5,20981,25147.8,23793.4,18700,23617.2,16167.4,4963.6,17261.4,11112.5
E05014916,"Istead Rise, Cobham & Luddesdown",3,26134.67,30312.333333333332,28108.666666666668,21909,28195.666666666668,21583.666666666668,5758,23400,14579
E05014917,Meopham North,3,25390.67,27043,27225.333333333332,22940,25093.333333333332,21453.333333333332,7589.666666666667,22692.666666666668,15141.17
E05014918,Meopham South & Vigo,3,21710,27381,27362.666666666668,14820,25133.333333333332,17543.333333333332,3358,20957.333333333332,12157.67
E05014919,Northfleet & Springhead,5,9061.6,7726.8,9193.6,7100.8,12225.6,5645.6,13907.6,17545.2,15726.4
E05014920,Painters Ash,4,19925.25,19385,20130.25,13176.5,16375.5,16540.75,20099.75,21244.75,20672.25
E05014921,Pelham,3,12515,15045.333333333334,12117.333333333334,14824,15528.333333333334,6282.666666666667,16856,6687.333333333333,11771.67
E05014922,Riverview Park,4,23375.5,22882.5,23302.75,16553.5,20613.25,16291,16183.25,28993,22588.12
E05014923,Rosherville,2,13293.5,10756.5,14649,9266,16830.5,10087,12699,21056,16877.5
E05014924,Singlewell,3,9959.67,9942.666666666666,9581,9681,10921.666666666666,8712.333333333334,5947.333333333333,27256.333333333332,16601.83
E05014925,Town,6,5547.83,6532.833333333333,6692.166666666667,5992.666666666667,8913.666666666666,1688.3333333333333,8546.666666666666,9727.166666666666,9136.92
E05014926,Westcourt,5,7501.2,7536.4,7304.4,6317.2,7841.2,3664.4,13914.2,27880.8,20897.5
E05014927,Whitehill & Windmill Hill,5,16164,17742.2,16006.8,12956.6,14736.2,9005,22836.4,21799.6,22318
E05014928,Woodlands,5,19432.8,18193.8,20133,18121.4,21508.8,11563.8,20464,15405.6,17934.8
E05014929,Aughton & Holborn,7,29466,29479.85714285714,25656.714285714286,28173.85714285714,24796.285714285714,30501.714285714286,21074.285714285714,22768.714285714286,21921.5
E05014930,Burscough Bridge & Rufford,4,20992.25,20762.25,17961,20684.5,18290.25,24865.75,15053,18532.25,16792.62
E05014931,Burscough Town,3,25229,23175.666666666668,20752,22440,18464.333333333332,28709.666666666668,22014.333333333332,24964.666666666668,23489.5
E05014932,North Meols & Hesketh Bank,5,17433.2,18308.6,15648.4,13689.4,14765.6,25241.2,8856.8,21651,15253.9
E05014933,Old Skelmersdale,7,10015,9808.42857142857,8064.857142857143,7707,6722.428571428572,16099.57142857143,22275.285714285714,18380.428571428572,20327.86
E05014934,Ormskirk East,5,26831,25347.6,25756.8,22802.8,20940.6,23677.2,32884.2,15768.4,24326.3
E05014935,Ormskirk West,5,20705.4,20438.8,18784.6,15411.2,14262.4,19640.2,31310,18461.8,24885.9
E05014936,Rural North East,6,27660,29837.333333333332,27641.833333333332,30073.166666666668,24732,28965.5,13648.166666666666,11088,12368.08
E05014937,Rural South,2,25700.5,29560,29153.5,21429,24121.5,30998,14030.5,12118.5,13074.5
E05014938,Rural West,4,18276.25,22126,19662.25,18749,19322.75,26381.5,5960,11050.25,8505.12
E05014939,Skelmersdale North,5,14825.4,12624.2,11269.2,12305.2,11217.4,18771,22559.2,30142.4,26350.8
E05014940,Skelmersdale South,6,4781,4401.833333333333,3804.8333333333335,3642,5147.666666666667,7058.666666666667,17045.666666666668,18278.5,17662.08
E05014941,Tanhouse & Skelmersdale Town Centre,5,4753.4,4681.4,3588.4,3607.6,4134.6,6044.6,18887.4,27463.8,23175.6
E05014942,Tarleton Village,4,27178.25,25609.75,21263.25,24188.75,23348,28913.5,19194.5,26147.5,22671
E05014943,Up Holland,5,22245,22762.4,18404,24278.8,17002.4,23052.8,18228.6,18347,18287.8
E05014944,Ash South,3,27552.33,22177.333333333332,26082.666666666668,22139.666666666668,30375,25218.333333333332,18322.333333333332,27311,22816.67
E05014945,Ash Vale,5,27358.8,25232,26630.8,24036.2,30174.8,24461.8,14753.2,21114.6,17933.9
E05014946,Ash Wharf,4,16698.75,15337.5,15510,11636.25,20897.75,12300.25,15871,21751.25,18811.12
E05014947,Bellfields & Slyfield,4,11909.5,10674,10950.5,6037.5,12855.5,11029.5,20618.25,27477.75,24048
E05014948,Burpham,4,32073.25,30270.5,31349.5,32833,32542.5,24765,24186.5,20582.25,22384.38
E05014949,Castle,6,30351,28586.833333333332,30993.666666666668,32389,31715.833333333332,22879.166666666668,26222,17059.666666666668,21640.83
E05014950,Clandon & Horsley,6,31253.33,30769.5,32394.333333333332,30857.333333333332,33038,29948.5,12339.333333333334,24444.166666666668,18391.75
E05014951,Effingham,2,27846.5,28915,29594.5,26702,29014.5,23258.5,6843,23181.5,15012.25
E05014952,Merrow,5,29344,26274.8,27712,29131.2,28407.2,27932,21908.8,26951,24429.9
E05014953,Normandy & Pirbright,4,24941,26891,27619,19601.25,28378.5,27383.5,5938.75,20407,13172.88
E05014954,Onslow,4,29329.75,27631.25,30255.5,31206.75,28054.75,22253,28312,19468,23890
E05014955,Pilgrims,3,23240,26104.666666666668,25159,24503,27612,21377.333333333332,9288.333333333334,14875,12081.67
E05014956,Send & Lovelace,5,24057.6,27613.8,28525,26107.8,28702.6,20083.8,5004.8,18442,11723.4
E05014957,Shalford,3,27340,27539.333333333332,27296,29697,29191.333333333332,28210.333333333332,8926.666666666666,17724.333333333332,13325.5
E05014958,St Nicolas,2,28873,28424.5,27469.5,32758,26308,23082.5,30950.5,13832,22391.25
E05014959,Stoke,3,19214,19508.333333333332,22088,28099.333333333332,18283,6710.666666666667,25817.666666666668,6697.666666666667,16257.67
E05014960,Stoughton North,3,29243.67,24591,27112.666666666668,27724.333333333332,28092,22417.333333333332,22625.666666666668,26075.333333333332,24350.5
E05014961,Stoughton South,4,26919,24796,27309.25,23305.5,25168.75,20120,27853.5,23454.5,25654
E05014962,Tillingbourne,3,23784.33,27473,27929,26373,31530.333333333332,23530,3347.3333333333335,11671,7509.17
E05014963,Westborough,5,19632.6,19085.4,20791,15183.8,19487,14166.2,21342.8,22255,21798.9
E05014964,Worplesdon,6,24765.17,23419.166666666668,24589,23794.333333333332,25738,21388,12014.5,24013.166666666668,18013.83
E05014965,Abbey,5,29891.8,27692,27245.6,33177.6,30596,27109.4,33545.2,11840.6,22692.9
E05014966,Bingham North,2,17675,13143.5,11264,18293,20112,17731.5,30700,24498,27599
E05014967,Bingham South,4,31912.5,27308.75,28499,32101,30693.75,28351.25,26400.5,29852.75,28126.62
E05014968,Bunny,2,28992,32098.5,32100.5,30847,33097.5,31554.5,9030.5,8442,8736.25
E05014969,Compton Acres,3,32599,30640.666666666668,30502.666666666668,32905,31114,23290.666666666668,32467.333333333332,23536,28001.67
E05014970,Cotgrave,5,20726,19080.8,17618.6,16692.8,18216,20488,17558.6,29241.4,23400
E05014971,Cranmer,2,27560.5,30288.5,30357.5,28897.5,31106.5,30029,4909.5,18956.5,11933
E05014972,Cropwell,1,25998,22880,22230,28216,28913,30184,7986,23044,15515
E05014973,East Bridgford,1,26012,24119,23395,32034,32079,24240,8393,15244,11818.5
E05014974,Edwalton,3,25561.33,19395,19095,31537.666666666668,25170,21392.333333333332,26231,28684,27457.5
E05014975,Gamston,4,28466.25,23652.5,24984.75,31503.5,25825.25,22736.25,29836.25,26828.75,28332.5
E05014976,Gotham,1,24275,23810,23630,27859,29556,19242,10349,10936,10642.5
E05014977,Keyworth & Wolds,6,27162.5,26667.333333333332,24426.5,27895.333333333332,28194.333333333332,28619.5,17751.833333333332,25740.333333333332,21746.08
E05014978,Lady Bay,4,31079.25,31993.75,30772,33386,31659.5,27079.25,33408,8324.75,20866.38
E05014979,Leake,4,28226.25,24031,26035,27497.25,29122,26825.75,18834.75,25417.25,22126
E05014980,Lutterell,2,27334,22988,21728.5,30694.5,24181,27097.5,32818,25729.5,29273.75
E05014981,Musters,4,29549.5,28864,26517.75,32937,28414,26980.5,33464.5,12553.25,23008.88
E05014982,Nevile & Langar,2,23443,29773.5,26849.5,31070.5,30924,32741,1533.5,10027.5,5780.5
E05014983,Newton,1,27188,20166,23444,30616,30935,28267,10205,29182,19693.5
E05014984,Radcliffe on Trent,5,29206.8,27237,25800.4,30060.4,28317.2,26805.8,26230.4,21369,23799.7
E05014985,Ruddington,4,28501,23295.5,23337.5,28959.75,27335.5,24457,28405.75,23988,26196.88
E05014986,Soar Valley,1,28167,30690,31677,30120,32620,32858,7561,8020,7790.5
E05014987,Tollerton,1,31612,32564,31058,32468,32401,33125,13312,16938,15125
E05014988,Trent Bridge,2,16688,25634.5,13835.5,31865.5,12253.5,18626.5,33715,1793,17754
E05014989,Abram,9,8504.56,11047.333333333334,8359.666666666666,8039.777777777777,5667.222222222223,6186.222222222223,17107.222222222223,14969.888888888889,16038.56
E05014990,Ashton-in-Makerfield South,7,20198.86,21232.14285714286,18181,21871.714285714286,13436.57142857143,18190.285714285714,22681.571428571428,15303.57142857143,18992.57
E05014991,"Aspull, New Springs & Whelley",7,16774.14,19074.85714285714,14952.42857142857,16651,11858.285714285714,13290.857142857143,17893.428571428572,20796.285714285714,19344.86
E05014992,Astley,8,25737,25740.25,24342.75,23263.625,17845.125,21124.25,24673,22254.375,23463.69
E05014993,Atherton North,8,10055.38,11700,8493.625,10401,6871,8540.75,22379,18897.375,20638.19
E05014994,Atherton South & Lilford,8,15502.5,18194.125,13672.5,15653.5,10259.875,11347.125,26388.125,12267.5,19327.81
E05014995,Bryn with Ashton-in-Makerfield North,8,16586.75,17540,14095.125,18162.375,10206,17732.75,22992.625,17051.625,20022.12
E05014996,Douglas,8,7240.38,8756.75,7405.875,7330.125,4640.625,5317.125,28896.625,11723.75,20310.19
E05014997,Golborne & Lowton West,7,13341.57,13890.142857142857,11473,12810,9885.714285714286,13136.57142857143,20330.428571428572,17484.14285714286,18907.29
E05014998,Hindley,8,8617.62,10691.625,7463.125,9307.375,5233.625,5588.5,28105.625,14623,21364.31
E05014999,Hindley Green,8,17723.12,18947.375,15571.625,14523.125,11478.5,16509.625,21522.375,21066.75,21294.56
E05015000,Ince,8,3197.88,4484,3111.75,2887,2056.75,3961.75,19172.75,13909.625,16541.19
E05015001,Leigh Central & Higher Folds,10,9385.6,11660.9,9362.6,11007.7,6549.1,6915.1,20391,10692,15541.5
E05015002,Leigh South,8,15057.62,16180,13540.375,14742.5,10906.125,13123.875,19229.5,18912.5,19071
E05015003,Leigh West,8,5057.38,7001.25,5054.625,4642.875,3559.25,3371,14225.875,19323.5,16774.69
E05015004,Lowton East,8,23452.25,23805.25,21764.5,22984.25,16605.75,19140.625,18821.125,24181.75,21501.44
E05015005,Orrell,7,23793,24377.571428571428,20094.14285714286,27404,17007.285714285714,22113.285714285714,21875.428571428572,14637.714285714286,18256.57
E05015006,Pemberton,9,6387.44,7387.111111111111,5737.555555555556,5764.555555555556,3900.6666666666665,7016.111111111111,24557.444444444445,18937.333333333332,21747.39
E05015007,Shevington with Lower Ground & Moor,8,25591.25,27100.5,21087.125,25769,16838.375,24342.25,19242.25,24546.25,21894.25
E05015008,Standish with Langtree,9,26056.89,25919.444444444445,24309,25979,17508.333333333332,20599.666666666668,24521.777777777777,24320.11111111111,24420.94
E05015009,Tyldesley & Mosley Common,7,16964.43,17835,15597.857142857143,16257.857142857143,12781.42857142857,10956.285714285714,26419.14285714286,18408.85714285714,22414
E05015010,Wigan Central,8,16257.38,19177.125,16178.25,19472.25,10701.5,12812.125,30497.75,9608.75,20053.25
E05015011,Wigan West,9,10976.33,13758.888888888889,10813,11759.111111111111,6927.444444444444,9253.666666666666,29423.222222222223,10993.888888888889,20208.56
E05015012,Winstanley,7,29246.43,29792,25843.571428571428,25541,20270.714285714286,26684.428571428572,26288,24546.285714285714,25417.14
E05015013,Worsley Mesnes,8,14932,15500.25,11780,11786.125,9132.25,15522.875,30770.375,21678.875,26224.62
E05015014,Bramhall North,9,29880.22,28583.222222222223,27074.777777777777,30703.222222222223,25498.11111111111,26933.222222222223,27058.555555555555,24098.88888888889,25578.72
E05015015,Bramhall South & Woodford,9,32635.33,31798.666666666668,30811,33016.555555555555,28503.11111111111,28800.666666666668,30209.444444444445,25179.666666666668,27694.56
E05015016,Bredbury & Woodley,10,16654.1,18695.7,15243.4,14191.7,13109.3,12775.1,31484.6,13343.1,22413.85
E05015017,Bredbury Green & Romiley,9,17876.78,18751,14845.888888888889,17054.666666666668,14168.888888888889,14839.444444444445,28944.777777777777,18108.11111111111,23526.44
E05015018,Brinnington & Stockport Central,7,2023.71,3159.4285714285716,2530.285714285714,1991.2857142857142,1495.5714285714287,2453.1428571428573,28377.714285714286,15440.42857142857,21909.07
E05015019,Cheadle East & Cheadle Hulme North,11,18939.45,18835.363636363636,17929.272727272728,21592.272727272728,14541.09090909091,15118.363636363636,31796.454545454544,10835.636363636364,21316.05
E05015020,Cheadle Hulme South,10,28202.8,26311.4,25047,29986.7,24144.8,23345.3,32914.5,19502.6,26208.55
E05015021,Cheadle West & Gatley,9,25491.11,24239.88888888889,22935.11111111111,28805.88888888889,20635.222222222223,16851.666666666668,31790.11111111111,14528.555555555555,23159.33
E05015022,Davenport & Cale Green,10,9926,10657.6,9390,13895.1,7137.3,7693.1,28192.6,10743.1,19467.85
E05015023,Edgeley,8,10210.5,12515.375,12261,16406.875,9100.875,7858.125,30904.5,1942.625,16423.56
E05015024,Hazel Grove,9,21858.78,22848.444444444445,20520.777777777777,21304.333333333332,15947.111111111111,17336.11111111111,27188,16884.444444444445,22036.22
E05015025,Heald Green,8,22793.88,19976.875,18948.75,23305.625,18311.625,18438.875,29876,18358.75,24117.38
E05015026,Heatons North,10,23072.7,23929.8,21827.5,28379.8,18675.6,15700.9,29611.5,11348,20479.75
E05015027,Heatons South,9,25539.22,24441.777777777777,23114.666666666668,27929.88888888889,21274.333333333332,20985.555555555555,29700.777777777777,12679.555555555555,21190.17
E05015028,Manor,9,14294.33,15689.333333333334,13970.888888888889,13990.555555555555,10348.111111111111,8824.111111111111,29974.555555555555,10611,20292.78
E05015029,Marple North,7,29617.57,30940.285714285714,28864,32404,26267.714285714286,23202.428571428572,23981.571428571428,18685.714285714286,21333.64
E05015030,Marple South & High Lane,9,23243,24102.444444444445,20487.777777777777,23113.666666666668,16527.777777777777,22278.555555555555,23885.222222222223,19365.444444444445,21625.33
E05015031,Norbury & Woodsmoor,9,31611.44,31296.88888888889,29321.88888888889,29959.666666666668,24341.333333333332,28827.222222222223,30549.777777777777,21645.777777777777,26097.78
E05015032,Offerton,10,14593.4,15489,12288,16128.7,9235.9,11022.4,29703.1,17153.7,23428.4
E05015033,Reddish North,10,10998.1,11440.4,10523.6,9810.6,8237.7,9887.1,28194.8,11290.4,19742.6
E05015034,Reddish South,9,11786,13075,10339,12305.666666666666,8841.555555555555,9384.444444444445,29877.777777777777,9047.666666666666,19462.72
E05015035,Aylesford North & North Downs,6,19364.17,22824,23345.333333333332,18381.166666666668,22448,15446.833333333334,4420.666666666667,18847.666666666668,11634.17
E05015036,Aylesford South & Ditton,5,21843.8,19379.8,19516,15716.6,22420.2,21498.4,21081,25029,23055
E05015037,"Birling, Leybourne & Ryarsh",4,25905.75,25041,28785,25493.25,26454.75,21649,7089.25,27578.75,17334
E05015038,Borough Green & Platt,3,24712.67,22590.333333333332,25694.666666666668,19165.333333333332,27820.333333333332,20442.333333333332,13873.666666666666,24636.333333333332,19255
E05015039,Bourne,3,18830,21809,21556,20918.333333333332,26601,21924.666666666668,5412.666666666667,15178.666666666666,10295.67
E05015040,Cage Green & Angel,5,26344.8,22495,23395,25916.2,26426.2,16543.8,29116,23896.8,26506.4
E05015041,"East and West Peckham, Mereworth & Wateringbury",4,21930.5,24532.75,25713.25,22710.5,26409.75,21005.5,5899.75,12229.5,9064.62
E05015042,"East Malling, West Malling & Offham",5,16173.6,15628.2,16313,15622.4,18235.8,12319.4,13254.6,20462.8,16858.7
E05015043,Higham,4,25527.5,23918.5,23132.5,21646.5,24689,24138.5,18952,31724.5,25338.25
E05015044,Hildenborough,3,30612,30842.666666666668,29424,29124.666666666668,31293.333333333332,27138.333333333332,12774.666666666666,26234.666666666668,19504.67
E05015045,Judd,4,22875.5,20846,21971,22770,23493,13536.5,28990.5,13788.5,21389.5
E05015046,Kings Hill,5,29975,27441.4,28697.2,29415.8,29542.4,29548.6,10798.4,32879.6,21839
E05015047,Larkfield,5,24057.8,22618.8,21653.6,18228.4,24533.2,16632,21788.8,25684.6,23736.7
E05015048,Pilgrims with Ightham,3,22670.67,26236.666666666668,26467.666666666668,23084.333333333332,29443,21282,4792,13965.333333333334,9378.67
E05015049,Snodland East & Ham Hill,2,9016,9869,9361,5130.5,10158.5,5083,18275,18130,18202.5
E05015050,Snodland West & Holborough Lakes,5,22015.4,20218.4,21013.6,16253.8,23004.6,14800.6,16906.8,27437.4,22172.1
E05015051,Trench,5,17193.2,16218.2,15154.2,13305.6,18246.4,12748.6,22655.2,29041,25848.1
E05015052,Vauxhall,5,21746.8,17462.8,19652.4,21775.4,21754.2,17540,30109.4,16731.2,23420.3
E05015053,Walderslade,2,29702,29995.5,27662,23967,27618,28002,13650.5,28231.5,20941
E05015054,Bilbrook,3,17080.67,13670,10736,16331.666666666666,16252.333333333334,22399.666666666668,28942.666666666668,25847,27394.83
E05015055,"Brewood, Coven & Blymhill",5,18412.6,21366.8,18512.2,20965.6,20921.2,28168.6,7524.8,10553.2,9039
E05015056,Cheslyn Hay Village,6,23003.83,20654.333333333332,18557.666666666668,17961.5,19623.5,27677.333333333332,22114,22293.833333333332,22203.92
E05015057,Codsall,6,27430.83,24908,23874.5,26213.833333333332,23713.166666666668,28522.5,23666.166666666668,24791.666666666668,24228.92
E05015058,Essington,3,16946.67,15981.666666666666,15692.333333333334,15091,16371.666666666666,16511.333333333332,11934.333333333334,20209,16071.67
E05015059,"Featherstone, Sharehill & Saredon",3,18625,19839,19825,14031.666666666666,15853.666666666666,19052.333333333332,9668,25987.333333333332,17827.67
E05015060,Great Wyrley Landywood,3,20353.67,18650.666666666668,17554,14047,20338.333333333332,21495,17357.666666666668,23507.333333333332,20432.5
E05015061,Great Wyrley Town,4,20453.5,19695.5,16757,13446.5,19971.5,19718.25,23355.5,23707,23531.25
E05015062,Himley & Swindon,1,21881,22207,21641,18826,21218,15022,13526,17419,15472.5
E05015063,Huntington & Hatherton,3,13195.33,12080.333333333334,11596,9047.333333333334,13786,17344,13230,22651.666666666668,17940.83
E05015064,Kinver & Enville,5,23819.8,23361.4,20716.8,25427,22149,26663,10792.4,20010.2,15401.3
E05015065,"Lapley, Stretton & Wheaton Aston",2,15257.5,20398,17713.5,15393.5,18174.5,22119.5,2670,14828,8749
E05015066,"Pattingham, Trysull, Bobbington & Lower Penn",3,23292,25496,24778.666666666668,23199,28029,26949.666666666668,6598.333333333333,12058,9328.17
E05015067,Penkridge North & Acton Trussell,3,21477.33,21663,19144.666666666668,20742.666666666668,22741.666666666668,23510.333333333332,15349.333333333334,13724,14536.67
E05015068,Penkridge South & Gailey,3,26535.67,24718.333333333332,22157.333333333332,24245.666666666668,23942.666666666668,27670,20067,25365.666666666668,22716.33
E05015069,Perton East,2,27703,25115.5,22217.5,23882,25149.5,30142.5,24868.5,32691,28779.75
E05015070,Perton Lakeside,2,18305,15341.5,15792,17541.5,15301,21139.5,18352,31422,24887
E05015071,Perton Wrottesley,2,28843.5,27146.5,25452.5,24425,26860,30319,16978.5,23882,20430.25
E05015072,Wombourne North,4,23697.25,20378.75,20600.5,19939.25,21188.75,23946.75,22608.5,23852.25,23230.38
E05015073,Wombourne South,5,23455.6,20043,18693.4,17804.6,21993.2,25443.4,24414.4,30057,27235.7
E05015074,Ashby Central,6,7931.83,8472.833333333334,7699,6458.833333333333,5932.833333333333,4878.333333333333,31183.333333333332,16726.5,23954.92
E05015075,Ashby Lakeside,5,16722.8,14482,16056.8,14737.2,13102.4,10866.6,23380.2,30302,26841.1
E05015076,Axholme Central,4,21443,22641.75,19003.25,22274,21113.75,20012.25,8146.25,24370,16258.12
E05015077,Axholme North,5,12249.8,16975.4,14241.4,12618.2,15364.6,17134.4,1752.2,13021.4,7386.8
E05015078,Axholme South,4,20469.5,24533,20439.25,22109.5,21438,21320,3373.5,18907.5,11140.5
E05015079,Barton,6,17643.83,16573.666666666668,15240.5,15370.833333333334,16566,15921.666666666666,17620.833333333332,21477,19548.92
E05015080,Bottesford,7,27291.43,26955.571428571428,21205.285714285714,22789.571428571428,19700.85714285714,24865.714285714286,24586.285714285714,29782.85714285714,27184.57
E05015081,Brigg & Wolds,7,16884.86,18719.285714285714,16076.714285714286,17903.571428571428,16730.14285714286,21300,9655.285714285714,16706.85714285714,13181.07
E05015082,Broughton & Scawby,4,20348.75,21111.25,19163.75,16381.25,17763.25,25312.25,6177.5,28758.75,17468.12
E05015083,Brumby,8,6276.25,6342.5,5734.5,4175.375,6501.375,3302.625,22797.625,27784.625,25291.12
E05015084,Burringham & Gunness,2,11549.5,16396,10897,11843,12767,13246,6425.5,19491,12958.25
E05015085,Burton upon Stather & Winterton,8,17558.25,19860.75,16702.625,17917.625,16306.75,20752.375,8241.75,18585.25,13413.5
E05015086,Crosby & Park,8,9957.25,9497.25,10370.5,5775,9678,8319.625,23371.75,21506.125,22438.94
E05015087,Ferry,7,15994.57,18718.571428571428,15752,17870.85714285714,18052.714285714286,25804,2423.8571428571427,15355.42857142857,8889.64
E05015088,Frodingham,5,7695.8,7716.8,6515,4374.4,8059.4,10753.6,29131,15646.6,22388.8
E05015089,Kingsway with Lincoln Gardens,5,18715.8,19656,18117.8,15024,13894.8,9833.4,31596,19981.8,25788.9
E05015090,Messingham,3,23502.33,26789.666666666668,20563.333333333332,23726.666666666668,20570.333333333332,23726.666666666668,8896,21785,15340.5
E05015091,Ridge,4,17848.5,19438,18264,17677.75,18441.25,23389,4528.25,19858,12193.12
E05015092,Town,5,8549,8095,10406.2,4952.8,7918.4,7122.6,27234.2,11447.4,19340.8
E05015093,Auriol,2,32825,29867,32068.5,28476.5,33122,28271.5,32132.5,23506,27819.25
E05015094,College,5,30720.6,28879.4,29954.8,30716.8,29791.2,26041.4,30113.4,16195.2,23154.3
E05015095,Court,4,14824.25,13310.25,12876,13290.75,17565.5,7540,21258,22645.75,21951.88
E05015096,Cuddington,4,31043.75,25318.25,30175,28178.75,32576,28014.75,29146.75,22191.75,25669.25
E05015097,Ewell Court,3,29753.67,27629,26631.333333333332,24926.333333333332,30917.666666666668,22875.333333333332,31179,19210.666666666668,25194.83
E05015098,Ewell Village,3,27460.33,24160.666666666668,26251,29082.333333333332,27987.333333333332,17589.666666666668,30740.333333333332,12917,21828.67
E05015099,Horton,1,27208,21933,23267,26535,31206,16782,16137,31865,24001
E05015100,Nonsuch,3,33310.33,32216,32894,33138,33423.333333333336,28010,29566.666666666668,22814.333333333332,26190.5
E05015101,Ruxley,3,18489,14891.666666666666,18381.333333333332,14983,21626,11632,18612.666666666668,25919.666666666668,22266.17
E05015102,Stamford,3,31173,28953.666666666668,29164,32126.666666666668,30983.666666666668,22068,27805.333333333332,18935.333333333332,23370.33
E05015103,Stoneleigh,3,32127.67,30377,31949.333333333332,30027,31498.333333333332,26795,31545,23890.666666666668,27717.83
E05015104,Town,4,21170.75,17060.5,21869.75,23463.75,25483,9389.5,27208,13024.5,20116.25
E05015105,West Ewell,4,28594.25,26113.75,26908.75,24752.25,29159,18990.5,30581.5,18368.25,24474.88
E05015106,Woodcote & Langley Vale,4,30082,27934.5,29047.5,28878.5,31529.75,25078.75,25575,21908.25,23741.62
E05015107,Alcester East,2,12499,9335,8927.5,11373,11395,16112.5,19947.5,28256,24101.75
E05015108,Alcester West,2,29605,26395.5,29526,28412,29224.5,26232.5,24943,14704,19823.5
E05015109,Bidford East,2,20644,17111,19117,19726.5,23183,17056.5,10023.5,27469,18746.25
E05015110,Bidford West,1,28698,25158,27891,27527,28588,29918,10585,24609,17597
E05015111,"Bishop's Itchington, Fenny Compton & Napton",4,23336.75,26719.75,28480,28025.75,28727.25,27016.5,3357,11643,7500
E05015112,Brailes & Compton,2,18682.5,27313,29123.5,27975,32176,29862,1358.5,1278,1318.25
E05015113,Claverdon & Snitterfield,2,24364,25397.5,28757.5,29624,29941.5,30192.5,3757.5,10293,7025.25
E05015114,"Gaydon, Kineton & Upper Lighthorne",4,19298.5,22541,24599.75,24055.75,25290,25678.25,5548.75,4889.5,5219.12
E05015115,Harbury,2,24331,24442.5,24959.5,22500,27073.5,22014.5,7367.5,23504,15435.75
E05015116,Henley-in-Arden,2,24046,21329.5,21857.5,22840.5,22705,24092.5,18458,19787.5,19122.75
E05015117,Kinwarton,2,25011,26837,25740.5,27193.5,30068,29464.5,8238.5,10160,9199.25
E05015118,Long Marston,1,17913,12182,19894,20058,18042,17990,5802,33610,19706
E05015119,Quinton,2,17622.5,20567,17103,20372.5,20297.5,24772,4312.5,11915.5,8114
E05015120,Salford Priors & Alcester Rural,1,20223,21016,19403,21034,23960,26154,4430,14753,9591.5
E05015121,Shipston North,2,19428.5,15586.5,16204,16940.5,19193.5,21634,17573.5,21040.5,19307
E05015122,Shipston South,1,29704,22518,31646,22804,32706,28054,13426,33357,23391.5
E05015123,"Southam East, Central & Stockton",1,27206,27960,25721,23124,27746,28808,9252,20273,14762.5
E05015124,Southam North & Long Itchington,2,23411,22596.5,25297.5,25846.5,26064.5,20464,5316.5,22069.5,13693
E05015125,Southam South,1,25400,18458,21491,25087,24267,23661,16454,32404,24429
E05015126,Southam West,3,25643,22867.333333333332,23973.333333333332,20432.666666666668,23875,20083.333333333332,21081,25295,23188
E05015127,Stratford Avenue,2,19543.5,15769.5,18576.5,16621.5,18495,9959.5,25881.5,26886.5,26384
E05015128,Stratford Bishopton,2,22839,17724,18348.5,19209,18373.5,21625.5,24067.5,31885.5,27976.5
E05015129,Stratford Clopton,1,23088,17590,17885,14481,27860,18152,26653,32824,29738.5
E05015130,Stratford Guildhall & Bridgetown,2,26708.5,26771,25250,30574,26987,13205.5,32631.5,15536.5,24084
E05015131,Stratford Hathaway,1,10671,8622,6251,9934,10024,9911,30643,30148,30395.5
E05015132,Stratford Orchard Hill,3,29269,24635.333333333332,25620.333333333332,27582.333333333332,27344.333333333332,26487.666666666668,22383,31992.666666666668,27187.83
E05015133,Stratford Shottery,3,27443.33,24399.333333333332,20996,27665.666666666668,25871.333333333332,21745,29457.666666666668,22476,25966.83
E05015134,Stratford Tiddington,1,25967,21096,24385,27777,20639,26998,12219,27257,19738
E05015135,Stratford Welcombe,2,26514.5,23994.5,24044.5,27555.5,26791,19832.5,31546,19859.5,25702.75
E05015136,Studley North,3,24050.67,21055,22288.666666666668,24304.333333333332,24545.333333333332,20098.333333333332,21682.666666666668,15633.333333333334,18658
E05015137,Studley South,2,20688.5,17147.5,15580.5,18580,18429,21561,21482.5,25564,23523.25
E05015138,Tanworth-in-Arden,2,25062.5,30281.5,31330,27132,31678,24345,4620,7167.5,5893.75
E05015139,Tredington,3,21760.33,24994.333333333332,24777,26422.333333333332,27790,27064,3682.6666666666665,7942.666666666667,5812.67
E05015140,Tysoe,1,22781,29469,28492,26490,32208,31798,2168,5438,3803
E05015141,Welford-on-Avon,2,23146,21614,26531,28831,28090.5,25233.5,5569,11997,8783
E05015142,Wellesbourne East & Rural,1,22540,19050,20094,20335,19042,24931,14980,22335,18657.5
E05015143,Wellesbourne North & Rural,3,21351,23934,19583.333333333332,24269.333333333332,23187.666666666668,26491,8444,12778.666666666666,10611.33
E05015144,Wellesbourne South,3,23909,21257.666666666668,22870.666666666668,19547.666666666668,25640,25945.666666666668,11432.666666666666,28699.666666666668,20066.17
E05015145,Wootton Wawen,1,20213,30018,29796,25731,28452,32356,8800,144,4472
E05015146,"Alfold, Dunsfold & Hascombe",2,17034,21243.5,24414.5,14756,28121.5,22525,2865.5,4548.5,3707
E05015147,Bramley & Wonersh,6,27601.5,29381.5,29793.5,29260.666666666668,29958.166666666668,26198.833333333332,8637.666666666666,16222.5,12430.08
E05015148,Chiddingfold,2,27196.5,28361.5,30058,30031.5,30788,30613,4803.5,16625.5,10714.5
E05015149,Cranleigh East,4,28237,25445.5,25445,23822.75,27395.25,29110.75,19114.25,31426.25,25270.25
E05015150,Cranleigh West,3,27631.67,25323.333333333332,25688,23622.666666666668,28989.666666666668,23857.666666666668,15098.333333333334,28906.666666666668,22002.5
E05015151,Elstead & Peper Harow,2,22279.5,25290.5,21464.5,21198,24605,20161,6263,19266,12764.5
E05015152,Ewhurst & Ellens Green,1,29513,28863,30542,27183,32480,30933,7233,23747,15490
E05015153,Farnham Bourne,3,32681,32103.333333333332,31972.666666666668,33158.333333333336,33391.666666666664,32008,14452.666666666666,28818,21635.33
E05015154,Farnham Castle,3,23822,19090.333333333332,21388.333333333332,23616.333333333332,24456.333333333332,16814.333333333332,29934,14621,22277.5
E05015155,Farnham Firgrove,5,27834.6,24322,25026,27672.2,30221,24071.4,23132,24188,23660
E05015156,Farnham Heath End,4,28155,26819.5,27606.75,24984.25,30336.5,26528.25,23517.25,25205.25,24361.25
E05015157,Farnham Moor Park,2,31353.5,28436.5,30717,28483,32865,28085,18641.5,25591,22116.25
E05015158,Farnham North West,3,28126.33,24108.333333333332,26045.666666666668,24381.333333333332,31118.666666666668,21926.666666666668,22584.333333333332,24174,23379.17
E05015159,Farnham Rowledge,4,29246.75,27717.5,29421.25,28599,32221,29448,9460,28578.5,19019.25
E05015160,Farnham Weybourne,3,28472,22822.666666666668,24389,25108.666666666668,31605.666666666668,22656,25729,23943,24836
E05015161,Godalming Binscombe & Charterhouse,6,26195.83,23687.5,22764.333333333332,25070.333333333332,23641.5,24903,24203.166666666668,26977.5,25590.33
E05015162,Godalming Central & Ockford,3,21129.67,17627.333333333332,18524.666666666668,19659.333333333332,20511.666666666668,15565,24093.333333333332,23603.333333333332,23848.33
E05015163,Godalming Farncombe & Catteshall,3,25968,21515.333333333332,23288.666666666668,27122.666666666668,26627.333333333332,16504.666666666668,29580.333333333332,18218,23899.17
E05015164,Godalming Holloway,3,33604.67,33389,33256,33535.666666666664,33366,31885,24460.333333333332,27439,25949.67
E05015165,Haslemere East,4,29868.25,28358.25,29292.5,27882.75,29418.5,26501.75,17170.25,23299.25,20234.75
E05015166,Haslemere West,4,26512.25,23387.25,25263.5,24117.25,25209.5,25606.25,18286.25,23077.25,20681.75
E05015167,Hindhead & Beacon Hill,3,28349.33,29826,27612,27632.666666666668,26374,27369,9246.333333333334,25399,17322.67
E05015168,Milford & Witley,5,24297.4,24235.6,23837.2,25604,25603,20032.2,11746.8,19048,15397.4
E05015169,Western Commons,4,23355.25,29137,30244,30923.25,31086.5,23258.5,2832.75,9600.5,6216.62
E05015170,Brampton East & Boythorpe,4,6615.5,8151.75,6341.5,9420,2078.25,11604.5,30484.5,11576.75,21030.62
E05015171,Brampton West & Loundsley Green,4,23872.75,23532,20474.25,24885.75,16491,24054.75,28458.75,21539.25,24999
E05015172,Brimington North,3,9582,11262,8203.333333333334,8947.666666666666,4007.3333333333335,11608.666666666666,26145.333333333332,14936.333333333334,20540.83
E05015173,Brimington South,4,19425.5,20320.25,16862.75,19367,9099.25,20175,26842.75,23756.5,25299.62
E05015174,Brockwell,4,20564,22295,16781.5,24362,11094.75,16191.75,32014,18029.5,25021.75
E05015175,Dunston,5,9243.8,9542.2,6945.6,9010.2,4143.2,10274.6,29450.4,25032.6,27241.5
E05015176,Hasland,6,17771.83,18626.666666666668,14650.666666666666,22141.333333333332,8582,18569.833333333332,24932.833333333332,14051.333333333334,19492.08
E05015177,Linacre,4,20163,20776.75,17159.25,22875.75,10393.25,18597.5,19797,31931.75,25864.38
E05015178,Rother,4,4247.75,4810.25,3107.5,5371.25,2705.5,4500.5,26426.5,18941.75,22684.12
E05015179,Spire,4,12890.25,14174.25,12952.25,19817.5,5877,10839.5,29153.75,9885.75,19519.75
E05015180,Staveley Central,4,4040,4334,3581.75,4544.25,1279.5,8910.75,24481,20474.5,22477.75
E05015181,Staveley North,3,8211,10514.666666666666,8356.666666666666,6805.666666666667,4032,8950.333333333334,13945,19293.666666666668,16619.33
E05015182,Staveley South,5,14567,16034.4,12215,11604.8,5878,22317,18503,27589.4,23046.2
E05015183,Walton,5,30890.8,31564.6,28076.8,29835.4,17455.8,31234,25303,28928.2,27115.6
E05015184,Whittington,6,10766.17,11453.833333333334,9158.166666666666,12208.666666666666,4869.166666666667,15227.666666666666,22694.5,15642.833333333334,19168.67
E05015185,Whittington Moor,4,6602.5,8206.75,5304.5,11133,2768.25,7793.25,30405,12665.5,21535.25
E05015186,Anchorsholme,4,11251.5,14564.5,8598.25,12658.25,5137.75,16902,20898.75,13947.25,17423
E05015187,Bispham,4,11415.5,13378.75,9106.25,16209.25,5191.25,14323.75,24210.5,8602.75,16406.62
E05015188,Bloomfield,5,17.6,221.6,72.6,263.8,66.4,35.4,16821.8,429,8625.4
E05015189,Brunswick,5,3151.4,5034,3471.8,4634,1506,2581.4,23488.4,4283,13885.7
E05015190,Claremont,5,168,709.6,249,1060.2,123.4,263.4,21041.4,2559.2,11800.3
E05015191,Clifton,5,4478.4,5819.8,4075,6878.2,1899.8,6399.6,19375.4,12188.6,15782
E05015192,Greenlands,4,10494,11324,9709,11843,5108,11259,22851.5,14589.25,18720.38
E05015193,Hawes Side,5,3705,5363.8,3562.4,6312,1472.8,5526.6,24787.4,5971.2,15379.3
E05015194,Highfield,5,9498.4,11908.4,8825.6,9120,4503.6,12981.4,27725.8,8244,17984.9
E05015195,Ingthorpe,4,7671.5,8812.25,6898.5,9763.25,2863.5,8502.75,21932.75,17257,19594.88
E05015196,Layton,5,7883.8,10787.4,8346.6,10745.2,3622.6,6887.6,25506.8,4269.8,14888.3
E05015197,Marton,4,11990.25,15509.25,13287,17887.5,5802,5245.5,22761.75,10839.25,16800.5
E05015198,Norbreck,4,19368,22135.5,19022.25,18338.75,9725.25,18112.25,25793.75,13168.5,19481.12
E05015199,Park,5,6898.2,8031.4,6917.6,9486.2,2627.6,5979.8,14804.2,21361.2,18082.7
E05015200,Squires Gate,4,12821,16574.75,12294,14717.5,4548.5,15091.25,29200.25,7454.25,18327.25
E05015201,Stanley,3,14330.33,17313,13205.333333333334,12736,5388,16284.333333333334,25889.333333333332,16598,21243.67
E05015202,Talbot,5,1491,3726.8,2053.4,3237.2,627.8,1378.2,17911.8,651.6,9281.7
E05015203,Tyldesley,5,5837,8031,6378.8,7439.8,2621.2,7926.8,24875,3380,14127.5
E05015204,Victoria,4,2255,4180.75,2954.5,2477.25,1099.25,2799.25,26216.5,3123,14669.75
E05015205,Warbreck,4,9552.75,11844.25,7813.5,13600.25,4272.25,9904.25,26836.75,6936.25,16886.5
E05015206,Waterloo,5,5439.6,8070,4983.2,8548.8,2301.2,4462.6,27536.4,3848.6,15692.5
E05015207,Admaston & Bratton,1,23411,22819,19521,24499,18282,29445,8015,28006,18010.5
E05015208,Apley Castle,2,25695,19316.5,24234.5,26103.5,17831,22474,19729,32886,26307.5
E05015209,Arleston & College,4,9954,8991.25,9715,8657,8490.75,8929.5,16142.5,19193.75,17668.12
E05015210,Brookside,3,3657,3335.3333333333335,2579.3333333333335,3546.3333333333335,4157,4981.666666666667,12256.333333333334,27091,19673.67
E05015211,Church Aston & Lilleshall,2,26501,25152.5,27515,27666.5,25825.5,25232.5,10161,18134,14147.5
E05015212,Dawley & Aqueduct,5,10332.8,9252.6,9233.2,10700.8,7142.4,10058,14380,26352.8,20366.4
E05015213,Donnington,4,6555.75,6270.75,5749,3720.5,6264,10580,15080.75,25026.25,20053.5
E05015214,Edgmond,2,25971,29527,29467.5,28904,26676,32412.5,3099.5,20423,11761.25
E05015215,Ercall,1,29539,26040,27098,28136,23286,28676,22869,22181,22525
E05015216,Ercall Magna,2,16893.5,24433.5,23151.5,23507.5,17107,29574,280,12021,6150.5
E05015217,Hadley & Leegomery,7,9130.29,7726.428571428572,9486.142857142857,8201,6560.857142857143,12888,11032.42857142857,25387.85714285714,18210.14
E05015218,Haygate & Park,6,16703.5,15167,13900,17350.333333333332,11116.833333333334,17133.833333333332,19249.166666666668,26583.5,22916.33
E05015219,Horsehay & Lightmoor,3,13352,11416.666666666666,12376.333333333334,13919,10025.666666666666,17015.333333333332,11478,29514.333333333332,20496.17
E05015220,Ironbridge Gorge,3,18135.67,22994.666666666668,17829.666666666668,21033.333333333332,15182.666666666666,13717.333333333334,11871.666666666666,14417.333333333334,13144.5
E05015221,Ketley,2,12716,11018.5,9947.5,11992,8151,16499,16619,29382,23000.5
E05015222,Lawley,5,26471.2,22455.8,25451.4,24420.4,18820.6,24154.2,18074,31671.6,24872.8
E05015223,Madeley & Sutton Hill,7,8815.14,9344.142857142857,7214.285714285715,7266.571428571428,7070.428571428572,8983.285714285714,15314.714285714286,24870.14285714286,20092.43
E05015224,Malinslee & Dawley Bank,5,5976.4,5028.4,5138.8,6580,4423.8,5563.8,17723.4,29413,23568.2
E05015225,Muxton,4,20618.5,16336.25,18521.5,19710.5,15634.25,26535.5,14245.75,28036.75,21141.25
E05015226,Newport East,2,25060,21517,23885.5,20878,17378.5,27467.5,25350,30659,28004.5
E05015227,Newport North,2,25729,23540,22885.5,24696.5,20248.5,26727.5,20939.5,29368.5,25154
E05015228,Newport South,2,24464.5,18608,19605,22777,20668,23530,27082.5,28013,27547.75
E05015229,Newport West,2,23060,19032.5,19645,19845,18643.5,20112,27793.5,25224,26508.75
E05015230,Oakengates & Ketley Bank,6,13363.33,12524,13081.166666666666,12418.333333333334,8544.833333333334,12032,17143.5,24874.666666666668,21009.08
E05015231,Overdale & The Rock,2,12262,13096,10117,13882,9052.5,10088.5,10136,28925,19530.5
E05015232,Priorslee,3,26425.67,19103.666666666668,24853.333333333332,28103.333333333332,21961.666666666668,24427.333333333332,16714,31670.666666666668,24192.33
E05015233,Shawbirch & Dothill,4,20360.5,18865,16666.75,21302.75,13929.75,20356.75,17205,32045,24625
E05015234,St Georges,5,15270.6,14264,13705.8,13872.6,10376,16457.8,16839.6,23025.2,19932.4
E05015235,The Nedge,8,12349,11151.375,11119.5,10397.375,9640.25,14467.125,16099.5,24939.375,20519.44
E05015236,Woodside,5,1697,1244.8,1433.2,1850.4,2484.2,2555.2,15509.2,28070.2,21789.7
E05015237,Wrockwardine,1,21008,22116,24999,23848,22477,24340,2436,16907,9671.5
E05015238,Wrockwardine Wood & Trench,5,12665.6,11787.2,10919.4,9174.4,8414,17923.2,19072.6,24976.6,22024.6
E05015239,Altrincham,5,29902.8,29518.6,29936,32717.2,28978.8,19390,30214.6,14713.6,22464.1
E05015240,Ashton upon Mersey,7,25734.43,26269.571428571428,22560.285714285714,30901.714285714286,21280,21131.714285714286,32081.571428571428,10003,21042.29
E05015241,Bowdon,7,26163.43,26421.428571428572,25342.428571428572,30902,26057.14285714286,22092,22039.14285714286,13881.857142857143,17960.5
E05015242,Broadheath,7,27734.14,25798.14285714286,26063.14285714286,28424.571428571428,25593.285714285714,22035,25774.285714285714,23139.714285714286,24457
E05015243,Brooklands,7,30644,29473.428571428572,28404.714285714286,32896.57142857143,27531.714285714286,25215.85714285714,32443.571428571428,18750,25596.79
E05015244,Bucklow-St Martins,6,5886.17,5386.5,3889.3333333333335,7481.166666666667,4949,8328.833333333334,13583.833333333334,26557.333333333332,20070.58
E05015245,Davyhulme,7,24453.86,24350,21014.85714285714,23903.571428571428,19963.428571428572,18689.285714285714,29956.571428571428,18728.85714285714,24342.71
E05015246,Flixton,8,25565.62,25998.75,21896.375,27876.25,19761.375,21176.625,31011.25,12681.125,21846.19
E05015247,Gorse Hill & Cornbrook,6,10953.5,10098.833333333334,10513,17409.833333333332,10354,9316.333333333334,25819.5,6882.166666666667,16350.83
E05015248,Hale,6,30282.5,30409.5,31357.333333333332,33234.666666666664,30147.833333333332,24174,31018.333333333332,9954.333333333334,20486.33
E05015249,Hale Barns & Timperley South,6,30516.5,29654,28788.333333333332,31730.833333333332,31201,25105.833333333332,16984.166666666668,26529.833333333332,21757
E05015250,Longford,6,14196.5,12378.333333333334,11055.666666666666,18466.166666666668,13821.5,11301.833333333334,28404.166666666668,10927,19665.58
E05015251,Lostock & Barton,7,17657.14,16168.142857142857,14737.714285714286,19097.714285714286,16340.42857142857,15779.57142857143,26382.14285714286,11510.714285714286,18946.43
E05015252,Manor,6,19539,17949.833333333332,16358,21043.166666666668,17634.166666666668,15714.833333333334,28113.166666666668,26702,27407.58
E05015253,Old Trafford,7,7871.71,6610.857142857143,7730,14759.57142857143,7854.714285714285,10898.42857142857,22892.571428571428,4767.714285714285,13830.14
E05015254,Sale Central,6,23713,26052.833333333332,22427,31782.166666666668,22869.333333333332,17954.833333333332,31203.5,6829.833333333333,19016.67
E05015255,Sale Moor,6,20484,19757,17372.5,24396.333333333332,18720.333333333332,15877.166666666666,31373.166666666668,15692.833333333334,23533
E05015256,Stretford & Humphrey Park,6,15714.83,15886.666666666666,14086.166666666666,21860.666666666668,14969.666666666666,13068.5,30305.666666666668,5435.5,17870.58
E05015257,Timperley Central,8,24047.25,22735.25,21420.625,26553.25,22073.75,18331.75,27025.625,19433.5,23229.56
E05015258,Timperley North,7,28906.43,27809.714285714286,25364.714285714286,30921,26083.14285714286,24169.85714285714,30075.571428571428,20986.571428571428,25531.07
E05015259,Urmston,8,20312.62,21844,17475.875,27448.75,14250.25,16261.125,32530,8308.875,20419.44
E05015260,Blaby,4,21605.5,19770.5,17877.25,15835.5,22727.25,14902.25,29891.75,21112.75,25502.25
E05015261,Braunstone Millfield,5,23093.4,19450.2,21866.2,15115.2,25785.2,15714,28655.4,19037,23846.2
E05015262,Braunstone Ravenhurst,3,17576.33,15822.333333333334,15727,10956.333333333334,19938.333333333332,12895.666666666666,29264,15784.666666666666,22524.33
E05015263,Cosby & South Whetstone,3,26719,23920.666666666668,24136.333333333332,22502.333333333332,27951.333333333332,26950,14261.333333333334,25593.666666666668,19927.5
E05015264,Countesthorpe,4,26964.5,23814.75,25239.75,19351.25,28264.75,25647.75,17912.75,26792.25,22352.5
E05015265,Enderby,3,21815,20031.666666666668,18057.666666666668,17994.666666666668,22358,17906.666666666668,22393,24750.333333333332,23571.67
E05015266,Fosse Highcross,4,19942.25,23682.5,22188.75,17503.5,23025.25,18091.5,3686.5,20463.5,12075
E05015267,Fosse Normanton,2,21435.5,21323.5,21267,18725.5,24089,22845,7009,21047.5,14028.25
E05015268,Fosse Stoney Cove,3,22031,21842,22012,19104.333333333332,24312.333333333332,23633.333333333332,4670,27881,16275.5
E05015269,Glen Parva,3,25760.33,24493.333333333332,22417.666666666668,18945.666666666668,23787.333333333332,21729,25048.666666666668,22172,23610.33
E05015270,Glenfield Ellis,3,26422.67,24810.666666666668,23789.666666666668,21459.333333333332,26782.333333333332,18000.333333333332,24331.333333333332,22190.666666666668,23261
E05015271,Glenfield Faire,3,23580.67,22929.666666666668,15362,19823,20833.666666666668,21640.333333333332,26149.333333333332,29074,27611.67
E05015272,Kirby Muxloe,4,28274.75,27100.5,25586.75,25130,26456.25,25428.75,20176.75,21345.75,20761.25
E05015273,Leicester Forest & Lubbesthorpe,5,28309.8,24396.2,26843.6,24157.2,27319.2,21914.4,23528.4,26147.6,24838
E05015274,Narborough & Littlethorpe,5,28266,25454.8,25688.2,23288,25482,26000.8,21166.8,25611.2,23389
E05015275,North Whetstone,3,22711.33,20571.666666666668,20415.333333333332,17159.666666666668,22216.666666666668,20187,25551.666666666668,23641.333333333332,24596.5
E05015276,Thorpe Astley & St Mary's,3,22742.33,16768.333333333332,19597.333333333332,16932.333333333332,24485.333333333332,18255.666666666668,29768.333333333332,25150.333333333332,27459.33
E05015277,Aigburth,4,23655.75,25758,23316,27688.5,16659.25,23823.75,31598.75,9340,20469.38
E05015278,Allerton,4,29141,29044,26845.75,31449.5,19858,26213.75,32341.5,13927.5,23134.5
E05015279,Anfield,9,2873.33,4642,2747.4444444444443,2817.6666666666665,1730.3333333333333,4801.555555555556,31980.333333333332,4528.333333333333,18254.33
E05015280,Arundel,3,4551.67,5606,5574.666666666667,11040.333333333334,3481.6666666666665,6184.333333333333,18990,1528.6666666666667,10259.33
E05015281,Belle Vale,9,2854.89,3220.6666666666665,1777.111111111111,3076.6666666666665,787.7777777777778,12176.222222222223,22569.555555555555,26923.444444444445,24746.5
E05015282,Broadgreen,4,9971.5,12182,8129.75,13437,4541.5,11124,33539,8580.5,21059.75
E05015283,Brownlow Hill,4,14308.75,27563.75,30219,15480.25,4746.75,5961.5,23042.5,5636.75,14339.62
E05015284,Calderstones,4,30455.25,32333.5,29770.75,32974.25,21241.25,30903,33153.75,13403.75,23278.75
E05015285,Canning,5,9450,15043,15571.2,13241.8,1604,10954.6,24009,7317.2,15663.1
E05015286,Childwall,9,27392.33,27356.11111111111,24412.555555555555,28959.222222222223,17025.555555555555,27454.222222222223,33346,15317.888888888889,24331.94
E05015287,Church,4,18708,21319.75,20034,27413.75,12002.75,23247.25,33596,2939.75,18267.88
E05015288,City Centre North,4,17659.75,25711.5,27726.75,15028.5,4871.5,14372.25,25041.5,10439.75,17740.62
E05015289,City Centre South,7,14068.14,20130.714285714286,24523.571428571428,18028.85714285714,4918.714285714285,3979,24000.714285714286,10050.857142857143,17025.79
E05015290,Clubmoor East,4,2538.5,3343.25,2077.5,2799.25,762.5,7073.75,23616.75,21175.25,22396
E05015291,Clubmoor West,4,2910.25,3744,1725,4238.5,1368.75,5171.5,27676.75,17043.25,22360
E05015292,County,9,1028.44,2799.222222222222,1108.4444444444443,2656.1111111111113,729.1111111111111,1977.111111111111,30959.555555555555,457.1111111111111,15708.33
E05015293,Croxteth,3,1162,1644,590.6666666666666,1625.6666666666667,270,7439.333333333333,27905.333333333332,20479.333333333332,24192.33
E05015294,Croxteth Country Park,5,18081.6,17663,14062.8,17856.2,9013,21385.8,20288.4,30562,25425.2
E05015295,Dingle,6,1872.67,2119.1666666666665,1461.3333333333333,4266.333333333333,974.8333333333334,7069.666666666667,9647.833333333334,15585.166666666666,12616.5
E05015296,Edge Hill,2,3562,3317,4234,6296.5,2176.5,5851,16196.5,7862.5,12029.5
E05015297,Everton East,4,754.25,1306,607.25,3028.5,426.75,2558.5,22836.75,13665.25,18251
E05015298,Everton North,4,2200,2503.25,1527.25,4532,647.25,4180.75,30980,13959,22469.5
E05015299,Everton West,2,3304,3802,4021.5,3988,610,4389.5,26115.5,16339.5,21227.5
E05015300,Fazakerley East,5,4128.6,5710,2733.6,3867.2,1377.2,9987.6,28948.6,19083.4,24016
E05015301,Fazakerley North,3,11837.67,14813,11022.666666666666,11684,4550.666666666667,14799.666666666666,29832.666666666668,12067.333333333334,20950
E05015302,Fazakerley West,5,4461.2,6992.4,4034.2,5712.6,2169.4,9101.6,27320.8,10394,18857.4
E05015303,Festival Gardens,2,17092,17800.5,17831,16314,7522.5,18499,18165,19904.5,19034.75
E05015304,Garston,7,7001.71,8690.714285714286,5395.857142857143,10159.857142857143,3823.5714285714284,10985.857142857143,29145.428571428572,10396.857142857143,19771.14
E05015305,Gateacre,4,21727.5,21865.25,16770.25,22124.25,11572.75,24670,32141.5,22049,27095.25
E05015306,Grassendale & Cressington,4,24909.75,25895.75,20722,30317,12151.75,26780,32567,16143,24355
E05015307,Greenbank Park,4,20788.5,22346.25,20502,25691.75,10202.25,20301,28681,13498.75,21089.88
E05015308,Kensington & Fairfield,10,2802.7,4735.8,5069.4,4309.4,1250.7,4699.3,21792.5,3202,12497.25
E05015309,Kirkdale East,2,361,823.5,238.5,1556,67,2186,25421.5,8924.5,17173
E05015310,Kirkdale West,4,1783.75,2001.25,1595.75,3565.5,771.5,3991.25,24061.25,10234,17147.62
E05015311,Knotty Ash & Dovecot Park,4,2570.75,3573.5,1822.75,2899.75,647.5,7178.75,30297.75,16984.5,23641.12
E05015312,Mossley Hill,2,30135.5,31529.5,27145,32521.5,19075.5,28810,33070.5,13843.5,23457
E05015313,Much Woolton & Hunts Cross,8,18373.75,19007.875,13952.625,21765.625,9692.625,18421,30719.875,17111.125,23915.5
E05015314,Norris Green,11,3340.64,3217.818181818182,2862,3461.818181818182,1470.8181818181818,6804,25966.545454545456,21825.272727272728,23895.91
E05015315,Old Swan East,4,5488.75,7125.25,5557.75,9465,3540.75,10001.75,33635.5,1059,17347.25
E05015316,Old Swan West,5,2506.4,3848.8,2121.2,6343,1121.2,5681.6,32446,2229,17337.5
E05015317,Orrell Park,4,9482,15159.25,9562,12668.25,5014.25,11100.25,32244.75,3249.25,17747
E05015318,Penny Lane,4,18111.25,20812.75,19965.5,28427.75,11675.75,17866.25,33590.5,2565.25,18077.88
E05015319,Princes Park,4,1882.75,2450.75,2012.25,9716.25,1108.5,3757.5,11618,8810.75,10214.38
E05015320,Sandfield Park,5,12581.2,13919.6,9544.6,13540.8,7021,11836.4,33093.4,15766.2,24429.8
E05015321,Sefton Park,4,7133,11018,6818,22569.5,2773.75,4399.25,13939.25,6285.25,10112.25
E05015322,Smithdown,8,8522.62,12544.625,16243.125,8472.5,4455.375,7978.5,18815,2140.875,10477.94
E05015323,Speke,8,2202.5,2157.25,1266.25,2774.375,999.75,9741.875,22634,21302.625,21968.31
E05015324,Springwood,4,11602.75,12525.25,7133.75,15176.25,6019.25,13298.25,31260.25,18180.5,24720.38
E05015325,St Michaels,5,12572.2,17127.4,13684.8,21177.8,6026.4,16145,20480.2,4937,12708.6
E05015326,Stoneycroft,3,5464.33,8521,4451,9311,3548.3333333333335,4770.666666666667,33603.333333333336,2885,18244.17
E05015327,Toxteth,4,1689.75,1214.25,1806,4562.75,1008.75,6723.75,11879,12475,12177
E05015328,Tuebrook Breckside Park,4,682.5,1420,1078,2234,455.5,635.75,24659.25,1827.75,13243.5
E05015329,Tuebrook Larkhill,5,4056.8,5207.6,3455.6,6148.2,2211.6,8279,31900.4,5513.8,18707.1
E05015330,Vauxhall,5,2951.6,5720.4,5136.8,2992.6,668.2,4383,28685.4,13804.2,21244.8
E05015331,Walton,8,4471.88,6508.25,4326.875,6385.125,2254.75,8064,30233.625,6678,18455.81
E05015333,Waterfront South,1,28196,31509,33091,22844,19692,9972,28653,19011,23832
E05015334,Wavertree Garden Suburb,4,12109.25,12874,9550.25,16787.75,7128.75,12895.5,32562,12027.5,22294.75
E05015335,Wavertree Village,3,8472.67,10371.666666666666,7222.333333333333,12554.666666666666,5091,14217.333333333334,28781.333333333332,6477,17629.17
E05015336,West Derby Deysbrook,3,11714.33,13252.333333333334,8476.333333333334,12294.333333333334,5493.666666666667,12141.666666666666,32182.666666666668,19695,25938.83
E05015337,West Derby Leyfield,5,17359,19742,14522.6,20273,8683.8,20678.4,33449.6,12021.2,22735.4
E05015338,West Derby Muirhead,3,19077.67,18351.666666666668,15950.333333333334,18252.666666666668,7607.666666666667,23493,30567,24231.666666666668,27399.33
E05015339,Woolton Village,3,19843.67,22134.666666666668,17490.666666666668,25980.333333333332,10548.333333333334,17465.333333333332,32464.333333333332,11081.333333333334,21772.83
E05015340,Yew Tree,8,5318.5,5290.625,3999.75,6392.625,1804.125,10328.875,29740.75,24055.875,26898.31
E05015341,Ashtead Lanes & Common,5,31382.4,30034.6,29439,31993.6,30911.6,28424.8,20487.4,22536.2,21511.8
E05015342,Ashtead Park,5,30742.8,26835.6,27638.6,30441.8,30294,28660.6,23608.8,24380.2,23994.5
E05015343,Bookham East & Eastwick Park,3,32702,32685,32084.333333333332,30539.333333333332,32440.333333333332,30378.333333333332,16597.333333333332,31956.666666666668,24277
E05015344,Bookham West,5,23546.4,21448,20003.4,23379.2,26694.8,21276.4,11819.2,26515.2,19167.2
E05015345,"Brockham, Betchworth, Buckland, Box Hill & Headley",4,25371.25,27947.75,28031.5,24344.75,29188,25220.25,7338.5,15394.25,11366.38
E05015346,"Capel, Leigh, Newdigate & Charlwood",4,19713.75,23280.25,24449,17582.25,28871,21087.75,3065.5,12626,7845.75
E05015347,Dorking North,3,28708.33,26799,29114.666666666668,31735.333333333332,26026.333333333332,20408.333333333332,31906,11708.666666666666,21807.33
E05015348,Dorking South,5,23513,19857.8,20872,23824.4,24551,15704.8,27383.4,18730.6,23057
E05015349,Fetcham,5,31488.4,31084.4,31092.4,28923.6,31873.8,28797.4,16578.2,29224.2,22901.2
E05015350,Holmwoods & Beare Green,4,22268.5,22646.25,23702.5,17437,24964.5,20939.75,9519.25,19576,14547.62
E05015351,Leatherhead North,3,15808,13548.666666666666,14993,10935,17741,17914,16743.333333333332,15981.333333333334,16362.33
E05015352,Leatherhead South,4,25387.5,23170.5,21478.25,28245,27334.5,17649.5,24164,17274,20719
E05015353,"Mickleham, Westcott & Okewood",4,22383,27731,28687,26286.75,31300.75,23491.75,6307,7475.5,6891.25
E05015354,"Aston, Datchworth & Walkern",3,21842.33,22629.333333333332,26093.666666666668,23014.666666666668,29549.666666666668,28145.333333333332,2850,15293.333333333334,9071.67
E05015355,Bishop's Stortford All Saints,3,26679.67,23843.666666666668,27077,25628.333333333332,28143,19111,26030.333333333332,14941.666666666666,20486
E05015356,Bishop's Stortford Central,4,22230.75,18057,21256,19642.5,25157.75,16398.25,26011.25,21980,23995.62
E05015357,Bishop's Stortford North,5,26704.6,22446.6,25804.4,28684.6,28753.4,14766.2,26015.2,22036.8,24026
E05015358,Bishop's Stortford Parsonage,4,30171.25,25803.75,28678.75,26526,31910,25215.25,27097.5,24163,25630.25
E05015359,Bishop's Stortford South,4,31779,27449.75,30633.5,29220.75,32433.5,31491.25,23299.75,23459.25,23379.5
E05015360,Bishop's Stortford Thorley Manor,6,32602.83,29503.666666666668,31158.5,29626.666666666668,32544.666666666668,29339.5,21727.5,31919.833333333332,26823.67
E05015361,Braughing & Standon,4,22981.75,24306.25,27262.75,19664.5,30983.75,26913.75,5338,13382.75,9360.38
E05015362,Buntingford,7,20911.71,21917.14285714286,23172.714285714286,15579.42857142857,29234.714285714286,24161,5970.428571428572,19410.85714285714,12690.64
E05015363,Great Amwell & Stansteads,4,23567.25,22266.5,22433.5,19163,29327.75,21947.75,12559.5,19800.5,16180
E05015364,Hertford Bengeo,6,28356.67,25963.5,27191,26959.833333333332,29848,24208.833333333332,24824.666666666668,18488.166666666668,21656.42
E05015365,Hertford Castle,3,21453.33,20567,21348.333333333332,20808,21310,17997,20587,23149,21868
E05015366,Hertford Heath & Brickendon,2,23337,24729.5,23829,20517.5,30972.5,27404,7070.5,13761,10415.75
E05015367,Hertford Kingsmead,5,27624.4,23301,26476.4,27889.4,29133,20760.2,23323.2,21571.6,22447.4
E05015368,Hertford Rural,1,22199,26917,25212,25116,32598,21790,3741,7000,5370.5
E05015369,Hertford Sele,4,19098.75,14376.5,17145.25,17262.5,22038.5,14688.25,18480.75,27885.75,23183.25
E05015370,Hunsdon,1,26409,23598,27672,24596,32006,29938,6699,18484,12591.5
E05015371,Little Hadham & The Pelhams,1,19870,26253,28851,26285,33368,24284,1151,4005,2578
E05015372,Much Hadham,2,20066,24921.5,19854.5,21477.5,27230.5,26151,4383,8052.5,6217.75
E05015373,Sawbridgeworth,5,28200.2,24919.8,25864,23568.8,29392.8,24096.4,26195.2,24831.6,25513.4
E05015374,The Mundens,1,15343,24182,20081,19937,21598,27084,1676,2218,1947
E05015375,Ware Priory,4,27106.5,22704.5,25229.25,26464,28872.5,21555.75,26434.75,15004.25,20719.5
E05015376,Ware Rural,2,18426,21733.5,22239.5,17610.5,29637.5,21587,2189.5,10251,6220.25
E05015377,Ware St Mary's,4,30448,28189.5,28695.25,26912,29891.25,30469.25,23717.75,20810.75,22264.25
E05015378,Ware Trinity,3,18404,14385.666666666666,14239.333333333334,13259.666666666666,25570,16101,21169,25998.333333333332,23583.67
E05015379,Watton-at-Stone,2,22462.5,25242.5,24977.5,24693.5,31556.5,29053,3588,12069.5,7828.75
E05015380,"Alfrick, Leigh & Rushwick",3,21174.33,21779,23094.333333333332,27357,28764.666666666668,28547.333333333332,3869,11967.333333333334,7918.17
E05015381,Baldwin,3,18678.33,26424.666666666668,26527.666666666668,26571.666666666668,30469,28541,1778,2082.3333333333335,1930.17
E05015382,Barnards Green,6,16661.83,14516.166666666666,12442.833333333334,18140.5,13737.5,16767.833333333332,23611.5,24278.5,23945
E05015383,Broadheath,1,25928,24139,23268,25461,26365,32580,6147,27721,16934
E05015384,"Castlemorton, Welland & Wells",3,25487.67,27866.333333333332,28025.666666666668,28517,29805.666666666668,28995.333333333332,5787.333333333333,12259,9023.17
E05015385,Great Malvern,3,27980.67,27328.333333333332,22994.666666666668,27799,27667.666666666668,23447.333333333332,29578,13910.333333333334,21744.17
E05015386,Hallow & Holt,1,24024,22944,22494,27679,26807,28192,6313,15686,10999.5
E05015387,Kempsey,2,21129,19879.5,22021,19318,24719,21711,5287.5,22555,13921.25
E05015388,Lindridge,1,14607,25462,23792,21385,28805,31490,525,709,617
E05015389,Link,4,19410.25,17978.25,15106.75,18119.75,18081.5,18132.5,28121,17841,22981
E05015390,Longdon,1,14344,27047,25758,24625,29593,27912,468,219,343.5
E05015391,Martley,1,18427,21295,23602,27009,28157,29143,2548,3038,2793
E05015392,Pickersleigh,2,6602.5,5714,5021.5,4103,8211.5,5129,24658,27844.5,26251.25
E05015393,Powick & the Hanleys,4,19232.75,21982.75,20262.5,23814,24446.75,23234.25,6188.25,8932.75,7560.5
E05015394,Tenbury,2,15837,16489,16829.5,16594,22129,26045,6762,10116,8439
E05015395,Upper Howsell,1,17535,14958,14153,12035,16902,15034,26678,23531,25104.5
E05015396,Upton & Ripple,3,15147.33,17876.666666666668,15159.666666666666,17198,17711.666666666668,19121.333333333332,7479,12126.333333333334,9802.67
E05015397,West,4,24746,22172.5,20171.25,25611.25,25556.75,24983.5,21465.5,18211.75,19838.62
E05015398,Brunswick & Adelaide,6,15495,17930,19472.333333333332,21616.166666666668,17811.333333333332,10618.5,11958.166666666666,3895.5,7926.83
E05015399,Central Hove,7,15606.86,17097.285714285714,16780,22904.714285714286,15500.285714285714,12906.57142857143,14350.285714285714,4277.285714285715,9313.79
E05015400,Coldean & Stanmer,4,11185,15355.75,16611,3936,10679.75,15983.5,5426.5,25088,15257.25
E05015401,Goldsmid,8,20248,18358.75,18094.125,27098,18863.375,21967.875,19273.75,9466.25,14370
E05015402,Hangleton & Knoll,10,15225.7,12725.9,11643.5,14936.4,14292.5,15262.2,21909.7,23942.2,22925.95
E05015403,Hanover & Elm Grove,9,17767.67,17440.444444444445,19029.555555555555,20863.11111111111,15408.555555555555,18176.11111111111,15649.222222222223,9487.555555555555,12568.39
E05015404,Hollingdean & Fiveways,9,20925.33,19784.333333333332,19365.555555555555,24200.11111111111,19031.333333333332,20822.777777777777,21719.666666666668,12987.333333333334,17353.5
E05015405,Kemptown,7,10830.71,15185.57142857143,13650.57142857143,16508,11906.285714285714,6656.714285714285,14408.142857142857,5233.285714285715,9820.71
E05015406,Moulsecoomb & Bevendean,9,9146.22,10079.444444444445,11037.444444444445,4675.222222222223,8352,13704.111111111111,8285.333333333334,23752.666666666668,16019
E05015407,North Portslade,7,15346.29,12230.857142857143,12152.714285714286,11754.857142857143,14503.142857142857,18944.714285714286,23561.14285714286,23220.714285714286,23390.93
E05015408,Patcham & Hollingbury,9,23033.22,20013.222222222223,18853.777777777777,22506.222222222223,21451.666666666668,21032.88888888889,20924.555555555555,23268.666666666668,22096.61
E05015409,Preston Park,10,24605.1,23080.3,24083.2,29555.9,23832.6,21663.4,22037.5,9743.2,15890.35
E05015410,Queen's Park,6,11932.67,12457.666666666666,10726.5,17455.166666666668,10571.5,12176.166666666666,16168.166666666666,11365.666666666666,13766.92
E05015411,Regency,6,13076.5,17608.166666666668,15961.666666666666,23859.833333333332,14801,7338.666666666667,14044.166666666666,2759.8333333333335,8402
E05015412,Rottingdean & West Saltdean,6,24645.67,23119.5,22139.5,22138.333333333332,26853.333333333332,25528.666666666668,9720.5,25716.5,17718.5
E05015413,Round Hill,5,19974.6,21535.2,22028.4,28466.4,17728.2,16482.4,18639.6,4220.8,11430.2
E05015414,South Portslade,6,14138.17,11707.666666666666,12239.666666666666,13946.666666666666,12913.833333333334,15113,25570.833333333332,13339.666666666666,19455.25
E05015415,West Hill & North Laine,6,12274.83,14904,13860.666666666666,18642.333333333332,11407.5,7702.333333333333,14438.333333333334,5489.333333333333,9963.83
E05015416,Westbourne & Poets' Corner,6,18342.67,17264.666666666668,15941.666666666666,27716.666666666668,16056.833333333334,18373.5,21288.5,7033.166666666667,14160.83
E05015417,Westdene & Hove Park,10,30431.1,27249.5,27868.1,29258.2,28096.9,26411.3,26738.8,23088.2,24913.5
E05015418,Whitehawk & Marina,7,6291.14,6334.571428571428,6086,5536.428571428572,6945.857142857143,5215.428571428572,12361.57142857143,25162.714285714286,18762.14
E05015419,Wish,6,21450.5,19641.5,19518.833333333332,26329.833333333332,19930,18039.166666666668,22525.5,12472.833333333334,17499.17
E05015420,Woodingdean,6,16052.67,15184,13422.166666666666,11155.666666666666,14669.5,22107.166666666668,9994,30508.833333333332,20251.42
E05015421,Chatteris North & Manea,3,13477.67,15580.333333333334,13888.666666666666,8063.666666666667,13481,18496.333333333332,9272,21930,15601
E05015422,Chatteris South,4,16162.75,17514.75,15817.5,8367.75,13425.5,19165,13279.75,24092,18685.88
E05015423,Doddington & Wimblington,2,17932.5,21399.5,18419,12409,15678,24225.5,5100,21623,13361.5
E05015424,Elm & Christchurch,3,9092.67,11995.666666666666,10587.666666666666,5227,11172.666666666666,17508,2391,21504.333333333332,11947.67
E05015425,Leverington & Wisbech Rural,3,10286.33,14743,10818.666666666666,6733,10678,17279.333333333332,2776,21793,12284.5
E05015426,March East,4,10489,13337.75,9480.5,5533.25,9004.75,16219.75,9991.75,24600.75,17296.25
E05015427,March North,4,13796.75,14791,13764.5,6657.75,14194.25,20286.5,10433.75,21202.25,15818
E05015428,March South,2,15894,18877.5,15230,9611,11506.5,19156,11597,25395.5,18496.25
E05015429,March West & Benwick,3,10052.33,14304.666666666666,13807,5459,14033.666666666666,14433.666666666666,2458.3333333333335,21776,12117.17
E05015430,Parson Drove & Wisbech St Mary,4,8207,14067.5,10285.5,7219,11003,18653.25,379.5,11528.25,5953.88
E05015431,Whittlesey East & Villages,4,15700.75,18913.25,16871.75,8692,14893.75,22119.25,5328.5,27655,16491.75
E05015432,Whittlesey Lattersey,2,12475.5,12562,11937.5,6401.5,11935,14869.5,9687.5,32350.5,21019
E05015433,Whittlesey North West,3,17545,16948,15762,12596.333333333334,14525.666666666666,21537,12967,24959.333333333332,18963.17
E05015434,Whittlesey South,2,17902.5,19255,17521,10880.5,17205.5,19054.5,12095.5,19939,16017.25
E05015435,Wisbech North,2,2702,3194.5,3645,32,4271.5,6501.5,11629.5,31443,21536.25
E05015436,Wisbech Riverside,2,7159.5,9642.5,10001,3161.5,7726.5,7628,13998.5,8727.5,11363
E05015437,Wisbech South,5,7705,9105.8,8541.6,2449.8,6606.2,11309.6,18891.2,16820.6,17855.9
E05015438,Wisbech Walsoken & Waterlees,4,7850.75,10405,8261.5,1659,7687.75,11095.5,13441,26874.75,20157.88
E05015439,Badsey & Aldington,2,19929,20129,18625,14574,21634,22105,6826.5,26671.5,16749
E05015440,Bengeworth,3,19228.67,16994.333333333332,20462,10789,22815.666666666668,13210.666666666666,24842.666666666668,22367.333333333332,23605
E05015441,Bowbrook,2,17934.5,26447.5,19316.5,29223.5,23150,28297.5,2694.5,3425,3059.75
E05015442,Bredon,3,24413.33,27494.666666666668,25050.333333333332,26076,28071.333333333332,30037.666666666668,5050.666666666667,13342,9196.33
E05015443,Bredon Hill,2,18913.5,25413,24680,23249,26405,28832,2816,5852,4334
E05015444,Bretforton & Offenham,2,21005.5,22213,23128.5,12666,22559,23194,5486.5,26853.5,16170
E05015445,"Broadway, Sedgeberrow & Childswickham",4,21893.75,23621.75,22657.75,18927,25657.75,26640.5,6838.5,17284.25,12061.38
E05015446,Dodderhill,2,17611.5,20565,20031.5,16563,17310,17323.5,6634.5,12030.5,9332.5
E05015447,"Drakes Broughton, Norton & Whittington",4,22918.5,21667,24076.25,19622.5,24336.5,25681.25,7170.5,22473.25,14821.88
E05015448,Droitwich East,3,19886.67,19066.666666666668,17120.666666666668,15730,18246.666666666668,19468.666666666668,23780.666666666668,23466.666666666668,23623.67
E05015449,Droitwich South East,4,30637.5,26393,30287.5,27449,27513.5,30738.25,16722.25,32273.75,24498
E05015450,Droitwich South West,4,18596.5,18052.25,14100.25,15998,14697.25,18073.5,27579.25,22770.25,25174.75
E05015451,Droitwich West,5,11058.4,9981.6,9435.2,5333.6,11929.6,14373.6,18865.2,25656.6,22260.9
E05015452,Eckington,2,21066.5,28759.5,25866.5,25389,26473,27452,2524,5504,4014
E05015453,Evesham North,4,12992.5,12925,12932.5,8347.25,15840.75,9844.5,25707.5,16691.25,21199.38
E05015454,Evesham South,4,21923.5,20957.5,18936.25,12647.5,21188.25,20780.25,22911,31174.5,27042.75
E05015455,Fladbury,2,20415.5,25002.5,25600.5,23670,23458.5,27630,2829,6544,4686.5
E05015456,Hampton,4,19341.5,16113.75,19353,11236.5,19138.75,17807,16729,31014,23871.5
E05015457,Hartlebury,2,15464.5,19331.5,15483,16914.5,20513,19564,5225,7446.5,6335.75
E05015458,Harvington & Norton,2,15407,16976,14111,17031,17796,20277.5,3117.5,18015,10566.25
E05015459,"Honeybourne, Pebworth & The Littletons",4,18289,18471.25,20647.5,14125.75,21067.25,20011.5,3889.25,27674.5,15781.88
E05015460,Inkberrow,4,22968.25,29225.5,28941,26497.5,29050.25,28243,1792.25,13243.5,7517.88
E05015461,North Claines & Salwarpe,3,23001.67,20531.666666666668,21804.666666666668,23399.333333333332,25032.666666666668,28616.666666666668,6889.666666666667,19683.666666666668,13286.67
E05015462,Ombersley,1,14425,22119,22218,18206,26198,22773,2533,639,1586
E05015463,Pershore,5,17600.6,15603,15054.8,12281.2,17459.2,19922.4,19132.6,25165,22148.8
E05015464,Pinvin,2,15524.5,18647.5,19004,10982.5,18788,21123,3230,17256.5,10243.25
E05015465,Upton Snodsbury,2,20368,28833.5,30091,29078,28642,25128,1282.5,3603,2442.75
E05015466,Ebbsfleet,2,26873,20265.5,30728,28482,22979,12793.5,19004.5,28324,23664.25
E05015467,Swanscombe,4,8681.75,9407.5,8452,8496.75,10875,4029.5,10011,20851.75,15431.38
E05015468,Marton East,4,24074.25,23909.25,22787.5,25113.75,16821.25,16729.75,18805.75,23452.5,21129.12
E05015469,Nunthorpe,3,30867,29935.666666666668,28757.333333333332,29414.333333333332,24753.333333333332,28597.333333333332,17967.333333333332,30668.333333333332,24317.83
E05015470,Goat Hall,4,31099.5,29012.75,29402.25,26772.5,28852.25,25997,27995.75,22310,25152.88
E05015471,Great Baddow East,5,23455.8,21258.8,20786.6,23137.2,23107.2,16864.2,22267.2,21278.4,21772.8
E05015472,Great Baddow West,4,19894.25,15915.75,16933.25,17134,20282.25,13675,27682.5,25514.25,26598.38
E05015473,Moulsham and Central,8,22140.38,21199.5,22331.5,26462.75,21742.75,10670.625,28422.375,13954.125,21188.25
E05015474,Pocklington Provincial,11,26441.55,24598.909090909092,25825.909090909092,21756.272727272728,24177,27034.81818181818,15561.09090909091,26257.272727272728,20909.18
E05015475,Wolds Weighton,9,22170.44,25336.444444444445,26837.666666666668,22468.555555555555,26783.444444444445,28011.555555555555,6720.666666666667,16469.444444444445,11595.06
E05015476,Carlton,4,15270.75,16295,12761.25,12031.25,13406.75,14831,13312.25,25380.75,19346.5
E05015477,Worksop North East,4,19623.5,20699.25,16518.75,14714,11516.75,23699.25,22636.75,24803.5,23720.12
E05015478,Downs West,1,23258,30480,26640,25028,27684,26494,2375,11079,6727
E05015479,Goat Lees,2,18225.5,18328,17454.5,18838,20281.5,17291.5,7764,24585.5,16174.75
E05015480,Badgeworth,2,20721.5,22809,22178.5,20298.5,22453.5,20234,11512.5,6840.5,9176.5
E05015481,Churchdown Brookfield with Hucclecote,4,27445.5,24991,23770.25,26659.75,22944,29194.25,22452.75,25277.25,23865
E05015482,Churchdown St John's,5,27345.4,24106,24627.6,24194.6,25767.4,26099.6,26013.4,26701.2,26357.3
E05015483,Cleeve Grange,2,32416,29854,29392,29421.5,31776,28652,24366,31699.5,28032.75
E05015484,Cleeve Hill,3,31372,30584.333333333332,31092.333333333332,29294,32439,29478.666666666668,14448.666666666666,27322,20885.33
E05015485,Innsworth,3,22804,16773,21051,18126.666666666668,21201,22171,21845.666666666668,29313.666666666668,25579.67
E05015486,Isbourne,2,22014.5,24019,26545,25646,30064.5,22967,6283.5,15736,11009.75
E05015487,Tewkesbury East,3,31241.33,27459,30333.333333333332,25867.333333333332,30027.333333333332,26018.333333333332,21796.666666666668,29395.666666666668,25596.17
E05015488,Bottisham,3,24159.33,25149.333333333332,25263.666666666668,26053.333333333332,26420,24715.333333333332,5981,18004.666666666668,11992.83
E05015489,Woodditton,4,25489.25,27337.25,28928.25,25102.5,29653.25,31054.5,8430.25,15515.5,11972.88
E05015490,Banister & Polygon,9,15445.22,17804.11111111111,20043.333333333332,17808.222222222223,8465.777777777777,5608,26970.88888888889,13013.444444444445,19992.17
E05015491,Bargate,9,15254.33,15743.222222222223,19556.88888888889,13322.333333333334,12480.222222222223,6540.888888888889,19827.444444444445,14773.777777777777,17300.61
E05015492,Bassett,9,22632.56,21826,23751.11111111111,24015.444444444445,19932.333333333332,16364.111111111111,20503.777777777777,16999,18751.39
E05015493,Bevois,9,7380.44,9095.444444444445,11326.444444444445,7357.222222222223,4645.444444444444,2511.4444444444443,25669.555555555555,8052,16860.78
E05015494,Bitterne Park,10,17976.5,17727.5,17039.4,18662.9,14138.7,10633.5,24917.1,15753.9,20335.5
E05015495,Coxford,9,12580.33,11375.111111111111,11796.777777777777,10584.444444444445,8758.444444444445,9981.222222222223,27826.88888888889,22044.777777777777,24935.83
E05015496,Freemantle,7,12043.29,12849.857142857143,12449.57142857143,16246.42857142857,7708.428571428572,5508.285714285715,30223.85714285714,9921,20072.43
E05015497,Harefield,8,12763.88,12219.125,12149.625,11075,9795.25,7828.75,24297.875,21260.5,22779.19
E05015498,Millbrook,9,12392.89,10825,13560.666666666666,11238.444444444445,9720.888888888889,7189.888888888889,28577.11111111111,17098,22837.56
E05015499,Peartree,9,14284,15396.555555555555,13976.777777777777,14821.111111111111,9932.333333333334,9632.444444444445,24759.333333333332,14617.333333333334,19688.33
E05015500,Portswood,8,17573.12,18791.875,20790.5,18391.25,13731.625,11677.75,25904.625,10798.25,18351.44
E05015501,Redbridge,9,7732.89,7639.555555555556,8017.888888888889,6289.444444444444,5823,3974.4444444444443,27191.777777777777,19044.666666666668,23118.22
E05015502,Shirley,9,18599.33,17833.333333333332,18723.333333333332,19667.222222222223,14775.555555555555,10997.555555555555,31370.444444444445,14519,22944.72
E05015503,Sholing,9,15907.67,17645.444444444445,16662.333333333332,12128.111111111111,12429.111111111111,12073.444444444445,15340.777777777777,17581.222222222223,16461
E05015504,Swaythling,10,12709,12999.3,16804.3,11276.3,8326,8765.1,18344.9,15679.2,17012.05
E05015505,Thornhill,9,4757.78,6308.666666666667,5421.333333333333,2813.8888888888887,4437.222222222223,4036.1111111111113,8490.111111111111,18988.666666666668,13739.39
E05015506,Woolston,10,10920.7,11815.5,12155.8,8972.6,7862,6682.5,18370.6,18821.3,18595.95
E05015507,Abbey,7,6766.43,7790,7593.142857142857,8970.57142857143,5216.285714285715,4718.857142857143,20768.14285714286,7430.571428571428,14099.36
E05015508,Allestree,9,31296.89,30079.777777777777,28402.444444444445,30713.88888888889,24965.777777777777,28815.777777777777,29497,23849.444444444445,26673.22
E05015509,Alvaston North,10,7588,8188.8,7768,5734.6,5510,7792,26484.4,14177.9,20331.15
E05015510,Alvaston South,9,9883.22,10172.111111111111,8825.888888888889,7953.333333333333,7623.777777777777,7525.444444444444,30183.11111111111,17417.777777777777,23800.44
E05015511,Arboretum,9,1396.56,1922.888888888889,2750.4444444444443,2087.1111111111113,3025.1111111111113,2974.3333333333335,11047.444444444445,3144.222222222222,7095.83
E05015512,Blagreaves,9,18183,15179.777777777777,15450.555555555555,15930.444444444445,15139,17162.333333333332,26004,19767.444444444445,22885.72
E05015513,Chaddesden East,7,14076.14,14474.42857142857,12167.42857142857,11828.142857142857,11947.42857142857,10737.42857142857,28544.714285714286,16710.285714285714,22627.5
E05015514,Chaddesden North,6,10427.83,9930.833333333334,9906.833333333334,7686.833333333333,7046.833333333333,10985.166666666666,23507.5,19791.5,21649.5
E05015515,Chaddesden West,6,7281.5,7702.666666666667,7227.333333333333,5040.666666666667,5050.666666666667,8356.333333333334,24662.5,14957.166666666666,19809.83
E05015516,Chellaston & Shelton Lock,10,21478.9,19667.1,19185.9,20128.9,15439.2,17808.8,25885.4,25581.6,25733.5
E05015517,Darley,9,15489.11,17051.88888888889,15772.888888888889,20390.777777777777,11533.222222222223,11630.777777777777,20758,10132.888888888889,15445.44
E05015518,Littleover,8,25454.75,22443.125,23448.125,27259.375,20494.5,22309.125,25677.375,21108.625,23393
E05015519,Mackworth & New Zealand,9,8751.78,9170.111111111111,9487.111111111111,7326.222222222223,6130.888888888889,6960.888888888889,20854.444444444445,17506.333333333332,19180.39
E05015520,Mickleover,9,27743.78,25755.333333333332,23973.444444444445,28228.88888888889,20661.444444444445,23264.444444444445,26234,24532.88888888889,25383.44
E05015521,Normanton,10,2564.9,2209.1,3906.4,1718.1,6842.5,6842.2,14350.1,3760.2,9055.15
E05015522,Oakwood,8,26594.62,24202.375,23895.125,23147.75,20302.25,25272.75,22398,28761.125,25579.56
E05015523,Sinfin & Osmaston,9,7113.33,6021.666666666667,6369.333333333333,5039.888888888889,7385.555555555556,9821.222222222223,18102.777777777777,19296.333333333332,18699.56
E05015524,Spondon,8,19987.62,20028.75,17240.875,18463.25,12832.5,20589.375,26639.375,19091.125,22865.25
E05015525,Baylis & Salt Hill,4,11060.75,9640.25,15899.75,8657.75,21389.25,10871,2692.5,15058.75,8875.62
E05015526,Britwell,4,8345.75,6932,9593.75,6986.25,12821,6270.5,5073.75,28004,16538.88
E05015527,Chalvey,3,6374,5321.333333333333,9053,6436.666666666667,17063.333333333332,5244.333333333333,2902.3333333333335,10753,6827.67
E05015528,Cippenham Green,4,16250.25,12923.5,17962.5,14339,26117.75,16140.25,5494,18658,12076
E05015529,Cippenham Manor,4,11874.5,8682.25,15298.25,12658.5,24060.25,11311.25,2481.75,19311.5,10896.62
E05015530,Cippenham Village,4,18389.75,16064,21522.5,15627,22754.5,16448.75,6298.25,19600.75,12949.5
E05015531,Colnbrook & Poyle,5,12848.2,11561.8,16647,13526.8,21554,10911.8,4732.8,11694.4,8213.6
E05015532,Elliman,3,10373,7844,13643,9219.333333333334,21977,8422.666666666666,4174.666666666667,15597.333333333334,9886
E05015533,Farnham,4,10445.25,8754.5,14998,8008.75,23365,7467.25,2936.25,18600.5,10768.38
E05015534,Haymill,5,20164.8,17741.6,21962.2,18732.8,25327.8,17809,8533.8,19947.6,14240.7
E05015535,Herschel Park,5,8531,6966.4,13893.8,11749.8,18686.4,3284,3968.8,12067.6,8018.2
E05015536,Langley Foxborough,3,14210,10028.666666666666,14946,15892.666666666666,22352.333333333332,10431.666666666666,9242.666666666666,17337.333333333332,13290
E05015537,Langley Marish,5,16098.2,11829.4,15385,16650,21943.8,10583.2,12508.4,23003,17755.7
E05015538,Langley Meads,4,19004.75,15763.75,22183.5,20458.75,26164.75,14093.5,5971,20180,13075.5
E05015539,Langley St Mary's,3,24398.67,18878.666666666668,25718.666666666668,24230,30310,20523,9870,21289.333333333332,15579.67
E05015540,Manor Park & Stoke,4,9524.75,7519,11837.25,6399.75,17906,12038.5,3217,23654.5,13435.75
E05015541,Northborough & Lynch Hill Valley,5,11135.8,8261,13082.8,9001.4,17574.8,15114.4,3621.6,28851.8,16236.7
E05015542,Slough Central,2,16390,12126,20524,15828,27685.5,11424,5549.5,21880,13714.75
E05015543,Upton,4,22006.75,17169.25,24445.75,23257.5,29271,14606.25,10125.25,20946.25,15535.75
E05015544,Upton Lea,6,11114.67,10966.333333333334,15884.5,7807.833333333333,23195.666666666668,12694,2119.8333333333335,16528.333333333332,9324.08
E05015545,Wexham Court,3,11259.33,8567.666666666666,13689,10721,19535.333333333332,13244.666666666666,2249.6666666666665,25659,13954.33
E05015546,Barnoldswick,6,15348.17,19513.166666666668,17815.833333333332,13741.666666666666,15486.166666666666,20929.833333333332,18604.666666666668,2512.6666666666665,10558.67
E05015547,Earby & Coates,6,13489.83,16608.666666666668,15705.333333333334,14209.333333333334,11575.333333333334,23201.666666666668,8121.5,8326.666666666666,8224.08
E05015548,Aldeburgh & Leiston,7,15224.71,17489.14285714286,16654,9178.42857142857,16523.14285714286,23719,8594,16338.42857142857,12466.21
E05015549,Martlesham & Purdis Farm,4,27647.25,27619.25,26983.5,24967.5,22101.5,25876.5,11524.5,30264.75,20894.62
E05015550,Melton,3,24932.33,24340.666666666668,23984,23842.333333333332,24509.666666666668,27919.333333333332,9783.333333333334,26489.333333333332,18136.33
E05015551,Orwell & Villages,7,21832.43,24960.714285714286,24101.285714285714,13688,20927.14285714286,27718,8160.714285714285,21706,14933.36
E05015552,Saxmundham,2,12822,11923,11107.5,8827,13796,14320.5,10477.5,27441.5,18959.5
E05015553,Woodbridge,4,20843.75,20861.25,18450.75,20700,17345.75,23479.5,14550.5,19401.75,16976.12
E05015554,Chedworth & Churn Valley,2,18246,28712.5,27999,27950.5,32316.5,25463,1774,980,1377
E05015555,Ermin,1,17302,32443,32242,31995,33365,21351,645,373,509
E05015556,Sandywell,1,19625,26443,27336,30895,31519,27440,2997,1137,2067
E05015557,Stratton,1,31892,30578,31956,29855,32432,33439,10034,31775,20904.5
E05015558,Henley-on-Thames,7,29269.86,26051.714285714286,26766.85714285714,27045.571428571428,30015.714285714286,25337,27614.571428571428,22275.714285714286,24945.14
E05015559,Woodcote & Rotherfield,7,25497.43,29749.285714285714,31003.85714285714,27157.85714285714,33010.42857142857,29702.428571428572,4368.714285714285,14321.285714285714,9345
E05015560,Coltishall,2,20705,20828.5,19657.5,19955,22758,27080.5,8305.5,12289.5,10297.5
E05015561,Spixworth with St Faiths,4,23251.25,23570.75,21663,14085.75,23966.5,28181.25,9295.75,28860,19077.88
E05015562,Botley & Sunningwell,4,30184.25,26130.75,30057.25,26605,32092.75,28563.25,18096.75,27763,22929.88
E05015563,Kennington & Radley,5,28054.2,27462.2,27005.2,24741.8,29803.4,28810.2,12424.6,20261.2,16342.9
E05015564,"Awsworth, Cossall & Trowell",2,22359,22054.5,19636,17814,21044,19627.5,24112,14659,19385.5
E05015565,Bramcote,5,30720.4,29023.2,27286.2,31284,28459.2,27799.2,30483.4,21088.6,25786
E05015566,Greasley,4,27601.75,26666.25,22437.75,21686,22209.25,27520.5,29267.5,23010.5,26139
E05015567,Kimberley,5,18377.4,17829.6,14355.4,19730.2,16173,18749.4,27704.2,11856.4,19780.3
E05015568,Nuthall East & Strelley,3,30139,26095.333333333332,26255.333333333332,29381.333333333332,26144,25658.333333333332,26938,24288.333333333332,25613.17
E05015569,Stapleford North,3,13856,11569.333333333334,10994.333333333334,12575.333333333334,15833.666666666666,9872.666666666666,31730.666666666668,17404,24567.33
E05015570,Stapleford South East,3,19206.33,16620.666666666668,14856.666666666666,17283.333333333332,17401,17839,32982.666666666664,19540.666666666668,26261.67
E05015571,Crowthorne,4,30099.25,29266.75,28574,29175.5,31092,26654.25,13529.25,28086.75,20808
E05015572,Harmans Water & Crown Wood,7,19708.71,15960.285714285714,17349.85714285714,14239.714285714286,23982.14285714286,16942,14300.714285714286,28485.714285714286,21393.21
E05015573,Sandhurst,8,29709.12,27747.125,30204.875,24490.625,32147.875,27456.625,13388.375,28306.25,20847.31
E05015574,Swinley Forest,4,30459.25,28717.25,30380,25412,30847.25,27900.5,13813.5,30215.5,22014.5
E05015575,Whitegrove,4,32373.5,30824.25,32045.75,28881.25,33123.5,31781.5,17612.25,27927.25,22769.75
E05015576,Winkfield & Warfield East,7,28760.86,30636.285714285714,32302.571428571428,27459.714285714286,32986.42857142857,30319.428571428572,5093.857142857143,22495.428571428572,13794.64
E05015577,Iceni,4,19901.75,20548.75,26169.5,10668.75,24090.5,18432.5,5117.75,26026.5,15572.12
E05015578,Manor,2,21089,25787,27366.5,19430.5,27598,24453.5,2769.5,11240,7004.75
E05015579,Moreton Hall,6,30713,26568,29418.833333333332,25672.5,26350.5,29497.833333333332,22721.5,31626.166666666668,27173.83
E05015580,Rougham,1,17600,18873,20875,17077,25546,24215,2368,11360,6864
E05015581,Bedhampton,7,17603.86,17382.14285714286,16720.714285714286,13635.142857142857,15670.142857142857,12831,20012.14285714286,20366.14285714286,20189.14
E05015582,Cowplain,6,27396.67,25462.5,24244.833333333332,20935.5,23747,25147.166666666668,22147,29204.833333333332,25675.92
E05015583,Emsworth,6,24775.83,22367,22218.666666666668,21023.833333333332,25397.5,20619.833333333332,19167.5,24299.333333333332,21733.42
E05015584,Hart Plain,6,17699.5,16896.5,15265.833333333334,12269.5,16964.833333333332,15127,16887,29012.166666666668,22949.58
E05015585,Havant St Faith's,7,19282.43,18806.714285714286,17068.571428571428,17839.428571428572,16945.714285714286,16121.285714285714,20470.571428571428,19368.571428571428,19919.57
E05015586,Hayling East,6,16979.83,18734.666666666668,13866.333333333334,11198.666666666666,16263.833333333334,15437.833333333334,13305.666666666666,26070.833333333332,19688.25
E05015587,Hayling West,5,20753.8,22146.8,19255.2,16525.2,18355.4,17393.8,14970.2,25131,20050.6
E05015588,Leigh Park Central & West Leigh,8,4293.5,4413.75,4375.125,1707.25,4948.375,5718.875,15116,23658.125,19387.06
E05015589,Leigh Park Hermitage,9,4296.33,4550.444444444444,4630.333333333333,1099.888888888889,6490.333333333333,4755.666666666667,15203.777777777777,26414.777777777777,20809.28
E05015590,Purbrook,6,24741.83,24685.5,22074.666666666668,19848.166666666668,21423.333333333332,20962.833333333332,19105.833333333332,25202.666666666668,22154.25
E05015591,Stakes,7,14257,11628.142857142857,12398.142857142857,10255.857142857143,13269.142857142857,14488.857142857143,20629.285714285714,26520.571428571428,23574.93
E05015592,Waterloo,6,23146.17,23177.333333333332,20243.5,18090.666666666668,20556.5,20774.333333333332,20286,27766.833333333332,24026.42
E05015593,Allington & Bridge,4,22258.5,22145.75,21971,20987.25,20135,15893.75,16440.25,20311.75,18376
E05015594,Barming Heath & Teston,4,22758.25,22633,22398,19788.75,22120.75,17572.5,12898.5,24899.75,18899.12
E05015595,Bearsted & Downswood,6,29219.17,28786,28266,26299.833333333332,28418.333333333332,28530,11720.333333333334,27556.5,19638.42
E05015596,Boughton Monchelsea & Chart Sutton,2,16984.5,20655.5,22469,15407,25052.5,24155.5,1256,14411.5,7833.75
E05015597,Boxley Downs,4,23377.25,26034.5,28972.5,22723.5,27957,19240.5,4149.5,20226,12187.75
E05015598,Coxheath & Farleigh,4,17187.25,20463,19905.5,16612,22554.75,21410.75,2309.25,20176,11242.62
E05015599,Fant & Oakwood,7,15631.43,15928,17158.714285714286,14825.714285714286,17105.428571428572,9060.857142857143,13171.714285714286,14545.285714285714,13858.5
E05015600,Grove Green & Vinters Park,5,28796.4,27478.2,28590.2,24613,27458,23454.6,15182.6,29533.6,22358.1
E05015601,"Harrietsham, Lenham & North Downs",5,14798.6,18201.2,17133.8,14700.2,21700,16050.6,4452.2,13646.4,9049.3
E05015602,Headcorn & Sutton Valence,4,13917,18450.25,19538.25,12798.5,24715,14052,1493.25,13542.25,7517.75
E05015603,High Street,6,9515.33,9880.333333333334,10382.833333333334,9620.166666666666,12738.666666666666,4356.666666666667,10685.833333333334,13777,12231.42
E05015604,Leeds & Langley,4,18036.25,18819.75,20576.25,17295.25,21160.5,16294.75,4813.5,25092.5,14953
E05015605,Loose & Linton,5,22391.8,24999.6,25134.8,22487.4,28402.8,21401,4393,20517.8,12455.4
E05015606,Marden & Yalding,5,14729,17270,16284.4,15418.6,20959.6,16344.6,4147.6,13556,8851.8
E05015607,Palace Wood,4,32169.25,30257.5,30359.75,27069.75,29124.25,30051.25,23695,28391.25,26043.12
E05015608,Park Wood & Mangravet,6,8161.17,7371.5,7677.333333333333,6485.5,12229.833333333334,6050.333333333333,8637.333333333334,29579.833333333332,19108.58
E05015609,Penenden Heath,7,19961.14,19700.714285714286,20398.14285714286,18658.714285714286,21770.428571428572,15369.57142857143,14370,14527,14448.5
E05015610,Ringlestone,1,10723,12820,9773,7391,12189,5816,9828,25720,17774
E05015611,Senacre,1,8240,7103,7264,6564,8729,13867,7408,26360,16884
E05015612,Shepway,8,11934.12,12926.5,10511.375,8096.25,12534.75,8649.875,13195.875,27742,20468.94
E05015613,Staplehurst,4,19778,19208.25,21980,16202.5,22727.5,17255.5,5206,25319.5,15262.75
E05015614,Tovil,3,12773,11315,12406.666666666666,10366,13807.666666666666,11391,9217.666666666666,28354.333333333332,18786
E05015615,Astwood Bank & Feckenham,6,24192,24264.833333333332,23110.666666666668,22288.833333333332,23553.666666666668,26484.833333333332,14715.666666666666,20101.5,17408.58
E05015616,Batchley & Brockhill,6,16285,14276.833333333334,14679.666666666666,12612.5,14596,16333.166666666666,18331.666666666668,30151,24241.33
E05015617,Central,6,14258.83,13055.166666666666,14393,9106.166666666666,15470.833333333334,11039,24653.333333333332,14339.5,19496.42
E05015618,Greenlands & Lakeside,6,13037.83,10816.166666666666,12603,6633.333333333333,12474.5,15192,25528.666666666668,22348.333333333332,23938.5
E05015619,Headless Cross & Oakenshaw,6,20672.5,20403.666666666668,17608.5,15407.833333333334,16360,22565.833333333332,21459,24151,22805
E05015620,Matchborough & Woodrow,7,12807.86,12309.714285714286,12111.142857142857,7384.857142857143,11314.714285714286,15086.285714285714,19866.285714285714,26058.285714285714,22962.29
E05015621,North,7,15809.86,15141.285714285714,14549.57142857143,10724,13643.714285714286,17823,23162.571428571428,25407.571428571428,24285.07
E05015622,Webheath & Callow Hill,6,28245.33,26117.833333333332,26286.166666666668,22419.5,26295.333333333332,29627.5,15642.333333333334,29248.833333333332,22445.58
E05015623,Winyates,7,19938.71,19092.571428571428,17350,14146.142857142857,16794.14285714286,20305.285714285714,22753.714285714286,25426.285714285714,24090
E05015624,Almond Hill,5,12550.6,10997,10868.4,10263.4,12863.8,9194.2,19840.4,24052.8,21946.6
E05015625,Bandley Hill & Poplars,5,18072.8,15225,17486.4,12295.6,13219.2,19626.8,18601.8,32166.2,25384
E05015626,Bedwell,5,10127.4,8242,9277.2,8997.6,11038,6001.6,23057.8,23534.8,23296.3
E05015627,Chells,5,17523.4,14999.6,16287.6,12270.2,15030.8,15073.8,18333,28542.4,23437.7
E05015628,Longmeadow,4,18184.25,16917,15778.25,12793.25,15417.25,20231,13874.75,29873,21873.88
E05015629,Manor,5,25372,23236.8,25234.4,21019.2,24325.6,26151.8,13174.6,28606,20890.3
E05015630,Martins Wood,4,14356.25,13705,13702.75,10298.75,13399,13945.75,15215.75,19211.5,17213.62
E05015631,Old Town,2,21463,20125,20196,19719.5,22135,8493,27310,16802.5,22056.25
E05015632,Roebuck,4,13831.75,12880.25,13766.75,11272,12679,12614.25,13214.5,21333.5,17274
E05015633,Shephall,4,13429.75,10575.5,11900,9410.75,13777.75,11484.75,21234.75,26676.25,23955.5
E05015634,St Nicholas,4,13854.75,11826.5,12274.25,11970,14338,13985.75,14362.5,20417.25,17389.88
E05015635,Symonds Green,4,15529,13378.5,13220.25,11805.75,13764.25,21599.25,16306.5,22006,19156.25
E05015636,Woodfield,3,23156,21709.666666666668,21340.333333333332,19527.333333333332,19558.333333333332,18241.333333333332,16614.333333333332,25931.333333333332,21272.83
E05015637,Billericay East,8,29529,28885.625,29424.875,25626.25,28792.875,26840.25,20094.125,26551.625,23322.88
E05015638,Billericay West,8,29105.75,27880.25,28960.25,25570.375,28039.125,25441.5,18821.375,28235.5,23528.44
E05015639,Burstead,8,26794.75,26740,26476.5,20703.875,26607,23592.875,17402.625,25252.875,21327.75
E05015640,Castledon & Crouch,8,20518.12,21516.375,20575.875,11263.5,21814.25,18347,15416.25,23352.25,19384.25
E05015641,Fryerns,8,8379.88,8197.5,8431.625,5558.375,9480.125,9592.625,9139.25,23039,16089.12
E05015642,Laindon Park,8,12670.38,11842.375,11815.375,8531.75,10467.5,14386.25,15041.125,25646.5,20343.81
E05015643,Langdon Hills,9,24061.89,23094,22724.11111111111,18737.88888888889,21349.555555555555,20070,17380.11111111111,25616.444444444445,21498.28
E05015644,Lee Chapel North,8,7716,7194.75,6975.5,6941.75,8689.625,5761.875,14743.125,23520.125,19131.62
E05015645,Nethermayne,8,10861.5,10253.25,10708.375,9605.25,12874.5,6413.875,12578.625,21099,16838.81
E05015646,Pitsea North West,9,6586.78,7107,7186.444444444444,4551,6530.555555555556,8245.444444444445,8488.666666666666,23684.444444444445,16086.56
E05015647,Pitsea South East,9,7200.11,9273.111111111111,7617,5438.222222222223,7955.111111111111,5044.111111111111,9867,18246.555555555555,14056.78
E05015648,St Martin's,7,6189,6446.142857142857,6488.428571428572,6271.428571428572,8317,2641,8472.142857142857,21881,15176.57
E05015649,Wickford North,8,23801.62,23562.75,22100.75,15641.75,21781,21980.25,18477.375,24962.125,21719.75
E05015650,Wickford Park,6,20134.17,18068.666666666668,20411.333333333332,14981.166666666666,19943.333333333332,16368.5,16071.666666666666,26714.333333333332,21393
E05015651,Blackmore & Doddinghurst,4,26969,28766.75,26456.25,21469.75,30797.75,27764,7357.25,25025.5,16191.38
E05015652,Brentwood North,4,22329,19548,20964.25,23436.5,23140.25,14610.75,22882.75,16861.25,19872
E05015653,Brentwood South,4,28192.5,26429.5,27803,29809.75,28492,16350.25,28687.75,15792,22239.88
E05015654,Brentwood West,4,20974.5,18832.5,19674.5,22770.75,22918,13481.75,26009.5,14203.25,20106.38
E05015655,"Brizes, Stondon Massey & South Weald",4,18666.75,22395.75,20955.75,16893,26420.5,12724.5,5455,13581.25,9518.12
E05015656,"Herongate, Ingrave & West Horndon",2,25778.5,29068,28148,23245.5,30472,23408,5598,15852.5,10725.25
E05015657,Hutton East,3,28237.67,27382,27449,24628.666666666668,29291.666666666668,23280.666666666668,18409,26371,22390
E05015658,Hutton North,4,22075,20145.25,19640.25,21123.25,21931.5,18320.25,18706,24754.5,21730.25
E05015659,Hutton South,5,24944.2,23658.4,23157.8,24165,25711.4,20840.4,16659.4,27710,22184.7
E05015660,"Ingatestone, Fryerning & Mountnessing",4,25234.25,26005.75,24815,24122,27995.75,22018.5,11897,18412.25,15154.62
E05015661,Pilgrims Hatch,4,19173.75,18713.25,17978.25,16522.25,20692.25,15499,10219.25,23553.75,16886.5
E05015662,Shenfield,3,32558.67,32528.333333333332,32954,32211.333333333332,32923.333333333336,24608.333333333332,29624,19174,24399
E05015663,Warley,3,22408,18778.666666666668,19152,23166,21052.666666666668,18897.666666666668,19581.333333333332,21461.666666666668,20521.5
E05015664,Avenue,4,32379.5,29732,29820.5,27064,28892.5,30757.5,28204.5,29300.75,28752.62
E05015665,Fareham Park,5,19876.8,17989.4,17427.4,13283.8,18892,17498,24805.4,27603.6,26204.5
E05015666,Fareham Town,4,19991,17661,16025,21846.25,20344,10170.25,31645.5,17581.75,24613.62
E05015667,Fort Fareham,6,18597.33,17205.333333333332,15050.333333333334,17346.833333333332,16451.5,13235,30809,24281,27545
E05015668,Hill Head,5,32510.8,30809.6,29392.8,30211.6,29622,30618,22195.8,31930.2,27063
E05015669,Hook-with-Warsash,4,30400,29478.75,30547.25,26884.5,31910.25,25499.25,14647.5,27707.75,21177.62
E05015670,Locks Heath,5,30774.6,28366,27743.6,27303.8,29810.2,27035,20738.4,30368.4,25553.4
E05015671,Park Gate,4,27302.75,23075,24186.25,22245.25,25023.25,25359.25,28057.75,24437.5,26247.62
E05015672,Portchester Castle,5,26743,25212.8,23351,17958.8,25659.4,23096,32443.2,22456.2,27449.7
E05015673,Portchester Wicor,4,26412.25,22315,22434.5,18280,24875.25,23208,30678.25,26360.25,28519.25
E05015674,Sarisbury & Whiteley,4,32145,30340.25,31389.5,30714.75,31617,26021.25,19825.75,27562.5,23694.12
E05015675,Stubbington,4,28481.5,26858.25,24958.5,21836.75,26604.75,25588.75,24823.75,27485.75,26154.75
E05015676,Titchfield,4,24897,23402,22125,21467.5,26696.5,20968.75,18400,21784.5,20092.25
E05015677,Titchfield Common,6,28441,25455.833333333332,27226.166666666668,22034.166666666668,27354.833333333332,24026.666666666668,21692.833333333332,30515.833333333332,26104.33
E05015678,Uplands & Funtley,4,31366.25,29643.25,29151.25,28374.25,28432.25,25642,25669.25,25885,25777.12
E05015679,Wallington & Downend,5,31224.8,29080.2,29882.8,27170.8,29951.4,27988.6,25909.6,22059.6,23984.6
E05015680,Bush Fair,6,11571.17,9787.666666666666,9767.333333333334,6904,14952.833333333334,8276.5,20850.5,26562.833333333332,23706.67
E05015681,Church Langley North & Newhall,3,28062,22342.666666666668,27674.666666666668,20712.333333333332,29055,20536,19813,33410,26611.5
E05015682,Church Langley South & Potter Street,7,19948.86,17411,19245.85714285714,15474.142857142857,21292,16308.285714285714,13754.714285714286,29383.285714285714,21569
E05015683,Great Parndon,5,17053.6,14599.4,15322.2,12565.4,19070.8,14375.2,18047.8,22659.4,20353.6
E05015684,Latton Bush & Stewards,6,11867.5,9973.5,10788,9434.166666666666,13433,6702,19424.166666666668,26341,22882.58
E05015685,Little Parndon & Town Centre,4,10015,8810.5,8343.25,10747.75,15062.75,9965.5,7693.25,25509,16601.12
E05015686,Mark Hall,5,9581.2,7629,7466.2,7600,14831.6,6958.4,19721.8,22357.6,21039.7
E05015687,Netteswell,5,11171.4,9115,9700.8,9126,15601.2,6979.6,17692.4,23866,20779.2
E05015688,Old Harlow,5,20424.4,16708.6,20926.8,13307.8,22095.6,13300.8,24222.4,24407.6,24315
E05015689,Passmores,6,11392.17,9648.333333333334,9981.166666666666,8606,15930.666666666666,7028.833333333333,18064.166666666668,24257.5,21160.83
E05015690,Sumners & Kingsmoor,6,12993.83,11767.166666666666,12191.5,7561.666666666667,18472.5,11372.333333333334,12230.333333333334,24137.666666666668,18184
E05015691,Appleton,4,27200.75,26483.25,26258.25,16678.5,24385,25485.25,20362.5,24571.75,22467.12
E05015692,Canvey Island Central,6,10618,11849,10659.166666666666,5037.333333333333,11385.166666666666,12389.333333333334,11922.5,19526.833333333332,15724.67
E05015693,Canvey Island East,4,11858.5,16610,13063,6232.5,14493.5,16765.25,3593,17477.5,10535.25
E05015694,Canvey Island North,5,13845.6,16011.2,14559.4,7751.2,16121.8,17861.8,9280.8,14526.4,11903.6
E05015695,Canvey Island South,4,12181,15578.5,12340,5366,14054,12910,9227.75,21015,15121.38
E05015696,Canvey Island Winter Gardens,6,9754.17,7976.333333333333,12476.166666666666,4815.666666666667,11716.333333333334,8659.833333333334,13681.5,21940.166666666668,17810.83
E05015697,Hadleigh St James,4,23106,23602.75,20738.5,18104.5,24633.25,20693.25,13676,19666.25,16671.12
E05015698,St George's,4,23746,24848.25,22034,12755.75,22821.5,24055.5,22433,16995,19714
E05015699,St Mary's,5,24052,25940.8,25297.8,14954.2,25360.4,19783.8,13318.2,21912,17615.1
E05015700,St Michael's,3,25419,28408.666666666668,27323.333333333332,19705.666666666668,24808,24236.333333333332,6900.333333333333,21945,14422.67
E05015701,Tarpots,4,22501.25,21937.5,20706.5,14296.25,21193.25,18325.75,24016.5,19946,21981.25
E05015702,Thundersley North,5,24353.4,26316.2,23539.4,16027.6,22365.4,26829,12359.6,19644.2,16001.9
E05015703,Thundersley South,3,19855.67,19824.666666666668,18694.666666666668,16657.666666666668,19116,16282.666666666666,11762.666666666666,22063.333333333332,16913
E05015704,All Saints,3,24883.67,25747.333333333332,25304.666666666668,30862.333333333332,26303.666666666668,17020.333333333332,32048.666666666668,5849,18948.83
E05015705,Battledown,4,30798.25,26930.5,30081.75,29701.75,28129,24609.25,29421.75,22826.5,26124.12
E05015706,"Benhall, the Reddings & Fiddler's Green",3,30883.67,29787.333333333332,27704,28143.666666666668,27135,20718.666666666668,28936.666666666668,26189.333333333332,27563
E05015707,Charlton Kings,4,31190,28867,30257.75,33338.5,28397.25,25504.5,29186.75,22548.75,25867.75
E05015708,Charlton Park,3,33317.67,32608.333333333332,32484,33526,32506.333333333332,29881,27460.666666666668,25569.333333333332,26515
E05015709,College,4,27951.25,30346,28950,32149.75,27596.25,21439.25,33005.5,8427.25,20716.38
E05015710,Hesters Way,4,10779.75,7907.75,9016.25,8178.75,12897,10258.25,25716.75,24059.75,24888.25
E05015711,Lansdown,5,20812.8,23999.2,21824.4,26994.2,18651.4,11207,31637,7553.2,19595.1
E05015712,Leckhampton,3,33024.67,31842.333333333332,30726.333333333332,33093.333333333336,31577.333333333332,30830.333333333332,28518.333333333332,24928,26723.17
E05015713,Oakley,4,8619.75,7665,7265.5,5837.5,10007.25,7952.5,30628,21814.25,26221.12
E05015714,Park,3,29984.33,29763,28808,31383.333333333332,30818.666666666668,22721.333333333332,33315.333333333336,9830.666666666666,21573
E05015715,Pittville,5,26038.4,25012,26719.8,28053.8,25796.8,12304.8,31038,17649.6,24343.8
E05015716,Prestbury,3,32451,29625,29355,31166.666666666668,30875.333333333332,29411.333333333332,25869.666666666668,29383.666666666668,27626.67
E05015717,Springbank,4,15811.5,12350.75,15175.25,9498.25,16187,10773.75,26452.5,29020.5,27736.5
E05015718,St Mark's,4,12289.25,11237.25,10111.25,11614.5,13064.25,5934.25,31158,17307.5,24232.75
E05015719,St Paul's,4,10005,11406.5,12668.75,8478,8854.75,4419.25,31670.25,11116.5,21393.38
E05015720,St Peter's,4,18941.75,16682.5,18667.5,18506.75,16610.75,8231.5,32057.75,18272.75,25165.25
E05015721,Swindon Village,4,22219.5,19944.25,18973.5,17536.75,22029.75,17471.5,28512.5,20492.25,24502.38
E05015722,Up Hatherley,5,27332.8,24373.4,24896,23859.8,25911.2,24925.2,27571.8,27858.2,27715
E05015723,Warden Hill,4,32746,29958,30502.75,29957.25,30243.5,30069,30138.25,26929.5,28533.88
E05015724,Buckhurst Hill East & Whitebridge,5,22934.6,20040.4,21248.2,20278,25853.6,14035.8,29386.8,14532.8,21959.8
E05015725,Buckhurst Hill West,4,30665.5,29193.75,30900,29210.25,32937.5,21082.25,31349,11931.75,21640.38
E05015726,Chigwell with Lambourne,4,24529.25,25506.25,25186.5,19939.25,30045.25,17111.25,16025.25,14973.25,15499.25
E05015727,Epping East,4,25301.25,23184.5,23781,22208.5,30045.75,17168,22944.5,15944,19444.25
E05015728,Epping West & Rural,4,21550.25,21082.25,20583,16639.75,29771.75,13153.25,19841,16491.25,18166.12
E05015729,Grange Hill,5,22641.8,19269.8,22353,20270,27854.6,14843.6,19408.2,17178.4,18293.3
E05015730,Loughton Fairmead,5,15072.8,11883.6,11038.2,12125.4,18976.6,12794.2,26618.4,19884.8,23251.6
E05015731,Loughton Forest,5,30524,30824.6,31396.8,28850.8,32909,20477.4,31819.8,11693.4,21756.6
E05015732,Loughton Roding,5,19050.2,17256.4,17032.6,14687.4,20308.6,13412.2,27700,16599.2,22149.6
E05015733,Loughton St John's,4,26854.75,25837,27677,23350.75,29386,16665.25,29276.25,14296.25,21786.25
E05015734,North Weald Bassett,4,20795,19664,22093,12513.75,28919.25,14813.75,12209.75,21039.25,16624.5
E05015735,Ongar,4,22108,21393.5,20112.25,14255.75,28015.25,17060,19460.75,21733.25,20597
E05015736,Roydon & Lower Nazeing,4,21211.5,20852,22012.75,14889.25,27970.75,16001.5,9249.75,21956,15602.88
E05015737,Rural East,4,20310,23452.25,24398.75,16354.75,32282,18516.5,8008,8813.25,8410.62
E05015738,Theydon Bois with Passingford,4,25057.25,26875.75,27422,21927.75,31530.25,19617.75,16165.5,13705,14935.25
E05015739,Waltham Abbey North,5,13675.4,14277,14742.6,8828.4,19353.8,12079.6,12079.4,16355.4,14217.4
E05015740,Waltham Abbey South & Rural,4,13594.75,14230,15300.25,9339.75,22488.25,8978.5,10329,17443.75,13886.38
E05015741,Waltham Abbey West,4,15588.5,14015.75,13478.25,12100,22803.25,11470,18474.5,16167,17320.75
E05015742,Brereton & Ravenhill,5,16526,15421.8,15391.4,9394.6,11922,22711.2,21940.6,25328.4,23634.5
E05015743,Chadsmoor,6,7158.83,6956.5,5130,4114,5693.666666666667,12324.5,26383.5,24500.5,25442
E05015744,Cannock Longford & Bridgtown,5,10386.2,11187.2,8925.4,8227,6463.8,11719.6,29525.8,16183,22854.4
E05015745,Cannock Park & Old Fallow,7,15310.71,15724.857142857143,11790.57142857143,12603.714285714286,10843.714285714286,19293.571428571428,28586,20982.14285714286,24784.07
E05015746,Etching Hill & the Heath,7,20077,20716.571428571428,19115.714285714286,13306.142857142857,13845.57142857143,22064.285714285714,25750.714285714286,21035.14285714286,23392.93
E05015747,Hawks Green with Rumer Hill,4,22325.75,19890.25,20955.75,18659.5,15502.5,24650.5,25936.5,25437.75,25687.12
E05015748,Heath Hayes & Wimblebury,6,22359.83,21132,19916.5,16312,16436,26601.833333333332,21780.5,24190.333333333332,22985.42
E05015749,Hednesford Green Heath,4,22474.75,19485.75,19905.25,16267.5,15132.25,22199.25,24589.25,30502,27545.62
E05015750,Hednesford Hills & Rawnsley,5,20432.4,20070.2,18234.8,16548.4,14423.6,23742.8,17794.6,23814.6,20804.6
E05015751,Hednesford Pye Green,5,11042,11188,8869.6,8428.6,8590,13928.6,22732.6,21712.8,22222.7
E05015752,Norton Canes,4,16388.25,17049.5,14325.75,9868,12722.75,18554.5,18110,25465.75,21787.88
E05015753,Western Springs,3,15480.33,14978,12242.333333333334,11895,11529.333333333334,17132,29512.666666666668,19634,24573.33
E05015754,Arbury,2,23442.5,26524.5,30335,31609,31538.5,25418.5,3959,6326.5,5142.75
E05015755,Baldock East,2,33192.5,31676.5,31796.5,30949.5,29694.5,32476.5,26298.5,30225.5,28262
E05015756,Baldock West,5,22629,19687.2,20248.2,19850.8,21448.6,17002.2,30179,21208.6,25693.8
E05015757,Cadwell,1,22048,16712,19292,26329,25161,20049,13953,16971,15462
E05015758,Codicote & Kimpton,3,25688,23298,24056.333333333332,27026,28073.666666666668,29486.666666666668,8385.666666666666,20679.333333333332,14532.5
E05015759,Ermine,2,20844,26371,26040.5,20019,31481.5,27831.5,1892,8543.5,5217.75
E05015760,"Graveley, St Ippolyts & Wymondley",2,20712.5,20400,19518.5,16770,23185.5,23454,11088,13878,12483
E05015761,Great Ashby,4,27919.25,24366,27148.5,23626.75,25459,28113.25,14574.75,31182.75,22878.75
E05015762,Hitchin Bearton,5,26614.6,23929,24578.8,28318.2,25842.2,21721,32377.4,13313.8,22845.6
E05015763,Hitchin Highbury,5,30720,29046.2,29303.2,31308.4,30090.2,27493.6,32011.8,22144.2,27078
E05015764,Hitchin Oughton,3,17006,12325.333333333334,14725.666666666666,13415.666666666666,18961.333333333332,14981.666666666666,28876.666666666668,27692.333333333332,28284.5
E05015765,Hitchin Priory,3,31596.67,30799,30253.333333333332,32414.333333333332,30244.333333333332,25997.333333333332,32568.333333333332,16731,24649.67
E05015766,Hitchin Walsworth,5,25234.6,20703.6,21407.4,23773.6,22323,23494.2,28611.2,25457.6,27034.4
E05015767,Hitchwood,2,21477.5,24826,24999,23727.5,28032,27572,3311.5,8342,5826.75
E05015768,Knebworth,3,27474,26067.333333333332,25262.333333333332,28269.666666666668,28614,23599,21557.666666666668,14600.666666666666,18079.17
E05015769,Letchworth Grange,4,17129.25,13881.5,13304,14293.75,18214.25,19427,13029,30467,21748
E05015770,Letchworth Norton,3,21660,18135.666666666668,18317.666666666668,20645.666666666668,22243,22540,21375,20040.666666666668,20707.83
E05015771,Letchworth South East,6,13936,11630.666666666666,11743.333333333334,11323,15539.666666666666,15250.5,21554.833333333332,25744.166666666668,23649.5
E05015772,Letchworth South West,6,25814.5,24030.833333333332,23688.166666666668,24638.833333333332,26716.666666666668,19341.666666666668,25651.5,24296,24973.75
E05015773,Letchworth Wilbury,4,17247.75,13946.5,14550.5,14787.75,16855.25,16985.5,20442.25,25124.5,22783.38
E05015774,Offa,2,21938,19982,24267.5,22902.5,28890,22335.5,7210.5,11383.5,9297
E05015775,Royston Heath,2,28298,22374,25881.5,17359.5,29151.5,29298.5,25373,28442,26907.5
E05015776,Royston Meridian,4,30882.75,28667.5,29876.75,24745.75,31556,29062.5,24987,29482,27234.5
E05015777,Royston Palace,3,21932.67,20008.666666666668,21958.333333333332,16913.666666666668,23675.333333333332,20359.333333333332,15083.666666666666,21151.333333333332,18117.5
E05015778,Weston & Sandon,1,18933,27907,25454,27899,30833,26233,2527,1343,1935
E05015779,Bridport,8,17009.62,16735.25,14983.625,13947.375,18659.25,19803.875,14808.875,18205.875,16507.38
E05015780,Chesil Bank,2,16241,24217,22040.5,22901.5,27011,26932.5,729,4328,2528.5
E05015781,Eggardon,3,15516.33,18845,21301.666666666668,16919.333333333332,27128.333333333332,30589.666666666668,2031,3104.3333333333335,2567.67
E05015782,Marshwood Vale,2,12512.5,20938,19418.5,21298,25722,30297,399.5,756,577.75
E05015783,Barkham & Arborfield,4,25854.5,24219.5,28317.25,24354.25,29780.25,21568,6931.25,27058,16994.62
E05015784,Bulmershe & Coronation,6,28923.67,26201.833333333332,26354.5,24453.666666666668,28441.333333333332,25874.666666666668,23749.333333333332,29543,26646.17
E05015785,Emmbrook,5,31149.2,27939.6,29997.4,30730.2,31861.8,26420.6,26009.6,24703.2,25356.4
E05015786,Evendons,6,31808.17,29479.166666666668,29966.166666666668,30212.666666666668,31122.333333333332,32733.833333333332,17465.166666666668,32249.333333333332,24857.25
E05015787,Finchampstead,7,30304.86,30401.85714285714,30874,29984,32286.571428571428,29018,8896.714285714286,29438.571428571428,19167.64
E05015788,Hawkedon,7,32109.57,30503.85714285714,32142.428571428572,30199.714285714286,31439.14285714286,28490.714285714286,15973,29982.14285714286,22977.57
E05015789,Hillside,8,33085.75,31435.25,32655.5,31830.375,32679.375,29372.375,23238.75,27654,25446.38
E05015790,Loddon,5,30615,26777.2,30021.8,23378,31401.2,28544.4,17181.8,31074.8,24128.3
E05015791,Maiden Erlegh & Whitegates,6,29428.67,25926.666666666668,27056.5,25564.333333333332,29222.166666666668,27792.833333333332,23831,23955.5,23893.25
E05015792,Norreys,4,24303.75,19888,22566.25,23220.25,26183.75,19172.25,23334.25,24765.75,24050
E05015793,Shinfield,5,25078.8,21900.8,25627.8,19891.2,26157.6,20254.2,12681.4,29717.6,21199.5
E05015794,South Lake,7,27427.14,24094.285714285714,25444.285714285714,20934.85714285714,26995.714285714286,25717.285714285714,24713.571428571428,27115.85714285714,25914.71
E05015795,Spencers Wood & Swallowfield,6,27937.67,26194,30280.333333333332,26085.833333333332,31815,25222.166666666668,8201.833333333334,23243,15722.42
E05015796,Thames,5,30502.8,29398.2,30202.2,31490.8,32404,29204.2,15755.6,18380,17067.8
E05015797,"Twyford, Ruscombe & Hurst",7,30873.57,29484.428571428572,29890,29709.428571428572,31923.85714285714,28711.428571428572,22114,22622,22368
E05015798,Wescott,5,30958.2,27648.2,30795.2,31038.4,31306.8,21419.8,24588,24788,24688
E05015799,Winnersh,5,29150,26717,28070,26494.6,29760.4,26118.6,18850,22443.2,20646.6
E05015800,Wokingham Without,5,28970.4,29572.6,28883.4,28336.8,30284.2,30899,10614.6,28485,19549.8
E05015801,Marshalswick East & Jersey Farm,5,31626.4,27148.8,28635.6,32042.8,30400.4,29913.8,30609.8,28606.6,29608.2
E05015802,Marshalswick West,2,30832.5,26610,26914.5,31881.5,29600.5,28755,33139,24728,28933.5
E05015803,"Cranbrook, Sissinghurst & Frittenden",5,16400.2,17251.2,17641.6,18772.8,22806.4,16284.8,3963.8,15997.4,9980.6
E05015804,Culverden,5,26807.8,26302.8,25835.6,29110.8,26259.6,16893.4,26860.2,14327.2,20593.7
E05015805,Rural Tunbridge Wells,6,17308.33,25304.333333333332,26247.5,25627.333333333332,29356,26091,1321.8333333333333,2049.8333333333335,1685.83
E05015806,"Hawkhurst, Sandhurst & Benenden",5,17313.4,20189.2,22024.6,19847,25819.2,20489.6,2279,12784,7531.5
E05015807,High Brooms,3,16592.33,14378.666666666666,14093.666666666666,17605,15280.666666666666,10046.333333333334,23873.666666666668,19730.333333333332,21802
E05015808,Paddock Wood,6,19703.17,17950.333333333332,17941.5,17228.5,20100.166666666668,18494.833333333332,10680,27253.5,18966.75
E05015809,Pantiles,6,23510.33,22886.666666666668,23011.666666666668,23450.166666666668,24780.333333333332,16308.333333333334,18745.833333333332,21794.666666666668,20270.25
E05015810,Park,4,29408.25,27565.75,28866.75,31931.25,30293.5,23845.5,22617.75,15325.75,18971.75
E05015811,Pembury & Capel,5,21893.6,24122,23721.4,24292,22663.6,20880.4,4368.8,18681.2,11525
E05015812,Rusthall & Speldhurst,6,22918.83,23350,22951.333333333332,23681.166666666668,23440,22384.666666666668,11363.5,19423.5,15393.5
E05015813,Sherwood,5,16548.4,14692,14024.6,15996.6,15014.2,11673.2,17652.4,27650.4,22651.4
E05015814,Southborough & Bidborough,6,23773.83,23013,22197.5,25681,22950,20432.666666666668,19523.5,18206.333333333332,18864.92
E05015815,St James',4,22972,20191.5,21856,26308,23260.5,17194,23138.5,11175.5,17157
E05015816,St John's,3,24838.33,22091.333333333332,24188.666666666668,26303.333333333332,24096,18634.666666666668,27211.666666666668,14650.666666666666,20931.17
E05015817,Bacup,4,7419.25,9006.75,7631,10879.75,6728,8640.25,10013.75,9720.75,9867.25
E05015818,Britannia & Lee Mill,4,9036.75,11052.75,8243.5,10891.25,7678.5,9876.25,12083.5,7663.5,9873.5
E05015819,Goodshaw & Cribden,3,22751.33,25018,24565.666666666668,28333.666666666668,20335,22457.333333333332,9545,14316.333333333334,11930.67
E05015820,Greenfield & Eden,4,18006.5,22439,20711.75,27562.25,16188.25,20858.25,6044.75,5212,5628.38
E05015821,Hareholme & Waterfoot,4,10741.75,13119,11273,18013.75,7691.5,10032.75,14394.75,6535,10464.88
E05015822,Haslingden,6,9570.33,11109,9664.666666666666,13588.166666666666,8923.666666666666,10311,12953.666666666666,5497,9225.33
E05015823,Helmshore,4,22265.25,24340,23174.25,26313.25,17128,24655.5,8568.5,17163.5,12866
E05015824,Longholme,5,11735.8,13292,10956.4,16080.8,10038.8,12653.4,12358.4,10335.6,11347
E05015825,Whitewell & Stacksteads,5,7155.2,11782.6,8259.6,11522.4,7653.8,10745.8,4709.8,4273.4,4491.6
E05015826,Whitworth,4,11600.25,13888.5,11804.75,18261.5,11045.25,12191.25,5333.25,9189,7261.12
E05015827,Arbury,4,17991.75,17052.5,16381.75,12852.25,12465.25,20642,25147.5,17687.75,21417.62
E05015828,Attleborough,4,12737.25,13268.75,11698.75,11358,9788.75,13694,21298.75,15141.25,18220
E05015829,Bede,7,6978.57,8909.142857142857,6153.142857142857,3846.5714285714284,4693,9143,25560.571428571428,15678,20619.29
E05015830,Bulkington,4,19440.5,22241.5,19597.25,14043.5,14530.75,20294.75,13430.25,17462.25,15446.25
E05015831,Camp Hill,4,7004.75,9041,8540.75,3081.5,6891.75,4628.5,13606.5,22367.5,17987
E05015832,Chilvers Coton,5,6767.8,7771,6853.6,3691.4,7516.8,8888.4,25898,13861,19879.5
E05015833,Eastboro,2,23879,20253.5,23101.5,23062.5,16203,20270,20543,27463,24003
E05015834,Exhall,4,13249.75,13443.25,14035,8158.25,9469.5,16088.75,16374.5,20529.75,18452.12
E05015835,Galley Common,5,17980.4,17460.8,17768,12893,12524.8,18657,15198.6,28728.6,21963.6
E05015836,Heath,4,13150,14996.5,12748.5,8484,9201.25,14999.25,14475.5,20430.5,17453
E05015837,Milby,2,25332.5,17694.5,24196.5,29266,17724,22896.5,18559,31753.5,25156.25
E05015838,Poplar,4,12920.75,12723.25,13279.5,9535.75,8595.25,17156.5,22263.5,16273.25,19268.38
E05015839,Slough,5,14792.8,16877.4,12829.4,9462.8,9874.6,16158.4,24127,19645,21886
E05015840,St Mary's,5,4972.4,5696.6,5308.8,4254.6,7105.6,4288.4,24864.4,7568.6,16216.5
E05015841,St Nicolas,5,27244.2,26082,25408.2,26928,21064.8,21452.2,23857.4,24076.4,23966.9
E05015842,Stockingford East,6,10743.67,12152.166666666666,10342.833333333334,7105.333333333333,9136.5,8536.833333333334,27546.333333333332,13916.333333333334,20731.33
E05015843,Stockingford West,5,9796.8,10997.4,9594.8,5447.2,7552.6,9786.2,22354.8,16196.4,19275.6
E05015844,Weddington,4,22300.25,20200.25,22705.75,21718.25,14992.75,15852.75,22942.25,23054.5,22998.38
E05015845,Whitestone,5,27323.6,28479,25418.8,23896.6,21443.8,28381.6,15428.8,26277.4,20853.1
E05015846,Hardwicke,4,22988.5,20633.25,22541.75,19652.5,21242,18133,16932.5,24451.25,20691.88
E05015847,Severn,3,21738.33,25227.666666666668,27439.666666666668,24213.333333333332,28748,23950.666666666668,4083,10884,7483.5
E05015848,Stonehouse,5,18493,17544.6,17217.4,13348,19282.8,22288.2,10711.8,24621.8,17666.8
E05015849,Arboretum,4,16404.25,17061.25,18101.75,18234.75,15273.75,13752.5,19535.5,6869.25,13202.38
E05015850,Battenhall,3,25338.67,24112,23329.666666666668,22292.333333333332,27183,26241.333333333332,20407.666666666668,17087.666666666668,18747.67
E05015851,Cathedral,4,15173.5,15001.75,16157.25,18660.25,14893.25,7636,19364.75,12583.5,15974.12
E05015852,Claines,5,27067,27006,27450.2,30426.6,24365,26258.4,12783.6,17129.8,14956.7
E05015853,Dines Green & Grove Farm,4,13216,12352.25,12751.5,9361.5,16608.75,13862,6587.5,30002.25,18294.88
E05015854,Fort Royal,4,8833.75,10079.25,10870.25,8731.25,9420,7711.25,16830.75,6164.75,11497.75
E05015855,Leopard Hill,3,26794.67,23544.666666666668,27120,25228,21251.333333333332,23581,15339.666666666666,28044.333333333332,21692
E05015856,Lower Wick & Pitmaston,4,26430.75,25473.5,24755.5,24158.5,26153.5,25325,17664,18793.75,18228.88
E05015857,Nunnery,5,16142.8,12909.2,16087.8,11949,15571.4,15527,17029,25565.8,21297.4
E05015858,Rainbow Hill,4,8223,8967.25,9772,6629.75,9716,5801.5,17220.5,13208.75,15214.62
E05015859,St Clement,4,27390.5,27388.75,27458.25,24985.25,22170.5,30027,11746,21338.75,16542.38
E05015860,St John's,2,18058,16053,19307.5,21759.5,16305,13712.5,17950.5,9034,13492.25
E05015861,St Nicholas,3,29524.67,28238.666666666668,28259.666666666668,26559.666666666668,24863.333333333332,30799.666666666668,12726.333333333334,29568.666666666668,21147.5
E05015862,St Peter's Parish,4,29544.75,28231.75,27817.75,25864.75,25631,28749.75,12677.75,32130.25,22404
E05015863,St Stephen,3,20535.67,19371.333333333332,18903.333333333332,20243.666666666668,17676,17182,16242.333333333334,18563.333333333332,17402.83
E05015864,Warndon & Elbury Park,8,6041.12,5947.625,6333.5,3236.25,8157.375,5073.875,11035,25728.75,18381.88
E05015865,Backworth & Holystone,4,23337.5,20231.5,21975.75,24931.5,15453.75,14796.5,26808.75,25015.75,25912.25
E05015866,Battle Hill,8,15467.38,15159.375,12958.25,14589.5,10222.75,13548.25,31100.75,21765.375,26433.06
E05015867,Camperdown,5,16726.6,16504.8,15634,14314.8,11327,16687.4,26480,23215.2,24847.6
E05015868,Chirton & Percy Main,8,3714.25,3465.25,3095.375,4106.25,2641.25,3808.875,31128.875,16506.25,23817.56
E05015869,Cullercoats & Whitley Bay South,7,24761.57,26678.428571428572,22494.85714285714,30068,19673,21073.714285714286,33595.142857142855,12792.714285714286,23193.93
E05015870,Forest Hall,7,16846.71,17158.285714285714,14930.285714285714,18221.571428571428,10756.857142857143,14014.857142857143,32219.714285714286,15196.142857142857,23707.93
E05015871,Howdon,8,5927.12,5996.125,4772.875,7221.875,3895.375,3933.875,31949.25,18012,24980.62
E05015872,Killingworth,5,21580,20147.6,19259.8,18153.4,15479.6,18523.4,29186.4,26442.2,27814.3
E05015873,Longbenton & Benton,7,12635.86,11240.285714285714,9732.57142857143,12633,7150.857142857143,13340.57142857143,33110.71428571428,25901.571428571428,29506.14
E05015874,Monkseaton,7,23563.14,21895.714285714286,19606.14285714286,25730.428571428572,16910.714285714286,20149.714285714286,33318.42857142857,18387.571428571428,25853
E05015875,New York & Murton,5,9258.4,8696.6,7065.2,9271,5579.4,10785.4,32076.6,21614.8,26845.7
E05015876,North Shields,7,9231.14,9838.42857142857,7847.571428571428,14013.857142857143,5320.428571428572,8323.142857142857,31460.714285714286,11013.57142857143,21237.14
E05015877,Preston with Preston Grange,7,26575.86,26510.714285714286,25099.428571428572,28336.428571428572,19086.571428571428,22979.285714285714,33255.42857142857,14190.714285714286,23723.07
E05015878,Shiremoor,7,16014,15055.857142857143,13921.714285714286,15968.857142857143,10724,13268.285714285714,29280.285714285714,22423,25851.64
E05015879,St Mary's,7,31799.71,30783.14285714286,29963,32192,25952.714285714286,28267.428571428572,30324.285714285714,24174.285714285714,27249.29
E05015880,Tynemouth,7,24931.43,26173.85714285714,22364.14285714286,30583.85714285714,19165.14285714286,18732.14285714286,33206.142857142855,12055.42857142857,22630.79
E05015881,Wallsend Central,6,4300.67,5993.333333333333,4228.833333333333,6631,3938,1470,32464.333333333332,7523.333333333333,19993.83
E05015882,Wallsend North,7,19002,17270.85714285714,16277.857142857143,16634.714285714286,12488.42857142857,15878.142857142857,30101.714285714286,22389.14285714286,26245.43
E05015883,Weetslade,7,20442,19534.714285714286,17646.571428571428,18726.285714285714,13420.285714285714,21648.571428571428,23529.14285714286,22317.428571428572,22923.29
E05015884,Whitley Bay North,7,24963.57,26542.428571428572,25280.85714285714,30551,20099.285714285714,20041.714285714286,33623.142857142855,8199.142857142857,20911.14
E05015885,Bletchingley & Nutfield,4,16366.75,19842,19025.25,19977.75,22437.25,15907.5,2848,11581.75,7214.88
E05015886,"Burstow, Horne & Outwood",4,15648.5,20244.5,20537.25,10388.25,24111.25,14005,4467.5,11402.75,7935.12
E05015887,Chaldon,1,31417,32731,32530,30053,31843,26287,8719,29535,19127
E05015888,Dormansland & Felbridge,3,25219.67,27531.333333333332,26979.666666666668,25415.333333333332,30147.333333333332,26194,3846.3333333333335,19983.333333333332,11914.83
E05015889,Godstone,4,16095.25,20141,20840.75,16822,22314,13114,1488.25,19640.75,10564.5
E05015890,Harestone,3,28951,27879.666666666668,27566.333333333332,26073,29113.333333333332,24430,17268.666666666668,21339.333333333332,19304
E05015891,Limpsfield,2,27633,31179,31164,28748.5,32213,27992,7814,12409.5,10111.75
E05015892,"Lingfield, Crowhurst & Tandridge",3,18561,18530,20942.666666666668,18095,23838.333333333332,13762,4854,18608.333333333332,11731.17
E05015893,Oxted North,4,27717.75,28246.25,29771,28410.5,30257,19372.25,14362.25,15759.5,15060.88
E05015894,Oxted South,4,19545.5,20072.75,20722.5,15327,21804.25,16624,9737,23922.75,16829.88
E05015895,Portley & Queens Park,3,25838.67,23787,22186,25136.666666666668,21160.333333333332,18758.666666666668,28616.333333333332,19077.666666666668,23847
E05015896,Tatsfield & Titsey,1,22155,26217,26368,18664,29610,12004,5798,14183,9990.5
E05015897,Valley,2,17216,12828,16116.5,14654.5,21062,14063.5,18629,17888.5,18258.75
E05015898,Warlingham East & Chelsham & Farleigh,3,23630,22062.333333333332,21840.333333333332,16191,24894.333333333332,18177.666666666668,21767.333333333332,19591.333333333332,20679.33
E05015899,Warlingham West,3,28613.33,28161,26882,24924.666666666668,29878.333333333332,21156,24033,21354.333333333332,22693.67
E05015900,Westway,4,22617.75,19881.75,18983.5,17862.25,20587,17825.25,22525.5,26718,24621.75
E05015901,Whyteleafe,2,20188.5,15112,19628,17667,22644.5,14186,23270.5,16980,20125.25
E05015902,Woldingham,1,30832,33377,33378,28452,33664,28997,7570,21175,14372.5
E05015903,Amblecote,10,24333.7,22244.2,21660.7,18885.7,19857.4,24352.8,28155.1,25155.3,26655.2
E05015904,Belle Vale,8,16721.38,14696.375,13589.625,13920.5,15016.5,18815.25,28079,16760.625,22419.81
E05015905,Brierley Hill & Wordsley South,8,9848.12,8841,8543.25,7582.875,9695.375,10996.125,23260.625,15113.75,19187.19
E05015906,Brockmoor & Pensnett,8,7619.75,7395.75,6245.75,4510.375,8438,9133.25,20607.5,18784.25,19695.88
E05015907,Castle & Priory,8,9978.62,8622.5,8958.75,8513.5,11227.25,9647.5,24005,19598.625,21801.81
E05015908,Coseley,8,10208.25,10410.75,8959.625,6972.25,12235.625,10225.625,16580.75,17035.625,16808.19
E05015909,Cradley North & Wollescote,7,12660.14,10186.42857142857,11358.285714285714,10402,12784.57142857143,17636.571428571428,21854.85714285714,16589.285714285714,19222.07
E05015910,Gornal,9,16953.22,16658.555555555555,13807.666666666666,12616.222222222223,16083.222222222223,15638.222222222223,24973.777777777777,23523.222222222223,24248.5
E05015911,Halesowen North,8,17034.25,14599.875,14318.125,15610.125,15396.625,18987.25,30840.125,12424.625,21632.38
E05015912,Halesowen South,8,26617.75,25526.625,22521.125,24781.875,23031.5,24242.375,31404.625,14918.125,23161.38
E05015913,Hayley Green & Cradley South,8,21438,18635.875,18102.375,19143.625,19718.5,24384.25,21169.625,25613.5,23391.56
E05015914,Kingswinford North & Wall Heath,9,26783.89,25182.88888888889,23086.444444444445,22328.444444444445,21389.555555555555,25698.222222222223,27314.666666666668,24724.666666666668,26019.67
E05015915,Kingswinford South,8,24869.88,24087.25,21047,20084.25,20010.75,24585.875,24779.25,25925.625,25352.44
E05015916,Lye & Stourbridge North,8,11622.5,10756.625,10625.75,8170.875,13627.25,12662.5,19148.5,12076,15612.25
E05015917,Netherton & Holly Hall,9,6738.11,6045.444444444444,5778.444444444444,4007.777777777778,8505.444444444445,9937.222222222223,24896.333333333332,12477.444444444445,18686.89
E05015918,Norton,8,25132.5,23933.375,20893.875,22672,21623.375,25492.25,24288.125,24646.125,24467.12
E05015919,Pedmore & Stourbridge East,9,22289.56,21361,19534.11111111111,20503.11111111111,21273.333333333332,22298.222222222223,22839.444444444445,21007.666666666668,21923.56
E05015920,Quarry Bank & Dudley Wood,8,10528.12,9706,8748.875,6742.75,10785.625,12586.75,24791.75,17462.875,21127.31
E05015921,Sedgley,10,19854.3,17922.9,15789,17557.2,18261.5,16753.5,29871.2,21798.7,25834.95
E05015922,St. James's,9,10892.78,10458.777777777777,8638.555555555555,9628.666666666666,9698,11800,22398.555555555555,18650.333333333332,20524.44
E05015923,St. Thomas's,9,5037.33,3838.777777777778,4621.333333333333,3938.5555555555557,8764.555555555555,7741,16339.222222222223,11380.555555555555,13859.89
E05015924,Upper Gornal & Woodsetton,9,13402.89,13007.444444444445,10912.666666666666,9213,12262.777777777777,13885.888888888889,26400.555555555555,17755,22077.78
E05015925,Wollaston & Stourbridge Town,8,20227,18188.625,16887.5,21257.5,17501.25,20519.5,28497.875,14514.625,21506.25
E05015926,Wordsley North,9,22120.56,21224.777777777777,18185.222222222223,16564.88888888889,19118.88888888889,22225.777777777777,25582.555555555555,21749.666666666668,23666.11
E05015927,Abbey,7,20085.14,16998.85714285714,20158,18022.14285714286,26449.571428571428,16539.571428571428,12016.714285714286,18982.285714285714,15499.5
E05015928,Amersham & Chesham Bois,11,29773.73,28110.454545454544,28183.363636363636,30526.909090909092,31037.545454545456,27714.363636363636,16505.363636363636,24173.545454545456,20339.45
E05015929,Aston Clinton & Weston Turville,6,26026.67,25071.5,26570.5,24768.5,28616.833333333332,24505.166666666668,7164.833333333333,27338,17251.42
E05015930,Aylesbury East,7,26991.57,24379.85714285714,25445.285714285714,22024,26515.571428571428,23045.428571428572,21750.571428571428,26516.571428571428,24133.57
E05015931,Aylesbury North,8,14609.88,13946.5,14284,12584.125,17189.5,11540.625,17276,16421.625,16848.81
E05015932,Aylesbury North West,7,12185.86,10337.57142857143,11942.857142857143,6874.142857142857,13262.285714285714,12624.142857142857,16442,25784.14285714286,21113.07
E05015933,Aylesbury South East,8,27814.38,26270.125,25543.5,23790.875,27222,25400.25,20568.875,24531.75,22550.31
E05015934,Aylesbury South West,7,13100.71,12362.42857142857,13728.57142857143,7005.428571428572,15228.714285714286,14256.857142857143,10683.42857142857,27478.14285714286,19080.79
E05015935,Aylesbury West,8,23933.62,21826.25,23702.375,17378.75,23111.625,22491.625,16418.25,28991.125,22704.69
E05015936,Beaconsfield,7,28735,26427.571428571428,27237.571428571428,26946.14285714286,31209.85714285714,22021.571428571428,23263.14285714286,26371.571428571428,24817.36
E05015937,"Berryfields, Buckingham Park & Watermead",9,22140.22,18653.555555555555,22387,21110.88888888889,23346.88888888889,21575.222222222223,7528.777777777777,32210.666666666668,19869.72
E05015938,"Bierton, Kingsbrook & Wing",7,24540.71,20875.714285714286,26690.571428571428,24477.14285714286,27183.428571428572,25501.714285714286,8693.142857142857,22218.571428571428,15455.86
E05015939,Booker & Cressex,3,17751,15873.333333333334,14924,17278,21408.666666666668,16137.666666666666,9482.666666666666,23960.666666666668,16721.67
E05015940,Buckingham,11,23569.45,24176.363636363636,24950.81818181818,22329,27121.18181818182,24305,12001.818181818182,21295.909090909092,16648.86
E05015941,Burnham,9,24936.67,22718.777777777777,24772.333333333332,22775.88888888889,29404.777777777777,17625.222222222223,19989.777777777777,19426.777777777777,19708.28
E05015942,Castlefield & Oakridge,5,8372.8,6860,11212.8,3882.2,16567.6,10760.6,4933,19752.4,12342.7
E05015943,Chalfont St Giles & Little Chalfont,8,29538.88,27428,28089.125,30155.375,32499.5,27074.375,13528.125,27904.625,20716.38
E05015944,Chalfont St Peter,8,30018.38,27290.25,26840.875,27399.5,30844.625,24625.625,23063.75,26862.875,24963.31
E05015945,Chesham North,8,17945,17987.25,18634,17027.125,24135.625,18947.375,7681.75,23145.25,15413.5
E05015946,Chesham South,8,23304.75,22231.125,22545,24977.875,26834.375,22040.375,11887.75,18292.375,15090.06
E05015947,Chiltern Villages,3,25738.33,33290,33005.333333333336,32487.666666666668,33519.666666666664,29735,5543.666666666667,6590.333333333333,6067
E05015948,Disraeli,3,16819,15242.333333333334,17640.666666666668,11940.333333333334,24209.666666666668,14045.333333333334,7416.333333333333,24141.666666666668,15779
E05015949,Downley,4,25752.25,22673,25776.25,23018.5,29567.75,24505,9840.25,27822.5,18831.38
E05015950,Farnhams & Stoke Poges,9,24372.56,26012.555555555555,26391.666666666668,23047.222222222223,31643.555555555555,18563,7062.888888888889,19425.333333333332,13244.11
E05015951,Flackwell Heath & The Wooburns,11,26711.64,26660.18181818182,27139.18181818182,24133.454545454544,31118.545454545456,26281.727272727272,10309.818181818182,23477.727272727272,16893.77
E05015952,Gerrards Cross & Denham,9,25871.56,25140.666666666668,25882.666666666668,23279.444444444445,31203.88888888889,21715.555555555555,12964.777777777777,22075.88888888889,17520.33
E05015953,Grendon Underwood & The Claydons,7,21905.57,26570.14285714286,28263.285714285714,22718.285714285714,30110.14285714286,29954.714285714286,1990,10574,6282
E05015954,Haddenham & Stone,7,27325.43,26355,27414,26153.714285714286,29983,30211.285714285714,9879,21061.428571428572,15470.21
E05015955,Hazlemere,6,30670.83,29412.666666666668,29864.833333333332,28201.166666666668,31633.333333333332,27542,12710.5,28104.666666666668,20407.58
E05015956,Horwood,3,21404,27652,27721.333333333332,29565,30847.333333333332,28874.666666666668,1326.6666666666667,7759,4542.83
E05015957,Iver,6,21221.83,21880.5,22537,17430.666666666668,30077.666666666668,18987.333333333332,5575,19514,12544.5
E05015958,Ivinghoe,6,24022.83,25327.666666666668,27898.5,25738.833333333332,31240.333333333332,28976.666666666668,2754.3333333333335,16066.166666666666,9410.25
E05015959,Long Crendon,3,27089,27424.666666666668,30519.666666666668,28412,31859.333333333332,32825.333333333336,5342.333333333333,16083.666666666666,10713
E05015960,Marlow,12,29071.58,26493.5,28140.916666666668,27680.583333333332,30520.833333333332,26970.833333333332,20273.166666666668,26055.166666666668,23164.17
E05015961,Marsh & Micklefield,8,14129.88,11635.625,14798.125,11229.875,20795.75,12756.125,7110.5,24933.875,16022.19
E05015962,Newton Longville,5,24905.8,25250.2,26875.6,25983.2,30218,27623.2,3618,23008.8,13313.4
E05015963,"Penn, Tylers Green & Loudwater",9,29453.56,29983.777777777777,30289.11111111111,27882.444444444445,31883.333333333332,29304.555555555555,11245,25005,18125
E05015964,Princes Risborough,6,24582,23582.333333333332,23775.833333333332,19665.5,28249.333333333332,23807.666666666668,11407.5,26116.5,18762
E05015965,Quainton,4,20723.75,27984.25,29552.5,28463,31044.5,28979.75,1977,2814.75,2395.88
E05015966,Ridgeway East,7,28858.29,30566.285714285714,31917.285714285714,29776.14285714286,32431.714285714286,31494,4518.714285714285,23613.285714285714,14066
E05015967,Ridgeway West,8,22760.5,27108.5,27820.25,24024.875,29761.125,29050.25,2439.5,13822.5,8131
E05015968,Sands,4,17252.25,15203.25,18176,13426,24858.5,15592,7462.5,19952,13707.25
E05015969,Terriers & Amersham Hill,6,22690.33,19346,22004.833333333332,22983.166666666668,27062.333333333332,20257.5,10790.166666666666,19913.666666666668,15351.92
E05015970,The Missendens,11,27408.91,29462.363636363636,29368.363636363636,27470.636363636364,31400.81818181818,27317.272727272728,5673.818181818182,24442.81818181818,15058.32
E05015971,Totteridge & Bowerdean,7,15376.57,12049.142857142857,15642.714285714286,10131.857142857143,22200.571428571428,17490.14285714286,8967,24278.85714285714,16622.93
E05015972,Waddesdon,4,19964.75,24949.75,25853.5,25564.25,27289.75,27481.25,3256.25,6601.75,4929
E05015973,"Wendover, Halton & Stoke Mandeville",7,25954.86,25310.428571428572,26643.714285714286,25158.571428571428,28363.14285714286,26360.14285714286,9659.285714285714,24709.428571428572,17184.36
E05015974,West Wycombe & Lane End,4,18205.75,22657.25,23802.25,19753.25,26174.5,22302,3276.25,10144.5,6710.38
E05015975,Winslow,3,23674.67,22190,22444,20210.666666666668,25312.333333333332,24845,8992.666666666666,28100,18546.33
E05015976,Abington & Phippsville,6,16212.33,17251,20558.5,16778,17556.333333333332,9513.333333333334,29041.166666666668,3166,16103.58
E05015977,Billing,7,14024.57,12610.57142857143,13713.57142857143,12005.142857142857,14642,10925.714285714286,10473.714285714286,24887,17680.36
E05015978,Blackthorn & Rectory Farm,7,10213.43,9225,10735.42857142857,8095.428571428572,12042.714285714286,7246.857142857143,8682.142857142857,27198,17940.07
E05015979,Brackley,10,28436.5,26844.8,28476.7,23096.4,25962.1,28762.8,15248.9,26671.6,20960.25
E05015980,Braunston & Crick,7,21917.29,26238.428571428572,27024.85714285714,21507.85714285714,27678.428571428572,25743.285714285714,4569.571428571428,8864.714285714286,6717.14
E05015981,Brixworth,3,26997,24874.666666666668,26749,22351,27281.333333333332,23166.666666666668,13444.666666666666,26268.333333333332,19856.5
E05015982,Campion,6,24317.67,24057.833333333332,24866,23043.333333333332,24980.833333333332,24355.166666666668,7614,20712.166666666668,14163.08
E05015983,Castle,10,8059.6,10451,11612.3,7706.4,8760.6,3764.1,16664.5,6842.7,11753.6
E05015984,Cogenhoe & The Houghtons,3,23917.33,25017,26208.333333333332,23377.666666666668,27293.333333333332,27972.666666666668,4931.666666666667,15280,10105.83
E05015985,Dallington Spencer,11,9134.45,9377.545454545454,10021.272727272728,6699.909090909091,10253.636363636364,7863.818181818182,14621.636363636364,19279.81818181818,16950.73
E05015986,Daventry North East,2,26934,24287.5,29628.5,17845,24461.5,24185.5,11662.5,33351,22506.75
E05015987,Daventry North West,4,21235,19536.5,19655.5,14728,19388.5,18886.5,16643.5,30517.25,23580.38
E05015988,Daventry South,10,15281.1,14939.5,14634.6,7729.5,14501.9,14805.5,20711.9,26795.2,23753.55
E05015989,Deanshanger & Paulerspury,7,24356,25599.14285714286,26640.85714285714,21192.285714285714,27152.85714285714,23551.85714285714,5938.571428571428,21980.285714285714,13959.43
E05015990,Duston,10,25390.4,23871.2,24253.3,18964,22165.2,22458.8,17884.2,28018.3,22951.25
E05015991,"Far Cotton, Delapre & Briar Hill",10,15263.9,14388.9,17060.6,10136.5,15361.7,8996.3,23559.6,20197,21878.3
E05015992,Hackleton & Roade,5,23369.6,23680.2,23724,23453.8,26712.6,23685.4,4207,25146.2,14676.6
E05015993,Headlands,11,16899.18,15417.545454545454,15529.363636363636,14046.636363636364,15572.545454545454,12050.09090909091,23766.363636363636,19666.909090909092,21716.64
E05015994,Hunsbury,10,27343,24474.1,27500.8,21926,25462.6,25558.1,16856.4,28287.7,22572.05
E05015995,Kingsley & Semilong,9,11063.33,11978.444444444445,12622.666666666666,7990.444444444444,11394.222222222223,8567.111111111111,26192.333333333332,9554.888888888889,17873.61
E05015996,Kingsthorpe North,10,23285.4,23158.6,21692.8,16148.9,21260.1,18918.6,24593.4,20398.3,22495.85
E05015997,Kingsthorpe South,6,11900.83,10392.333333333334,12635.5,7745.333333333333,12918.833333333334,8443.166666666666,24786.666666666668,16549.333333333332,20668
E05015998,Long Buckby,5,24418.4,26752.2,27209,23709,27883.4,21638.2,8340.8,16151.2,12246
E05015999,Middleton Cheney,7,24301,26837.14285714286,28259,23604.14285714286,27294.714285714286,28740.571428571428,4638.857142857143,17570,11104.43
E05016000,Moulton,7,26756.14,24622.428571428572,27548.428571428572,23418.85714285714,24865.14285714286,23030.714285714286,13898.857142857143,23866,18882.43
E05016001,Naseby,2,19445.5,25811.5,24305,20079.5,26777.5,22497,3312.5,7931.5,5622
E05016002,Nene Valley,9,28167.67,27008.222222222223,26908.555555555555,25770,25945.222222222223,27162.555555555555,13815,29057.444444444445,21436.22
E05016003,Parklands,2,26973,23778,25831.5,17064.5,25496,26579,21360,24518.5,22939.25
E05016004,Rural North East,3,23738.67,27515,29086.333333333332,27855.333333333332,31874.333333333332,26003.666666666668,3596.3333333333335,10548.666666666666,7072.5
E05016005,Rural South Northamptonshire,6,22254.83,27817,29870,28328,30490.666666666668,30025.5,2471.6666666666665,9811.166666666666,6141.42
E05016006,Talavera,7,9865.14,8737.42857142857,10902.857142857143,5472.285714285715,13026.857142857143,8183.285714285715,11460.142857142857,23576.85714285714,17518.5
E05016007,Towcester,7,25165,23865.714285714286,26702.85714285714,22698,26028,22691.428571428572,15587.42857142857,24547.714285714286,20067.57
E05016008,Upton,6,20263.17,16981.166666666668,22886.333333333332,19452.833333333332,15895.166666666666,13862.833333333334,14459.333333333334,31900.166666666668,23179.75
E05016009,Weston Favell & Abington Vale,7,25361,25611.571428571428,24078,23137.714285714286,25160,18032.428571428572,25559.714285714286,18989.571428571428,22274.64
E05016010,Woodford & Weedon,6,21375.17,23570.333333333332,23664.666666666668,18590.666666666668,25452.666666666668,24606,4941,17371.833333333332,11156.42
E05016011,Abbey,4,25685,22766.25,23066,27229.75,19441.5,22713.25,28257.75,17530.75,22894.25
E05016012,Albrighton,3,22881.33,22276.333333333332,20850.666666666668,20275,21751,28245.666666666668,12734,18764,15749
E05016013,Bagley,3,26717.33,24461.333333333332,22809,21778.666666666668,20688,23797.333333333332,23632.333333333332,28958.666666666668,26295.5
E05016014,Battlefield,3,21549.67,22767,24248.333333333332,12218,18753.666666666668,16498,15425.666666666666,27233.666666666668,21329.67
E05016015,Bayston Hill,3,26151,25476.333333333332,21434.333333333332,25346,21336.666666666668,29105,13249,27860.333333333332,20554.67
E05016016,Belle Vue,3,23746,22264.333333333332,22369.333333333332,25385.333333333332,19535,21273,29861.666666666668,9001.666666666666,19431.67
E05016017,Bicton Heath,2,20448,20948.5,16475,23896.5,14429.5,15966,12284.5,27383.5,19834
E05016018,Bishop's Castle,1,9614,13427,7905,12179,13886,26347,5321,2325,3823
E05016019,Bridgnorth Castle,3,26048,25206.666666666668,20781.333333333332,26222.333333333332,22120,24503,25027.666666666668,17116.666666666668,21072.17
E05016020,Bridgnorth East,3,17978.33,17841.666666666668,17241.666666666668,14598,21095.333333333332,20594,15922,12072.333333333334,13997.17
E05016021,Bridgnorth South & Alveley,2,17077.5,19667.5,19148,15035,20418,29165,4046,13675,8860.5
E05016022,Bridgnorth West & Tasley,3,19750,18466.333333333332,18850.333333333332,16350.666666666666,20738,26215.333333333332,15059,18910,16984.5
E05016023,Broseley,4,16140.5,16277.5,15255,12753.25,19877,22384.25,5593.5,20109.25,12851.38
E05016024,Brown Clee,2,14201,23689,25822.5,22671.5,29162.5,31401.5,132,1026,579
E05016025,Burnell,3,17949.33,27129.666666666668,28057.333333333332,24816,27244,30303,1132.3333333333333,4299.666666666667,2716
E05016026,Castlefields & Ditherington,3,10708,10866.666666666666,9987.666666666666,6679.333333333333,10143.666666666666,7601.333333333333,27031.666666666668,21215,24123.33
E05016027,Cheswardine,2,16300,22805,20684.5,19867,22241.5,29522,663,8072.5,4367.75
E05016028,Chirbury & Worthen,3,13612.33,22913.666666666668,22419.666666666668,21510,27107.333333333332,28887,40.333333333333336,2417.3333333333335,1228.83
E05016029,Claverley & Worfield,2,13087,24508.5,27588,21107.5,28078,28632.5,99.5,305,202.25
E05016030,Clee,3,14760.33,19548.666666666668,22015,16578.666666666668,25321.666666666668,31366.333333333332,3354.6666666666665,5128.333333333333,4241.5
E05016031,Cleobury Mortimer,2,14749,16829.5,17243,16778,19947,20463,8130,2875,5502.5
E05016032,Clun,3,12584,20821,23233.666666666668,21296.666666666668,27692,31926.333333333332,197.33333333333334,623.3333333333334,410.33
E05016033,Column & Sutton,3,17851,18413.666666666668,13971.666666666666,15784.333333333334,12744.666666666666,22445.333333333332,19060.333333333332,27059.333333333332,23059.83
E05016034,Copthorne,3,31838,29831.333333333332,30386,31089.666666666668,26112.333333333332,31882,20908,25165.666666666668,23036.83
E05016035,Corvedale,2,12877.5,21177,25076.5,20965.5,26169,30171,127.5,880.5,504
E05016036,Craven Arms,3,11088.67,15596.333333333334,15250,8987.333333333334,16849.333333333332,20871.666666666668,4676,10607.666666666666,7641.83
E05016037,Ellesmere Urban,3,18292,18187.333333333332,18711,15897.666666666666,20149,20702.666666666668,9892.333333333334,19196,14544.17
E05016038,Harlescott,2,6664,5769.5,5128.5,4076,6861,11233.5,16728,28391,22559.5
E05016039,Highley,2,13562.5,14706,13418,7987.5,20116.5,20097.5,4615,17418,11016.5
E05016040,Hodnet,4,14019.25,24441.25,24412,13861.25,18854.25,26596,578.5,6081,3329.75
E05016041,Llanymynech,3,15983.67,22254.333333333332,22943.666666666668,18808.666666666668,24558,29879.333333333332,1381,3931.3333333333335,2656.17
E05016042,Longden,4,17361.25,22249.25,20557.5,19547,20967.5,22525.75,1628.5,16047.25,8837.88
E05016043,Loton,2,17941,17610.5,26656,21409.5,21645,28964,2293,8194.5,5243.75
E05016044,Ludlow East,3,11635.67,10860.333333333334,9744,10048.666666666666,9606.666666666666,16954.333333333332,15900.666666666666,19010.333333333332,17455.5
E05016045,Ludlow North,3,18951,19759.333333333332,16639.666666666668,20804.666666666668,17504.333333333332,19188.333333333332,18412.333333333332,11712.666666666666,15062.5
E05016046,Ludlow South,3,16792,19177.666666666668,16900,18372,19892.333333333332,26205,7660.666666666667,15346.333333333334,11503.5
E05016047,Market Drayton East & Rural,3,17954,19804.333333333332,17049.666666666668,17112.666666666668,19407,20231.333333333332,14633,14981,14807
E05016048,Market Drayton North,2,18590.5,16426.5,16640.5,12535,16617.5,21235,18744.5,22693,20718.75
E05016049,Market Drayton South,3,17861,17366.333333333332,15350.666666666666,11355,17507.666666666668,20239.333333333332,15314.333333333334,25251.333333333332,20282.83
E05016050,Meole,2,18007,16863,17880.5,16577,16493,14702,20102.5,25765.5,22934
E05016051,Monkmoor,3,13513.67,13535.666666666666,10977.666666666666,8498,10836.333333333334,17510,19671.666666666668,27519.666666666668,23595.67
E05016052,Much Wenlock,2,18740,20363,20911.5,17374.5,22616.5,25465.5,6251,7898.5,7074.75
E05016053,Oswestry North,3,14951.67,14154,12901,11987.666666666666,11873.333333333334,17833,25240.333333333332,18086,21663.17
E05016054,Oswestry North East,3,17680.67,14439,14416,12951.666666666666,14562.666666666666,23047.333333333332,21238,27997.666666666668,24617.83
E05016055,Oswestry South,3,18352.67,18429.333333333332,16664.666666666668,16028.333333333334,18826,16725.333333333332,27921,8148,18034.5
E05016056,Oswestry South East,2,11225,10288.5,10189,3865.5,11324,17258,18707,30955,24831
E05016057,Oteley & Reabrook,1,29243,24057,26077,23677,25285,25821,22693,33010,27851.5
E05016058,Porthill,2,25196,26098.5,24868.5,27596.5,22902.5,21956,31134,7319,19226.5
E05016059,Prees,3,13407.33,19479.333333333332,18214,17937,20679.333333333332,26044,895.3333333333334,4439.333333333333,2667.33
E05016060,Quarry & Coton Hill,3,14158.67,19213.666666666668,16951,19469.333333333332,8989,6181.333333333333,29070.333333333332,8070.666666666667,18570.5
E05016061,Radbrook,4,30010,26717,26782.5,28080.5,24812.5,28523.5,18968.25,32310,25639.12
E05016062,Rea Valley,2,16185,15443.5,16443,19788,14347.5,24646,3962,18361,11161.5
E05016063,Ruyton & Baschurch,2,22234,22971,25624,24779,25185.5,29329.5,3086.5,19837,11461.75
E05016064,Selattyn & Gobowen,3,16001.33,18809,16039.666666666666,14960,15155,24846.666666666668,7467.333333333333,16269,11868.17
E05016065,Severn Valley,2,14605.5,17803,17010.5,20144,16762.5,25022.5,2980,10012.5,6496.25
E05016066,Shawbury,2,16851.5,20456,22233.5,14385.5,20743.5,27940.5,1906,15384,8645
E05016067,Shifnal North,3,19555.67,17885.666666666668,18476,19709.666666666668,18206,18740,9702,25093,17397.5
E05016068,Shifnal Rural,3,20163.33,27508,28459,24944.666666666668,27001.666666666668,27208,2492.3333333333335,4930.333333333333,3711.33
E05016069,Shifnal South,2,25704.5,23786,25697,28261.5,24592,19834.5,9742.5,23965.5,16854
E05016070,St Martin's,6,16340.83,20013.5,19142.666666666668,13771.833333333334,23206.833333333332,27188.666666666668,3704,14289.666666666666,8996.83
E05016071,St Oswald,3,16836.33,22378.333333333332,20283,19226.666666666668,21023,28051.333333333332,4752,12255.666666666666,8503.83
E05016072,"Stottesdon, Kinlet & Hopton Wafers",2,12907,25139,23795.5,20116.5,26127.5,30851.5,311,261.5,286.25
E05016073,Sundorne & Old Heath,3,11761.33,10892.333333333334,11371.666666666666,6700.333333333333,12050.666666666666,10687.333333333334,21799,21205,21502
E05016074,Tern,3,18655,25022,25311.333333333332,21277.666666666668,21415,26407.666666666668,932,11344.333333333334,6138.17
E05016075,The Meres,2,16425,23323.5,21802.5,26790,23643.5,29976,152.5,7658.5,3905.5
E05016076,The Strettons,2,22835.5,21668.5,18520,26127.5,24099,26107.5,10678.5,15713.5,13196
E05016077,Underdale,3,14871,13272,12333,14795,11973.333333333334,15605,22384,20159,21271.5
E05016078,Wem,6,15825,19593.333333333332,17698.833333333332,17742.333333333332,18536.5,21961.5,6400.166666666667,15065.333333333334,10732.75
E05016079,Whitchurch North,3,17333.67,15560.666666666666,16070.333333333334,14181.333333333334,17829.666666666668,15789.333333333334,19504.666666666668,17570.333333333332,18537.5
E05016080,Whitchurch South,2,15958,16448.5,14949,19007,18046.5,22927.5,10977,14767.5,12872.25
E05016081,Whitchurch West,2,16798.5,14934,13967.5,14066.5,14934,19615,16914.5,20650.5,18782.5
E05016082,Whittington,3,17839,19353.333333333332,18272.666666666668,19303.333333333332,19444.333333333332,26398.333333333332,3428.6666666666665,16882,10155.33
E05016083,Alnwick Castle,2,24132.5,23791,22948,18365.5,18658,26667,24548,22928.5,23738.25
E05016084,Alnwick Hotspur,3,16054,16599,14260,13963.333333333334,11056,11380.666666666666,27155.666666666668,21838,24496.83
E05016085,Amble,3,8624.33,9762,7665.666666666667,6022.333333333333,7481.333333333333,10463.666666666666,13821.333333333334,24106.333333333332,18963.83
E05016086,Amble West with Warkworth,2,24709.5,26014.5,22779,25215,19380,22659,12374.5,22740.5,17557.5
E05016087,Ashington Central,3,4803.33,5883.333333333333,4170.333333333333,6121,4699.333333333333,2675.3333333333335,30147.333333333332,14870.333333333334,22508.83
E05016088,Bamburgh,3,15606,21101,20585.333333333332,12734,19634,26410.333333333332,4347.333333333333,4470.333333333333,4408.83
E05016089,Bebside & Kitty Brewster,3,22349.67,22546.333333333332,21915,19512.333333333332,12257.333333333334,14058.333333333334,27865.666666666668,29511,28688.33
E05016090,Bedlington Central,4,13212.75,15296.75,11602.75,12012.5,7958,5450.75,32230.25,22978.5,27604.38
E05016091,Bedlington East,4,7718.5,9439,5610,7767.5,5347.25,6208.25,28833.25,20193.5,24513.38
E05016092,Bedlington West,3,23070,22404.666666666668,20028,19040.666666666668,16843.333333333332,21856.666666666668,26832.666666666668,30954.666666666668,28893.67
E05016093,Bellingham,2,12003.5,18354.5,17964.5,18057,20991.5,25798,880.5,1549.5,1215
E05016094,Berwick East,3,9679,10754,9257.333333333334,6326.666666666667,8460,11729.666666666666,17903.666666666668,15143.666666666666,16523.67
E05016095,Berwick North,3,15819,18110,14602,13963,14743.666666666666,12180.666666666666,21069.333333333332,13027.666666666666,17048.5
E05016096,Berwick West with Ord,3,16416,16802.333333333332,15308,10569.666666666666,12718.666666666666,23378.333333333332,13918,23344.333333333332,18631.17
E05016097,Bothal,3,19995.33,20013,16374.333333333334,23215.333333333332,12450,14565,23799.666666666668,25535.666666666668,24667.67
E05016098,Choppington & Hepscott,3,14229,12774.666666666666,12392.333333333334,15022.666666666666,11825.666666666666,13873.666666666666,15911.666666666666,23742.333333333332,19827
E05016099,College with North Seaton,3,6732.67,7695.333333333333,5298,8059,3444,4811,26330.666666666668,21600.666666666668,23965.67
E05016100,Corbridge,3,25280.33,26387,21595,27864.333333333332,20177,25766.333333333332,14770,18458,16614
E05016101,Cowpen,4,3486.5,4190.5,2529.75,3583.5,1404,5144.75,31447.75,24466.25,27957
E05016102,Cramlington East & Double Row,4,9712.5,12287.75,7932.75,9133.25,4619.75,8207.25,28764.75,22102.5,25433.62
E05016103,Cramlington Eastfield,3,22600.67,22582.333333333332,20946,20198.666666666668,14640,18535.333333333332,27692,25437,26564.5
E05016104,Cramlington North,4,32994,32933,31584.75,31404.5,23393.75,33153.25,25576.75,31989.75,28783.25
E05016105,Cramlington North West,1,29566,28092,28087,28665,17667,16660,32871,29671,31271
E05016106,Cramlington South East,3,23794.67,24231.666666666668,20079.333333333332,21036,13058.333333333334,21498.333333333332,30719,23938,27328.5
E05016107,Cramlington South West,2,9748.5,7972,7736.5,6211.5,7237.5,19932,24004,26240.5,25122.25
E05016108,Cramlington Village,3,18078.67,19528.333333333332,16089.666666666666,18242.333333333332,11833.333333333334,11180,32809.666666666664,20588,26698.83
E05016109,Croft,4,2855.25,4448.5,2667.5,4259,2585,1541.5,32918.75,10079.25,21499
E05016110,Druridge Bay,3,13519.33,20319,15746,9392,9553.666666666666,15463.666666666666,5300.333333333333,22921.666666666668,14111
E05016111,Haltwhistle,4,11787.75,15224.25,13409.5,11144,11618.5,20624.25,10255.5,9068.5,9662
E05016112,Hartley,3,19841.33,20076.333333333332,16186.666666666666,20172,14934.666666666666,17440.666666666668,17054.333333333332,20819,18936.67
E05016113,Haydon,3,18391.67,18023.666666666668,15257,15830,10099.666666666666,20640,26623.333333333332,26753,26688.17
E05016114,Haydon & Hadrian,2,14581.5,21364.5,20409.5,20098.5,20748,27561.5,3725.5,905,2315.25
E05016115,Hexham East,3,17718.67,15406.333333333334,14556.333333333334,16875.333333333332,13998,17851,30036.333333333332,21768.666666666668,25902.5
E05016116,Hexham North,1,16771,16703,14290,20530,14096,17546,13218,12207,12712.5
E05016117,Hexham West,3,30269.67,28825.666666666668,27065,31318.666666666668,25124.333333333332,30715.666666666668,24055,22604.666666666668,23329.83
E05016118,Hirst,4,837.5,1550.75,459.75,3625.75,701,498,29067,9181.75,19124.38
E05016119,Holywell,4,14924,15827.25,11501.75,16642.75,9371.75,13132.5,23163.25,20089,21626.12
E05016120,Humshaugh,4,15053,23374.25,24524.5,27127,20611.25,32286.25,810.5,1365,1087.75
E05016121,Isabella,4,3682.5,4377.25,2011.75,5722.75,2447.5,3077,32861.25,19113.5,25987.38
E05016122,Longhirst,2,13768,15674,12614.5,17732.5,8971.5,15186.5,6307.5,27289,16798.25
E05016123,Longhorsley,3,20725.33,29800.333333333332,28713.333333333332,28179.333333333332,27430.666666666668,28531.666666666668,1140,9451.333333333334,5295.67
E05016124,Longhoughton,3,21694.33,25827.666666666668,26527.333333333332,19818,24923.333333333332,29701,3244.6666666666665,15351.333333333334,9298
E05016125,Lynemouth,3,12886,16637,11252,11060.333333333334,8494.333333333334,13004.333333333334,9351.333333333334,26011.666666666668,17681.5
E05016126,Morpeth Kirkhill,3,24491.33,24940.333333333332,17283.333333333332,26753.666666666668,16546,27563,24559.333333333332,31285,27922.17
E05016127,Morpeth North,4,20714.75,23913.25,16787.75,29320.5,14441.5,14962.5,27660.5,19964.25,23812.38
E05016128,Morpeth Stobhill,2,18871.5,18506,16367,17619,13864.5,16820,20805.5,28119,24462.25
E05016129,Newbiggin-by-the-Sea,4,4916,8516.25,4132,3539,3336.75,6005.25,16246.5,17518.25,16882.38
E05016130,Newsham,3,10898.67,11315,9425.666666666666,9215.333333333334,7074,8794.333333333334,26751.333333333332,22720.333333333332,24735.83
E05016131,Norham & Islandshires,3,11848,20173.666666666668,17077,16042.333333333334,18503.333333333332,24276.333333333332,1052.6666666666667,1852.6666666666667,1452.67
E05016132,Pegswood,2,16143.5,16208.5,14604,17160.5,14709,17684,7579,25484.5,16531.75
E05016133,Plessey,2,29826,28687.5,25316,25540,19792.5,30597,28937.5,27135,28036.25
E05016134,Ponteland East & Stannington,3,29056,30685.333333333332,29286.666666666668,30415.666666666668,29272.333333333332,24912,12846.333333333334,22703.333333333332,17774.83
E05016135,Ponteland North,2,24334.5,24189,21728,24343,19798,25247.5,16010.5,31329.5,23670
E05016136,Ponteland South with Heddon,2,30467,31401,28303.5,32082,27041.5,32937.5,10937.5,27084,19010.75
E05016137,Ponteland West,3,26947.33,31143.333333333332,32072.333333333332,31064,29353,31135.666666666668,4407.666666666667,23026,13716.83
E05016138,Prudhoe North & Wylam,2,24445.5,25429,21909.5,28472,22191.5,25056,11119.5,16939.5,14029.5
E05016139,Prudhoe South,3,15756.67,14843.333333333334,12498.333333333334,15487.666666666666,11965.333333333334,12268,21873.333333333332,26096.333333333332,23984.83
E05016140,Prudhoe West & Mickley,3,24165,20813.666666666668,20308.333333333332,24283,18806,27233.666666666668,18994,22771,20882.5
E05016141,Rothbury,3,18006.33,23205.333333333332,20310.666666666668,24230.666666666668,22244.666666666668,26598,3909.3333333333335,5164.333333333333,4536.83
E05016142,Seaton with Spital,1,27734,22250,25797,22750,20148,27145,20735,33659,27197
E05016143,Seghill with Seaton Delaval,3,12242.67,13405.666666666666,8832,13041.333333333334,7820,10828.666666666666,18919.666666666668,25363,22141.33
E05016144,Shilbottle,2,17294,22395,21766,18288,21564.5,29004.5,2678.5,9331,6004.75
E05016145,Sleekburn,3,6969,9262,7030.666666666667,7901.333333333333,4039.6666666666665,6497.333333333333,18790.333333333332,9635.666666666666,14213
E05016146,South Blyth,3,28581.67,29023.333333333332,27529.666666666668,27460.333333333332,18165,21585.333333333332,25695,29451.666666666668,27573.33
E05016147,South Tynedale,4,15859.5,24984.75,24955.25,27646.5,22940.75,31616,1025,2250.25,1637.62
E05016148,Stakeford,3,19619,20718,17266.666666666668,16823,11751.333333333334,18400,23927.666666666668,24047.666666666668,23987.67
E05016149,Stocksfield & Bywell,3,24615.67,28601.333333333332,26304.666666666668,31930,24039,29563,6860,12654,9757
E05016150,Wensleydale,2,12247,12457,8202.5,19753,7107,10573.5,33091.5,13344,23217.75
E05016151,Wooler,2,13908,19429,19385.5,15426.5,22262.5,25674.5,4777.5,10738.5,7758
E05016152,Annfield Plain & Tanfield,7,7219.29,9330,5547,8111.714285714285,4170.571428571428,12371,12550,15867.42857142857,14208.71
E05016153,Aycliffe North & Middridge,8,15431,16305,13138.5,17075.5,7980.125,16089.75,11448.625,31426.125,21437.38
E05016154,Aycliffe South,11,6380.73,7270.090909090909,5015.272727272727,8013.454545454545,3081.6363636363635,8815.90909090909,14351.454545454546,25394.454545454544,19872.95
E05016155,Barnard Castle,3,20375.67,21121.666666666668,18045,18861,10445.333333333334,25749.333333333332,22178.333333333332,21396,21787.17
E05016156,Belmont,7,21566.14,21586.85714285714,18855.85714285714,21338.85714285714,12063.857142857143,17980.14285714286,29192,24572,26882
E05016157,Benfieldside,6,16363.33,16565.333333333332,12656.166666666666,17816.5,10597.666666666666,22067.333333333332,20965.166666666668,19809,20387.08
E05016158,Bishop Auckland,11,7090.09,9547.181818181818,6101.090909090909,9375,3456.181818181818,5805.363636363636,25412.909090909092,16047.272727272728,20730.09
E05016159,Blackhalls & Hesledens,3,4174.33,7922.666666666667,2477.3333333333335,5703.666666666667,1666.6666666666667,3798,21462.333333333332,12209.333333333334,16835.83
E05016160,Bowburn & Coxhoe,9,11169.67,12364.333333333334,9679.888888888889,15036.333333333334,6414.666666666667,10692.777777777777,10505.666666666666,22568.777777777777,16537.22
E05016161,Brandon,8,11956.38,13348.875,10173.375,14049,5494.75,10435.25,16780,24297.875,20538.94
E05016162,Castle Eden & Passfield,4,15819.5,19050.5,13265.5,18254.5,9985.75,15019.5,15772,23323.5,19547.75
E05016163,Chester-le-Street North,6,12487.17,14371.666666666666,10176.5,14603.166666666666,8166.666666666667,8904.5,30065.666666666668,14783,22424.33
E05016164,Chester-le-Street South,7,19591.57,20043.85714285714,17081.428571428572,20120.85714285714,12607.714285714286,18579.428571428572,23066.428571428572,27271.428571428572,25168.93
E05016165,Chilton,3,8315,12700.333333333334,9877,9453.333333333334,3406.6666666666665,7181.333333333333,5813,21939,13876
E05016166,Consett North,3,11151,12389,9463.333333333334,13341.333333333334,5532,14219.666666666666,31740,9250.333333333334,20495.17
E05016167,Consett South,4,10207,10680.25,9232.5,10216.25,7053,14708.25,11066.75,22772,16919.38
E05016168,Craghead & South Moor,7,3971.57,5749.714285714285,3355.1428571428573,5560.857142857143,2283.1428571428573,3096.714285714286,16932.428571428572,15035.285714285714,15983.86
E05016169,Crook,8,8963.75,10937,7027.5,11330.25,6040.75,9523.625,18114.375,15959.25,17036.81
E05016170,Dalton & Dawdon,8,6539.5,7867.25,4766,7827.75,3194.25,11250.375,21322.625,16751.625,19037.12
E05016171,Deerness,7,10019.71,12623.142857142857,9034.142857142857,10752.285714285714,6261.857142857143,13322.42857142857,13542.57142857143,17417,15479.79
E05016172,Delves Lane,5,13755.8,14936.4,12168.8,12407.4,7049.2,14004.6,22644.8,24444.2,23544.5
E05016173,Derwent & Pont Valley,11,14045.45,16116.636363636364,11830.818181818182,16484.363636363636,9429.90909090909,19394.454545454544,11575.272727272728,15806.09090909091,13690.68
E05016174,Easington & Shotton,10,7295.8,8919.8,5899.1,9990.6,3529.1,7882.1,15848.1,19057.7,17452.9
E05016175,"Elvet, Gilesgate & Shincliffe",7,19026.29,25254,22970.285714285714,19827.571428571428,12248.142857142857,10836,24784.571428571428,17107.14285714286,20945.86
E05016176,Evenwood,3,5958,12491,10022.666666666666,9552.333333333334,8361.333333333334,16075,1597.6666666666667,3786.6666666666665,2692.17
E05016177,Ferryhill,8,5541.75,6716,4625.75,8013.375,3537.875,6101.875,14396,14297.375,14346.69
E05016178,Framwellgate & Newton Hall,9,25686.78,25693.222222222223,21096.222222222223,26333.777777777777,14763.444444444445,25398.11111111111,29273.555555555555,25100.777777777777,27187.17
E05016179,Horden & Dene House,8,3392.5,5559.5,2229.375,5739.5,1145.5,3015.375,30417.375,17129.625,23773.5
E05016180,Lanchester & Burnhope,4,17198.75,19174.25,15489.25,20932,13697.75,21010,7355.25,19809.25,13582.25
E05016181,Langley & Esh,3,12649.33,16740,12361.666666666666,12958,9347,13342,7158.666666666667,13279.333333333334,10219
E05016182,Lower Teesdale,4,15102.5,18617.25,16911.5,20105.75,14961.75,20398,6599.5,6846.75,6723.12
E05016183,Lumley & West Rainton,7,13361.57,14686.857142857143,10781.42857142857,15328.857142857143,7455.714285714285,12296.285714285714,18848,23220.285714285714,21034.14
E05016184,Murton,7,7768.29,9858.857142857143,6212,10190.57142857143,3374,7426,18494.714285714286,21635.85714285714,20065.29
E05016185,Neville's Cross,5,32864.2,33545,33510,33601.6,31265.8,30145.8,28409.8,19354.2,23882
E05016186,North Lodge,3,28421.33,26567.333333333332,25783,29018,19472.333333333332,23866.666666666668,28567.333333333332,22103,25335.17
E05016187,Pelton,9,14703.44,16398.222222222223,13161.333333333334,14475.777777777777,8644,14866.777777777777,17137.666666666668,22705,19921.33
E05016188,Peterlee,10,4257.2,5028.9,3060.4,5606.5,1794.6,4409.3,28689.9,22555.8,25622.85
E05016189,Pittington & Sherburn,3,14988.67,16884.333333333332,14169.333333333334,18495.666666666668,9753.333333333334,15092,7842,25104.666666666668,16473.33
E05016190,Sacriston & Witton Gilbert,6,12278.83,14277.166666666666,11614.833333333334,12514.5,6992.5,11165.5,15731.333333333334,21949.666666666668,18840.5
E05016191,Seaham,7,15502.29,16772.428571428572,12981.57142857143,17444.571428571428,8238.857142857143,16875.285714285714,22189.571428571428,20717,21453.29
E05016192,Sedgefield,6,18168.83,19641.333333333332,16987.333333333332,23949.5,11716.333333333334,17994.666666666668,10778.666666666666,20041.333333333332,15410
E05016193,Shildon & Dene Valley,11,4398.36,7029,4159.090909090909,6076.909090909091,3263.818181818182,4748.727272727273,9115.90909090909,13375.09090909091,11245.5
E05016194,Spennymoor,6,12455.5,13105.666666666666,10680.5,14328,7552.666666666667,9201.666666666666,26296.333333333332,23117.166666666668,24706.75
E05016195,Stanley,6,6916,7900.833333333333,5631.833333333333,10005.833333333334,3636,6615.833333333333,24916.833333333332,14508.666666666666,19712.75
E05016196,Thornley & Wheatley Hill,4,5720,7504.5,3945,7718.75,2705.5,6147,16148.25,24234.25,20191.25
E05016197,Trimdon & Wingate,7,6873.14,8358,5366.714285714285,8971.714285714286,3854.285714285714,8013,12843.42857142857,19170.85714285714,16007.14
E05016198,Tudhoe,7,14296.57,14910.142857142857,12277.285714285714,12982.714285714286,9002,14201.857142857143,26132.571428571428,21862.714285714286,23997.64
E05016199,Upper Teesdale,3,13419,25326.666666666668,23446.333333333332,22686.333333333332,17606,25769.333333333332,727.3333333333334,1228.6666666666667,978
E05016200,Weardale,7,10579,16538.428571428572,12316,15077.42857142857,10370.42857142857,19647.714285714286,4525.285714285715,5411.428571428572,4968.36
E05016201,West Auckland,8,12303.25,15377,11759.125,11820,8163,14622.25,11695.625,20894.375,16295
E05016202,Willington & Hunwick,6,9276.83,11684.333333333334,7440,13068.5,6613.166666666667,9673.833333333334,13596.666666666666,16324.166666666666,14960.42
E05016203,Avondale Grange,4,5616,5437.25,4912.25,3807,5439.75,5334,28685.25,18242,23463.62
E05016204,Barton Seagrave & Burton Latimer,8,22943.62,19807.125,20719.5,16894.75,19986.5,21776.625,20319.25,28810.5,24564.88
E05016205,Brickhill & Queensway,11,10149,9940.363636363636,8944.363636363636,7091.636363636364,9932.181818181818,8553,25310.545454545456,20934.81818181818,23122.68
E05016206,Corby West,9,12345.67,12500,12492.444444444445,4401.444444444444,10402.666666666666,13902.222222222223,26114,23952.88888888889,25033.44
E05016207,Croyland & Swanspool,7,11530.71,11243.714285714286,12470.714285714286,6972.571428571428,9898.42857142857,9305.57142857143,27222.571428571428,21083.14285714286,24152.86
E05016208,Desborough,10,20670,21646.1,20328.4,15259.3,19332.7,21070.5,12984.3,23783.3,18383.8
E05016209,Earls Barton,6,24496.33,23687.166666666668,24507.166666666668,22000.833333333332,23331.666666666668,23634.333333333332,12827.5,19553.166666666668,16190.33
E05016210,Finedon,3,15240.33,15488,14525.333333333334,10129.333333333334,15074.333333333334,11952.333333333334,18297.666666666668,20078.666666666668,19188.17
E05016211,Geddington & Stanion,4,22296.75,23498.75,21510.75,22875.5,23144.5,21812,7134.75,20213,13673.88
E05016212,Gretton & Weldon,5,25628.6,24382.4,27934.8,21697.4,20530,25077,9865.8,29049.2,19457.5
E05016213,Hatton Park,10,21757.7,20609.1,20732.2,14885.5,19708.2,19863.2,22318,25858.7,24088.35
E05016214,Higham Ferrers,5,23256,20995.6,23735.2,17352.4,19960.2,18375.2,25236,22972,24104
E05016215,Irchester,7,21618.86,21677.571428571428,21501.571428571428,15858.857142857143,21159.14285714286,23419.285714285714,11216,20117.714285714286,15666.86
E05016216,Irthlingborough,5,18177.6,17389,16978.4,12570.6,13850.2,17384.8,20883.6,23751.2,22317.4
E05016217,Ise,6,27668.5,24212.166666666668,25998.333333333332,20266.666666666668,20424.166666666668,27689.666666666668,24669.333333333332,28672.166666666668,26670.75
E05016218,Kettering Central,6,6301.33,7491.833333333333,7533,6792.5,5612.333333333333,3384.1666666666665,30831.166666666668,6529.5,18680.33
E05016219,Kettering North,6,22388.33,20194.333333333332,20929.666666666668,18446,17035.666666666668,19804.666666666668,29223.5,19395.666666666668,24309.58
E05016220,Kingswood,10,7169.2,7554.3,7283.1,2459.9,7117.6,6220.3,26445,25512,25978.5
E05016221,Lloyds & Corby Village,8,9084.88,9276.75,8617.625,4495.875,7838.875,10678.375,29507.625,19834.125,24670.88
E05016222,Oakley,10,21303.3,18482.3,21077,14998.5,18624.1,19377.9,19274.2,29513,24393.6
E05016223,Oundle,8,24548.62,24498.125,24891,23510.25,26996.875,28235.25,10919.375,16569.125,13744.25
E05016224,Pemberton,6,18785.83,18047,18494,10872.833333333334,15038,16958.833333333332,28458.833333333332,20895.833333333332,24677.33
E05016225,Pipers Hill,3,16991,17595,14462.666666666666,11436.666666666666,15382.666666666666,12305,32146.666666666668,16739.333333333332,24443
E05016226,Raunds,8,21243.62,20835.75,21911.625,13503.875,18168.25,20358.75,14053.625,26784.375,20419
E05016227,Rothwell & Mawsley,9,18949.11,18993.11111111111,19520.11111111111,16880.11111111111,19462.777777777777,18481.555555555555,10965.111111111111,21071,16018.06
E05016228,Rushden Lakes,6,16371.83,14885.166666666666,15249,10410.833333333334,16170.333333333334,12381.5,29420.666666666668,20231.333333333332,24826
E05016229,Rushden South,5,26008.4,24560.8,24108.4,19663.2,21076.6,22017.8,26307.6,27063.4,26685.5
E05016230,St Michael,4,13750.25,12703.5,12358,13043.5,11622.5,13040.5,29287.75,15372,22329.88
E05016231,St Peter,3,29354,24105.666666666668,28216.666666666668,26186.666666666668,22896,24903.333333333332,28379.666666666668,24050.666666666668,26215.17
E05016232,Thrapston,8,22034.75,23455.375,25522.125,18840.375,24090.125,26185,5736.25,17428.875,11582.56
E05016233,Victoria,5,14154,12611.2,16351.8,7287.2,14521.6,12162.2,29270.4,14130.2,21700.3
E05016234,St Cleer & Menheniot,4,11754.25,18140,16051,18102,17684.5,28445,1076.75,2368.75,1722.75
E05016235,Liskeard Central,5,9703.8,8309.2,8116.6,9875.6,8213.6,12296.6,12118.2,24655.8,18387
E05016236,"Bromham, Rowde & Roundway",3,20164,20325,19499,18218.333333333332,23658.666666666668,25226.666666666668,9794,17394.333333333332,13594.17
E05016237,Calne Central,3,18974.67,15821.666666666666,15924,13735,16629.666666666668,17441,25245.666666666668,25890.333333333332,25568
E05016238,Calne North,3,18493.33,15326.333333333334,14935.333333333334,11262.333333333334,18963.666666666668,23453,23385,24978.666666666668,24181.83
E05016239,Calne Rural,3,21604.67,23250.333333333332,22788.666666666668,22606.333333333332,24933.666666666668,30007.666666666668,4409.333333333333,13151.666666666666,8780.5
E05016240,Calne South,2,31105.5,27813.5,28838.5,26745.5,27881.5,29807,23653,24763.5,24208.25
E05016241,Ethandune,4,19420.75,23120.75,20731.75,20958.25,22700,27354.75,4814.5,9387.75,7101.12
E05016242,Kington,3,22179.33,28013,28561,26376.333333333332,30870.666666666668,28229.333333333332,2563,6362,4462.5
E05016243,Westbury East,2,28461,25483,23737,21515.5,26044.5,29946.5,22579,28450.5,25514.75
E05016244,Westbury North,4,20903,16688.75,18558.75,16245.5,21419.75,21825.25,18888.75,22402.5,20645.62
E05016245,Penistone East,8,23699,24813.875,24485.125,27872.75,17100.875,24942,9998,17694.5,13846.25
E05016246,Stocksbridge and Upper Don,13,18103.08,19851.76923076923,17341.76923076923,20799.53846153846,14022.615384615385,17443.846153846152,10955.923076923076,20398.153846153848,15677.04
E05016247,Bradford-on-Avon North,4,27463.25,24984.75,21946.25,30078.5,23686,25852.75,22460.5,23717,23088.75
E05016248,Bradford-on-Avon South,3,24852.33,22583,20999.666666666668,25841,23990,24749,22471.333333333332,18953.333333333332,20712.33
E05016249,Brinkworth,3,22940,29362.666666666668,29156.333333333332,27589,31071,32478.333333333332,2296.6666666666665,5583.666666666667,3940.17
E05016250,Calne Chilvester & Abberd,3,16112.67,13287.333333333334,14277.333333333334,8526.333333333334,15588.666666666666,19003.333333333332,22843,28586.666666666668,25714.83
E05016251,Chippenham Hardens & Central,3,20038.33,18639,16817,16521,20552,19300,30890.333333333332,15634.333333333334,23262.33
E05016252,Chippenham Pewsham,4,30995,27553.75,27627.75,26020,25595.5,31183.5,24644.25,32227.5,28435.88
E05016253,Melksham Forest,4,13439.75,14070.5,11350.25,7264.75,13260,16248.75,17892,24037,20964.5
E05016254,Melksham South,3,23562,22658.333333333332,21021,18196,23437.666666666668,18823.333333333332,25924.333333333332,19139.333333333332,22531.83
E05016255,Royal Wootton Bassett South & West,3,25930,22311.333333333332,22890,23386.666666666668,21438.666666666668,24986.666666666668,25844,22444.333333333332,24144.17
E05016256,Salisbury Milford,4,17306.25,16319.25,14582.25,13430,13918.5,17192.25,30333.75,17782.25,24058
E05016257,Salisbury St Francis & Stratford,4,27170.5,25209,24408.75,26048.5,23994,24026.25,29689.25,24186.5,26937.88
E05016258,Southwick,2,24179.5,24576,25311.5,18059,25994.5,25368,12478.5,12576.5,12527.5
E05016259,Trowbridge Drynham,3,22763.33,18446,19731.666666666668,17326,20376.666666666668,19982.666666666668,28968.666666666668,25772.333333333332,27370.5
E05016260,Trowbridge Grove,3,21360.67,19323.666666666668,16514,16865,18821,20801.666666666668,24632.333333333332,24927,24779.67
E05016261,Trowbridge Lambrok,3,19481.33,17931,15324,13803.666666666666,20051.666666666668,19677.666666666668,24037,31061.333333333332,27549.17
